fef3db39-4842-409b-900a-e9de6b84ddf9,f2e61044-c206-41c1-80cc-5298971185cd,
da730daf-3be5-42a9-84e8-98c00c3510c6,038b7084-3f4f-4c71-a78e-89739d1fa160,
ff83084e-dca6-4fdd-8ef0-6da1c11de958,004805e4-d9c6-455e-97cc-fb1d35446489,
ebbb031b-20d0-4ded-97f7-cc61e6da69f8,8fc0560f-8530-45e5-9b1d-c71f4b734d6a,
401420dd-05c0-440e-a125-64f83d515fb6,c88d037b-18e4-4d3a-a86a-5e8937828200,
38f44ed8-9431-41c5-ae68-c01b0cfacad6,fe2a111e-f9c4-41f6-8ecf-f1e81b76c44a,
409e94e1-c104-4898-b989-10d2e585b190,c8b0d190-48c2-401d-b1ed-4e994d6c177c,
cd8e9fd5-68d7-4a85-a427-cc3264fbea1d,bf452bc1-04ca-45b7-aa49-51142b7dc7a7,
cb8429b4-71c6-43c7-9e50-d71805ede9fc,9837ceca-ae12-4607-a1ce-36fc930d02d7,
905e1b82-0b3d-4984-95c2-0dffc2a0a2a7,32e88ea6-8d60-475f-ad0e-d5b5c0de4241,
25feb458-fcce-4565-bd48-7794ab2f6ce2,75d8075e-eff9-4e1a-811f-ae159eefe50f,
6469a8d1-8122-45ea-a4b8-d4ff04e9a7de,9e68b3dc-348e-48db-8480-50047a685462,
cfd4cead-a66f-41d5-9939-eed0a8a24c47,160de115-ea2a-4031-a431-fad22b6113d8,
8a65a436-ace0-4ea2-8f4e-ca3077edb877,b0e96dd0-e423-4ac4-a499-6ca8988151d9,
682a1aa0-1dd1-4fc5-bd16-bf0f54976a9b,bdf7a276-30ca-4668-b893-f2930ff91af8,
1adef5f7-0b64-47d4-b040-cbf215e0b69b,0babeb62-b229-4eca-95a9-f33244ed3960,
63748595-f0ae-4bd2-8f90-68137da1da40,f22e7a68-39c5-444c-b0ea-56937b653e7c,
1afa8e4a-16bf-4eac-907a-53bacf9085f2,3ac8d11e-4df9-473a-bcd2-ee3238112913,
a76833da-506e-4863-8752-4e15ca649d1b,3e6443c0-f956-4844-b162-9b5e83045e02,
25b856c6-b7b9-4147-b199-2bfe249fd510,84bfa497-9fa4-4d7f-a086-1df736bdcca3,
723dd8a3-2057-4c3b-8f9f-7b9ea887187b,03e14cad-27d1-43ff-9e20-ca3621c0b4b3,
c33773d2-8262-46e7-bf82-d73ad542e099,d918fffb-d0d3-490d-b200-4efd15b83e52,
1543c59f-d715-42cc-9507-522efee00c23,2620434a-d778-4e66-ae43-f6dc380184fe,
c0a03f78-b187-4dd0-9bfa-3b4361f36761,6d226ef3-e8e0-4d65-9c11-350938a27aef,
a6bada1d-fc7c-4851-8de8-2b66e2287faa,8cd350aa-bdce-45b8-ba3c-6b12afe3ea13,
7e6dab41-4093-414b-965a-45f3769e08f4,d0722491-2089-405b-a896-3ddc6d2c1a0d,
1af3c71a-69d2-4db6-9de5-af0eec542828,6c69eebf-541e-44d5-b5ec-0d45af348329,
a7449a5a-cfb0-4abc-b4cb-8ef19145ef33,a3ac4896-78e2-4d70-8b7f-c3175d5d7fd9,
210cf707-7fae-4326-974c-c1a415984032,ded21355-2d73-47f5-8ecb-f6daaf96e1b4,
e512dbfe-2a76-4f65-886e-819b54f88dd8,281e63a6-3ad8-4629-a4be-0aa929df5881,
d32089b0-b9c5-47f7-9814-0bce10d9589d,895f618b-ec8c-4276-8c63-a2e8497c2e41,
b1a0838c-1534-40fa-bfe4-052c285ba53b,49faeafb-675e-474f-8bfb-1e67d8c8f2d6,
18382c01-e3bb-497c-8fd5-f0f364400301,440823df-dcc2-4a24-ab01-030bad99996b,
b0e24991-b32a-4465-9765-b5ce7b0431f5,1d6b18af-eb5a-43a8-a53d-98d56baf5132,
cae3625d-ffb4-4344-b8e7-ad54465e24f2,b442248a-7fbc-4a8c-9942-346a707b3e0d,
ca650c2b-00d6-48ea-93ab-5d9fcece269e,fad129ee-764f-40e7-93cd-61eb354142c4,
bff013cd-7f01-42d2-98dd-d0b11666a57b,6ac4fa14-f64c-4a53-8127-3bc08066b89b,
c3d07c1e-9613-49c0-b8e3-fea109241924,2f22ada6-464d-483b-ae82-635bc00971b4,
ff65a956-3456-4d05-8a3e-794d15907542,97d638fa-8af1-407d-80da-1054879ed1aa,
ca09b434-632d-4e8d-890c-8246ad556964,71237b0d-3fab-4546-83a6-3d7a912f0ec3,
97594cd4-6a55-46ce-b415-04bcff9a7616,19b80ddc-1cdd-4880-9d25-3dce78210777,
a3550073-607e-456f-8438-877e2f8d6488,ce1b0d0b-bc33-4297-80a9-bbc8dae06e29,
71ea1c9c-0bbc-4d97-a5c4-502c0265f593,e3d3568a-03c7-4ad7-945c-b2152fb11102,
3459f75a-3a98-4219-8e1f-0b49b47407d7,0646f80b-2534-4b12-8e1e-661c669f53b9,
4a412ebc-018a-402c-a8ac-90e8539b14db,44cf881c-bf4c-4cb0-a709-ecc4b2fdc184,
eaee7274-f031-47d6-81ed-4b8c5b64ae9d,8a62da30-3b30-47e1-8d1f-e12b2c1acd2f,
4b759aac-6a6b-41de-89f4-1226ff9719eb,1958722d-57a5-4c33-98d1-c66740cd159b,
921c103f-326e-498d-89f5-97dfcb87c054,bc272b7f-5ce8-4eec-8834-cd304bd92a3d,
f072b139-5b05-409a-ac02-b2e33d418c58,83701cdf-684e-4d11-b4c2-65c8761a7e37,
e8405cc3-5344-454e-8b6e-7ec7e5300300,4af9a93a-b4ac-4464-b90e-ba99172e7e89,
d29830be-3fa0-4660-98ce-26b51ace8f2b,ac323d8c-5d4a-464f-b6bd-6d50fcb88c05,
ebd27d49-b7df-4869-a086-42aae4b990e9,be50b117-3366-4067-8542-658c94bab081,
f18e6aaa-4372-4662-9dc4-3483627463fc,52df2772-9759-49b5-aa68-cbdf9c011cf4,
3372238a-73cf-42a9-8e3f-a58b9da74e6b,129e8276-2f9d-4324-9dd7-6a86d33ab06c,
1f5e3d71-5568-4126-af50-8ff006732e07,89d70924-ad09-4fc5-8b45-f3bd1f708a21,
c8050bfb-ad12-489d-beb6-ff0b38051494,c140745e-3319-46a4-8bf1-87284aabb121,
47e9e25b-c434-4445-86b7-5f924e620b0d,8d9271d1-5523-4367-a66d-08b79f33683b,
d7657631-16d1-4854-abcb-2583f8586890,7dc97e13-c1e7-430f-86d9-7dcb96f5064b,
7c7c8f3a-dd07-4ac6-a87b-74c7563992f2,ca0cb155-c577-48f8-82c1-7d3a2de1a2b3,
8cf2b438-e56e-4749-9879-327b51230ca4,6b101850-ee7b-4350-9ba3-08c067da974d,
9ddb7914-33f1-4f1c-aad1-f5460c8392cb,ef118b60-fe64-4e7a-8559-da4110ddfa18,
42e50ae9-48ad-4dbb-814f-d13d974f4c93,259bfc2f-5a0b-4875-98e4-bf2bf690143a,
afa4b132-8491-4885-9448-d224e7845fec,14707d5a-76f4-4c1a-9a6f-2e63096f7db7,
fdff9ba2-e7e9-4ecf-ac8e-42a5975d980e,c97a8104-7fc8-42c9-b950-4d8dadf67ba7,
d8af1705-44d4-4605-822a-1d494563e43c,d7bab7df-e7ee-4aab-8c35-1fd91e2c463b,
6801d833-4719-4d84-b75f-dcac7ed41e0b,5be7a222-0abe-4755-b0ff-9c9d506ed215,
5587bd44-7921-46b7-a2ce-100324743b34,f690c84e-61bc-4fdb-9f5c-177f847a5e6f,
d539e040-17b7-4c1c-842b-93e74ab9242d,9161528e-62f5-43be-9adf-bcfd0e99c039,
7c5ac740-88df-4539-8b6e-c1bac53474b7,bdbd777f-eaae-423d-80ed-c86a4e5e6cd8,
a430bcf1-4b4b-4f4a-890a-35e209cbcb7b,cca3606a-e186-4e4f-b0d8-4e129c510872,
7a3af20b-54b1-478e-8a60-684137c88935,03ac39ef-8222-4485-a766-da8c14ad14c7,
a37e79ed-65d2-4bf2-ad98-9c64d2b16606,3675e1e1-6d2e-47ed-9ad5-6f31ff5196f9,
cca8011d-6083-46f8-9732-6a6d4c120f76,f6d9fa0c-6ed1-43b7-a013-5dd501b49067,
40f4c34e-b600-4d9b-b95f-a47c2d3425c9,e994624f-5352-4c30-a5a1-d08bdc4fb78d,
69446995-a8ec-458a-b170-b608696ccbd6,f17dcbc7-723f-40a2-a5de-389705971394,
56f88e33-5b22-442c-8a31-a60048deeb51,cbd51477-07b3-42f7-a88b-0f34fbca378c,
64e58f76-7ef9-42df-a47a-4c9db67da486,6f66a002-4aaf-4e0e-b918-bde2c777a828,
0e0eaef3-348c-4f9b-8457-f66ae6fba55a,62296e0a-aaa8-4e5a-a2bb-a62ee810798d,
2f8eac1a-2d98-496c-af94-1d178a435381,8aba5565-7322-4ac2-a990-330984b2c9cb,
cfd16f96-57f3-4800-9d1e-e479bdaf95f5,326f47c1-37be-4f7c-88e4-20b5c06f1c67,
02839495-a964-4f94-87ae-754b01cbfa77,5093f681-a5ed-47ca-8dd2-b581106a86ec,
eedca06f-f258-4978-adcd-c7fb94a110cb,919d619e-cf5b-4496-9651-4938d4f0cfb8,
f13c4261-d0cc-44df-a781-760215a964f6,2f72e0b5-c668-47cb-b91b-6e88d01fe2b1,
2baf6f53-2242-4328-914e-957c606c2e59,beb6d1ed-9761-4667-978b-b07f74ae8ef4,
0bec48b3-3f6e-4976-9745-a15dcf6164b0,f4f5733e-1df6-4c1a-b17e-4f594abcc467,
8153ef9d-516e-44d1-877a-bcf50461a761,929ea586-3796-4dc3-bc85-70e24de0954d,
1e8f4f29-b2d1-41e3-ae91-c6885fc0fa78,d75cbd9f-145d-4aae-9aa3-3e5d251c3b85,
9e1622a7-ec4f-41de-8549-dd36622c7667,3a20b836-31ff-464b-baea-d07667ccc8a4,
c09cb822-98b9-40bb-ba84-9ff8e97774fa,910a21b1-fdab-460d-8a60-d0666e84fdaa,
045d1a4b-4d27-4255-ae52-c7dc70b3c963,b4208377-cde4-4fc4-9762-6c80dfa1e492,
1cc8519f-2a79-432c-a0f7-e03203f85a64,7dfb4800-5bdc-47f1-a589-7de2bd47e0b1,
89977a0c-e2b0-4b8f-982e-8b2029c7d504,1ebd2310-bb30-4381-8099-f581e67c2848,
4df7e7ef-6ca9-4fc1-a865-5dc0601176ce,144c1bf9-8ffb-4ff0-9d3b-37c57e2d52f2,
903b5422-4786-4bc3-a277-031fee001570,cd77f815-2827-4737-bd76-5ab289add89a,
06cac893-cd29-41f7-bf6a-2ab95543af86,2b823b6d-4bc9-440c-ad80-c8050a8e6c0b,
3a7bfbcd-7407-4548-b295-8ec412bddd73,eed1c17a-5927-4341-8e31-1630889799a5,
489ad4eb-bccf-43a2-97e8-e9a47a7d7624,24618cbc-14d6-445b-b9ad-b88d2ae7ba97,
71a0a586-c48f-4e60-a7f2-07d060893b02,2f8928a1-ab5b-4fe7-a79a-14162c7c9906,
d90a85a1-6dae-48e4-a5fe-3dcc40e02c64,1daee93c-fb20-4fa0-a62d-163a7e51954e,
30401e4e-fa04-4db9-9734-8b670e960596,1bc271b6-0054-4b3b-8ad5-cc5bcaf6381b,
70863415-bb26-40e1-9dcf-f6d211b9a39a,6cfa621e-7844-49fe-8b83-f49cd6556ced,
f532035b-b230-4e9f-9936-b86fafd8315c,ed20f7ab-134b-4390-9efb-8a139901568a,
c3792b34-80cc-4892-a7b6-6caea996afbc,007a6be7-cacf-4e22-bfcc-3fc1e859d8f4,
2520844d-e9e4-4e5a-a077-94e8c2cb8ce4,a7495e23-b20b-4f5a-8b64-61626ba72e7f,
4672cd56-2723-4b7d-ae0c-a238801a72c0,c0d0d86d-ec7c-431d-8c9a-dabafd15c9b3,
e8d2f0ff-88c1-4587-897e-1e81b9fc710f,3d5ad4f7-afa7-49be-85a4-64ec3877d97f,
7db361f8-7627-4b7a-9b1d-d90db5882116,dbc901bd-aa5a-4f45-9028-783c520b9f3a,
000a3c88-b849-4fc0-851c-00510c16773c,106335e6-5f6e-4c20-bd24-7b291c3d67e5,
222dfaf3-f1a6-4c70-b2d2-32d15747dc72,de5bfbf8-3ece-4a3c-9d9e-06c1bc1c7eb1,
8b565b82-e601-4d43-995d-f2b4b0b47473,2b877fe7-5910-4f46-aafe-fbfee8971050,
a02ddd7b-336f-45e6-ae26-97c954d79167,0efa5c03-87d7-47c6-947d-a89977fdca77,
afd2ec02-fa13-4283-8da3-cb79de5e624d,db98af12-7337-415d-89fe-1a52217b82de,
c87d7f8e-f1d7-4f69-8304-7f48a68aa813,f6f0332d-84ed-46c0-b802-fa2b4541701a,
36930f1d-7305-43d6-a5cc-83f55891eb4c,b3b2905f-43e4-4213-9ba3-5e1175d371db,
cccec273-0775-466f-83b8-0b68237520d6,73bcb6c8-9633-49e2-a36c-0dab38661560,
af3c2d4b-fa82-4175-ab55-db4c67c1cc9d,25e2d6de-eb0b-4a3e-b929-491c51b6d3fc,
0893f01f-3874-479b-b047-085134a384fb,259113e2-c136-4128-b346-930c95caba9b,
77184cac-e7e9-4ca8-884f-b779836819b1,b27b29a5-21ba-4db8-b912-d8febf53e8df,
9127034d-8ab2-4dd9-97a0-fde72b31e94d,33c4eb1a-ba18-45c3-ad06-06dc021fe597,
b8634862-f0bf-4399-910d-486ecd543f8a,4e49b15d-3e85-4b04-afbb-b7bc7885760c,
0d9b433a-5398-4f1c-98a4-8b0d9b6852bd,dfd0318c-86e3-4de1-a0ce-8c5351a7d1c9,
71d4ed6d-3516-47e4-8793-6a651369118a,ac655ab2-246b-4212-ab5f-6c41aafa2116,
fb7b0a54-7acf-4f95-83e6-03254041fbd9,5740eaab-26a8-4ceb-8bcb-ce647bdaa72c,
3fe95947-c0cd-44ce-aa38-6df3bde34eb7,d76ad019-fb96-474c-a644-b06648f1ee50,
f485d65f-f9ec-499d-9086-0272c0511895,b9efaa5f-e3bb-4418-a283-0d8401d2ae2b,
9f959058-a871-4fd6-9c16-bd973d6e8b7d,6c25da90-1057-4f3a-9126-87fcc2b30e53,
349484cc-e72d-4463-88b5-b93a38a6519a,6e7526f4-5c34-4a9c-998b-f7af3dc9ea03,
ea6fb8ad-ed97-477e-92cd-e531d7af83e1,3478b037-baf9-4192-8eb2-b512096d316c,
f500cb89-0249-4dbb-8784-60cb2c95fd68,8732a2b0-4288-4866-a192-aac15c4ef83b,
bab9ddd8-b623-403a-b2a7-43f44ddd727c,a65ab5aa-40cd-486c-b44c-54b8faa258d8,
99d82ca6-0aef-4cb4-9a45-ef69303fd1cc,4af0732f-7249-4c7b-a47b-66a27cede673,
b74e6bec-ba82-4a08-b782-aa1bafe618c7,b2dcee60-621f-4ea4-b674-d84e0afec59a,
39df2902-3e93-41e7-92f5-a317620a9c0b,cbc75319-e68a-44af-b875-9c2e0ac5be78,
0ff03a69-0ac9-4010-82cc-06ef8827b9da,c451b1c7-6925-4fb9-b506-3c03a0b3102a,
ef65cc45-182a-439c-8879-eec78db280d5,33dfdb35-6f06-4e56-8be0-04c21492163b,
d1bcb162-9f8c-48bd-b97a-0234a8f9b861,68d83b4d-813e-4a17-8a70-ff5d137602ec,
6af5b3e3-260e-4dff-9e3b-96dcdf320216,de670483-f353-48e6-82e9-e345533183c8,
2eea120b-ffe7-48bf-9943-6e29a0ef14de,da98a92a-3e00-4346-b0ce-0cbf6083ba23,
2fc1f699-a54b-4cb0-9e61-2fd809f714f2,0e8e562f-8a5a-4df7-9100-06e13ccc8bdf,
e9480037-a122-402a-945e-19e9a4c3f801,f3745da3-3922-4e38-b9de-35841f8b494f,
8ce951e0-4e71-4cf4-8bce-5ba3c8b16d6e,e832ad23-40e0-42f0-b76a-10118dd10692,
db5a7088-4540-4edf-b5cb-9d3a12d81990,41003299-2f45-4437-8cc5-5ce25ecc1cf6,
f19caa4a-36e8-444d-977c-d60d16e417e0,cfb8966b-7746-407e-b430-b0d85f948b31,
fcf560b6-3b5b-4cad-82bf-a26010b68220,2540700a-0a16-4034-9a1e-9210c27c15a5,
92571ba7-a157-4658-bea8-a10126a0f86d,9c2c4964-5515-4ff6-a286-2d8824edead8,
c4cb7fbd-0f4c-4c08-bee6-3fc8856ffc4f,3a4e33de-4a76-47bf-8a96-482dd7a602d8,
4e7991b1-cc28-418b-b3a4-21b523a3e120,86e09940-8eb5-441c-8697-76986581473a,
acb105b9-5d87-4930-906e-0822865e616a,537f7b3a-af2a-48a8-89f4-a48a73d93684,
2cbf803e-12f6-4b3d-a42a-fbcd7c6ad2e2,783125b2-9e09-4cf5-99cd-b40d711ee638,
cd9b2a2c-2ea0-4c49-be42-6c18eb085806,74fe6afd-a3cc-4067-9c06-7b7f4c253e0f,
1a608df9-4969-41e0-aa7e-df694b8b0465,11fa96f4-317e-4416-9287-18778d615c03,
e8d45af9-04f5-4bdc-9120-f4abd7435181,33611537-e70d-4cdf-abcc-688e54878695,
cfeda392-61f8-4b23-9830-b5e1de66c624,afa64abe-4ad8-46a3-8ef6-037768d60758,
f884370c-2363-43ec-aa4c-dc1dd1830d7c,b34b22b2-e3fd-4405-8857-e50b140ac1c7,
bed5fadf-3e6f-4e34-93b6-1be96f7936bc,4a48b416-ef7a-4135-8537-81f50062a01a,
338d9c11-d93e-49cc-904a-5faae4fe43ec,2410e73f-06f2-451d-97d2-ab7e1da83ebe,
51a499c9-e48c-45cc-b0fd-ab0391608848,94236571-72a9-4dad-bb6c-22402e01861b,
04511bdd-1f36-46e3-bc92-e71b8381e7ed,9a6671a6-28f7-4137-922e-854e1d9c7c5b,
b7adbdfe-ae58-4da6-906d-6559e06ed3b7,1191ee3f-eb81-4cd3-991d-4734ff39a914,
cdd62c09-1c36-4228-81e7-79e71c64b2c3,da981da8-e69e-4acc-aa36-fbfc5dbd66ca,
bfedd75b-436a-4cfa-aad4-c96ee896e125,c56035bf-c424-4c51-a8b8-c3453629df56,
40864e92-fb3f-4501-a862-f2dd97256a61,ce88bdce-b680-449c-8880-2366a8d03a66,
35fd10ef-001d-4954-ad2b-65479ff9f83e,2e233dd4-f5b0-4064-8af8-dcd95a2e9176,
4886d917-a8bf-482f-9082-e6988374bc2e,d0a126e3-d50f-498d-8780-c37a10d1ae14,
ebf2c150-325f-4562-85a8-278416c4423a,5888748e-176f-4ccd-94a0-225aaad58b85,
e42ddf1c-c1bd-42ed-a74f-09ec5f8e7d1f,cfd91524-ded5-42ff-a978-53d345660d42,
6ff70b31-ca99-46a6-8157-fcfa00255808,80ecd83b-bed3-4fb1-ae8c-320f4c1074db,
08d8bff7-4659-4a04-a86c-d11d532e2fa4,784582f9-120e-44bb-b6db-2ae5f95b7ce3,
debc31a4-b457-409d-96bd-edd3495ff8a1,a4994d8f-a153-4a99-a9f7-1870deaeac03,
1371aeec-9456-43e3-93fd-bc926e22b742,83af4936-737b-4a2d-b589-37f2dbb9ea74,
22fb8e27-be06-448b-8e7f-86ba321d2686,452dd182-cca8-4408-af2f-ac2696ef9b75,
8a0ce9f4-f98d-44d4-a1a2-65c2d616d683,4ab072c7-4ab4-483b-8859-0029183f50b7,
62447acf-f1f8-4c0a-acf6-5efb26896b86,ac592a9b-43c4-45b2-9d55-9ab3890531ca,
a9a92e2f-243b-4cdd-a8e2-cbf8b07fd7d8,a275be00-6842-437a-b3db-0c22b5804ebd,
f2badcee-ea73-42a0-9245-c0d3b9922fbf,184b8071-954e-486b-acd6-a120400b2f7c,
9d168cc7-42e2-4f1e-a6bb-5ea443872ae8,ad9816cf-b46d-4687-85d5-59647ed9b7b8,
5e96eb97-1cb9-48c8-8007-5a9191b5cc8b,02ee95ad-5bad-48b4-a2b2-f66a5766c1e1,
b3f0826c-8fbc-4fa6-a400-f24fd7ae708a,7f27287e-8ab0-4dcb-9caf-9243cd6cc1fe,
13885e41-e494-4df1-a3e9-c8290d569eff,c5fe42b1-3b37-4c32-9778-da3a2f978fa2,
6e194893-516c-47f1-8e80-6661e841f34f,9f1fe499-bd0d-4529-b086-ca4c7affb14e,
c9b5176f-1638-4798-b54c-1584f1f747e7,1f3cc230-675b-4022-aecc-92068470cd6b,
f23f2118-5b06-4579-a475-21eb7bfc6689,5df3a94f-a1f4-4203-8a30-b89f2e28f3d3,
a7cc577b-e991-40aa-8d46-94d312752bb8,fa22f450-bba6-441d-9314-8ddb7663c5a0,
2b66dc43-2321-481d-97d1-e76632f9e536,f488e6fb-4fbe-433f-943e-5404fdfedcce,
858ca75b-a868-42f4-8e08-613817bebf21,ca98aa32-e190-4b6f-9c05-b2d50dc2d888,
719fca99-4c61-46dc-86ae-7f74185b93be,6a0b9720-aafd-42d2-ab4f-a49ca358588a,
81cc2c37-3a4d-488b-9e2b-e4417da4925f,1e17379b-b573-41fb-a7cd-38bedacddeb7,
b0a118a6-9608-4c7c-b300-1077ec4f077a,26da7204-3f09-428b-9521-82920438ca52,
ae7c48c2-e13f-4103-a9d1-d77b79c8e763,78ececd2-2096-49af-94ab-d7b8697ddf9a,
46f52997-a9e1-4c12-89ba-e79a6a87754e,f494c73e-2270-4763-89ad-2c0df916c68d,
43e06b1e-6b7c-454c-a7fd-ea056b5bf65e,111ecfe0-46cb-4622-a42d-4dd51dd608c9,
cbefb4fc-f3e6-49c7-9c59-e873201a3792,c94e74ef-5385-4499-986d-15733f8cd606,
6961e2bd-8296-4daf-a332-15a5661af688,0573682e-e1c9-425a-91a4-b2fa5d1675f1,
692a3a39-f017-456b-9c8b-4c252129e152,a4586777-c4c2-40b6-b484-c3083ca8c268,
8c5556d5-1672-4b09-8ca2-0d6b2ae9dd34,738feaa3-ceb8-46ba-8dfd-612eabd7620c,
da94398e-46f1-4364-a7a3-3aee463327fb,47c0dec3-8a4d-4a10-a071-4c703d22bdb3,
eb97edb0-7a65-4005-a4ae-870d1bd2103e,dc6f518a-3813-479d-b70f-535917238700,
2f98f089-addf-4223-920f-ef4b0f5c7c02,ab71c1ec-d257-4e67-9d78-64700b1ccfcd,
7717cbdc-04cd-4edf-8195-75cfa47c1aa1,8228d5fd-9bc2-4425-99ac-8a5303a5f421,
e38fb41f-d7d2-4759-a573-253d29c73d1a,863e792b-ff1d-461c-b6b6-9a856ff67ab7,
a6d9b0d1-b87d-4941-81de-fe69d36a3fa7,e8946d51-44e3-4bb6-b656-6e4b39e0dba9,
f751be55-ee4b-4650-9303-ec3c47115016,bbf7d52d-75e1-4ad1-b668-744d0cd18a1d,
67f60fb2-5133-48e8-9fa6-8ac2524bef0b,9fec902d-6c38-4dd3-926b-303943d33055,
a8b0a98d-0535-4df0-9032-e2c61cd1c1f9,69326d62-ba63-4322-9682-f26b541953c1,
e85910ef-48d7-413b-9923-03effb9c612e,dd73613e-1fee-47d9-80a0-0ba26d257475,
a0971f4e-f1b0-47fe-b2d4-7bbf27dac1bc,e28ae297-1286-4c35-a523-fe3e2bc01705,
e7e423ca-3771-4eb9-9ae9-ed21df51da1a,c5b14b55-5963-406e-b4b9-5ea01a1729a0,
a65f50a8-b50c-4723-8928-1f4e601cfdb9,1706e1cf-ac8a-46d1-bddf-e60ef39040ea,
0941e566-dc72-4219-b571-5f46b3b9f14e,c0edb81a-3dc7-4a0b-a8ce-0d42db9f786d,
cb5515d3-a09f-453d-8aac-dd98f6961a81,36176026-8237-48f0-8e04-d98400a2e058,
6111e9f2-4656-4af8-bf2a-e7c21b51faea,44ecc97b-c16f-414e-8ca0-3d949fd75d94,
9fc10fbf-eab4-49b9-b367-2554f03f44be,486f4a24-d1ab-41c3-b2ea-4c3fa3e9b41f,
00f7ee84-f7e1-4cc7-b836-11bb8559a2ae,71935474-433b-4ec3-99a9-411df05a7a86,
5982bd46-a426-4f90-acde-de687ec8766e,15254b48-fd02-48e8-9d1c-f37ef19527ae,
b600c88b-ffee-4181-a026-7040ee4c33fa,5f153dd0-bf03-4cbe-ba3c-b56290981aae,
e2f47bdf-5b58-4066-b471-1293d6c96bcd,4a93a28b-db32-4d32-9261-d9cfb467c99b,
ff18ece4-4cc2-47f9-bd3d-ad759539a5b7,62ec05df-9614-44e4-8ba5-d9d03f1507c9,
62e278b2-b256-4a4b-94e7-ed1e7536b157,12f5226c-4871-4332-ad60-495e3da5b664,
36d530c3-f82a-4270-8d84-ed5585b4778f,17560de2-124a-4228-978f-8cc5e5ce7d1f,
568a468e-03de-4b74-8109-7c24592b2a7a,f0052355-0752-4933-bf4e-2e0769481ca3,
c2e5cb70-bb89-4d09-b6bd-8bb223fb956f,af310d48-bdee-451e-83a3-79fcfc9744cf,
5c538c4a-1c87-4b57-91ef-704c25a4b9c1,21180b14-034c-4fcb-82b3-3dbdf018d2d5,
b5a76ba7-d34a-4d0b-948c-104b4032f2eb,3d84b3c8-b545-4bc0-829f-d381a63a60d5,
4321a4b7-82e4-4aeb-89f7-88beabb210c0,7c540245-820d-465e-b062-fe24a0c7f1c8,
6f2db6ed-960f-491e-b822-b32e9503a2be,9ef098cb-0c1a-44ec-96df-e7d4b713f1d0,
36b85ae9-8dc8-4aeb-9afe-fb198c7e539e,0f9936f5-d82d-41b8-9ac8-478659b5b600,
1f91c56d-2557-4264-b14a-507f6e1c0a00,4ebb1895-bae3-4f98-93fc-a2b7eb7c63a7,
cdbafed6-a39b-4297-9726-c265d2358ec1,9f894c16-e6e6-4b4e-83c0-22f9a32e79c2,
3fd65ac7-b236-4744-bc6e-2130f123372c,16697a7d-cf88-4eba-a2b3-b39b8f848c53,
ab9502ef-355b-4fe9-920e-f8c7c55c0137,4fb20bcc-29ab-4e20-8067-bc145f228839,
86af25d4-d0b4-4afd-957f-18cbb28cfdd5,51115127-7523-40a2-95e2-22e3c2a9445c,
34ce63cf-8e87-4aa2-a50f-c06072190214,de9d5dec-2c77-4a69-9f3f-12ff9a9201d6,
e7618f32-d6ac-4f32-8df6-48b08e9e0ded,59abfc07-6614-46d1-b51b-ff48fa8db0d2,
15e6d272-e31c-479a-b32b-5c5fd031cb65,5f9ec67b-d4f0-47d4-8b68-7d6474051a9f,
d24b6ca2-23d1-4dc7-ae1d-babcce0bb246,dc6eacf0-4c53-4f4f-b565-237c7983421a,
eba45e1e-ea51-4e8e-a3ed-2883c19ae618,e7855abb-4b8a-4f76-8336-5be74f83807f,
6c6a8e1c-d809-46e5-a3c0-ef3b5b5f51af,5c7ed367-486e-4f81-a267-39d9dcf5b252,
fe10885b-8690-46c3-9344-8d4ba4d151e5,8ddf984f-055c-4bf8-b32a-c4662e7e0a9e,
88ebd17e-33a1-4e46-915a-2e14076f1b3b,42ae9785-bebf-47f5-baf0-93b69127fda0,
9a4d7274-06b1-4e8a-b4d8-376ec3720d4f,56baf1ee-95a3-44f5-9513-45762c76e600,
6fa886f7-4131-4a16-aa86-efbb6a600ebf,b45cc7e5-0fb7-4b89-9a23-603a25db178e,
e7599981-6d23-4fe9-89d0-913c40cdbd11,9daaf016-b9ec-4e0e-a277-1fe1c2096f5a,
5e6b516c-50b7-4bde-826c-1a2dadba5d83,cef98f9e-e5fc-4709-84b8-c08879660916,
9bd39ea8-6a12-4128-91dc-3663fb4eb905,2fd1ed73-f298-457f-a22e-c939e4ab39b4,
c8ac61e4-9db0-41ea-a918-9d222e8b21b3,d38d0f56-42b4-4886-8a16-6e1f3d260fda,
5a724b6f-876c-4173-bd59-af44687e1a66,29725e14-0877-4bd6-bf8f-7c4e289d17a1,
ceb18271-0e98-4f4a-b452-3000fa4106bb,55c88d6b-1841-4d3b-b48b-2f08be99dc5d,
04079dce-0099-4fbe-b3f5-d939fefd31f2,4b1c5050-6a9d-497d-af8d-a62401036d0d,
e34c96f4-a9c2-4184-95d1-27a8336a74f4,be834df8-2383-4807-9751-15fc1eed649e,
37af7337-f9cf-4b12-8811-759a639871d8,58d74ce9-4e1e-4f02-bdaf-5969a291402a,
39cb9ca3-5662-4e51-ad74-f14ee7830a40,e80d7849-6fd0-4f91-bcf2-f3b6e255d57c,
4d9a1233-dc89-4749-96e8-926a32c47f38,e900a3a6-6dd6-42f4-bdb8-300826471812,
de55322d-5bc3-4f1f-8f07-7a432ee6aeec,21f47403-41ab-4140-aeb3-dec0c2df855f,
cf576898-a62f-41a4-9f02-7a7a1aaabf66,e360b52d-4944-4278-be36-26e72b82e5ca,
8d9ee36c-3ecc-4ebd-b611-e9459cd5aeec,05154e7c-70ea-41af-bb70-632b74e5e011,
f7357ac0-e439-49f9-8b1c-6160417775e3,9196f60d-6e93-4f53-aabc-8a82212371c9,
4c07e644-65e7-4356-b372-e42177fde88d,65cbb882-cf35-4ed4-906d-8797b4e7f4ef,
2cd8cbff-b344-4700-984d-991552cfad55,4907d323-f3b1-4805-9945-d1207b9d6842,
98cc5a4a-bbc2-4930-99a9-b59ae5af6f10,d5c6f4d3-8bfc-4a9f-931f-f4b9443f5d93,
9111ffb9-f435-4296-8691-1f7a3cc55dfb,328c64ac-205c-46af-b936-ec3723953af6,
fd894195-9643-4991-bc4b-8eaa2005f5f1,e3de351c-ae85-4a96-aea9-f3994257c405,
52e6b515-32d5-4f4e-a685-7c873d505535,1afd72be-d498-41c1-b144-88751593b395,
4d05fd95-c6e5-48a2-b8e7-d9e6efab233e,6548c1f6-f63a-4349-8496-3d73295b3b2c,
3802daa6-89fb-4e81-8996-4d34ce6d2873,eb34bfbc-a3c6-45f9-a2d1-5f8c26353045,
b92e47f3-91aa-4178-acc2-407ce65b208f,f127fdd8-844a-43c0-8020-abac6920212c,
5b3ad3b4-12bc-410f-974e-41d25b7be721,437a4a55-7edb-4144-995b-5e24d48ebb3c,
db764ab7-1270-484b-a816-e9883ca81cfe,e83691c9-1c77-4367-96b6-517d118a3d78,
2ea707c9-1f10-4335-acbe-0f31137244fd,5bcb3b8d-16f9-48ba-9c60-039887b6568a,
1453212f-834b-4de6-be28-958f97090ded,2fd4afdd-a8df-4465-9e59-393e754d7f2c,
2c1e65d5-a336-4bd5-b017-9fadbe1257d9,1234317d-3065-4953-996d-b7a8adf2d582,
a77a813f-587f-4773-b5c1-876d4e0d0ef5,a2ec3fdd-f9b1-48e8-b7cb-3512f33a3def,
ebed85f6-733d-49f5-85c0-79d443b300fa,c787de6a-1e3e-45ed-ae5f-12fb5be56cf2,
b8d22027-bd22-4618-b28f-3e86e5dbd6f0,7e777348-92b2-4406-b62f-9b489cea6bac,
93da6180-2d88-4d11-88be-debe9db9084b,09738bb1-fada-48dc-8fab-567b94f08ce5,
4d4dcebe-4e77-45bb-88e4-d3c998e1cc5d,c2bf51df-5909-4a4a-83c3-67842fbe78a4,
1c429a09-03ba-4ed4-8a87-2e75a7759910,f1a71b5b-810b-4257-918f-db09d1ad7e80,
022e309b-1b59-4b38-af08-bc188ed0b7d3,9995f058-e096-4439-9c9e-80f7c6438115,
8f813bf0-4a97-45b3-b56c-aeaa3d54c123,a6fe230f-c9d6-4556-95e9-2334d8030021,
0d92a9e3-caab-4c50-97bd-9c4689afc97d,c6644bdb-5dab-4e33-b215-caa4b1722d72,
5ba03589-af40-4404-9708-27fa97ad4b63,34f0dd43-4db5-42c4-b69d-175b972e0872,
01a005bb-5822-4c5c-9320-0eb650108564,899acdab-ac46-4685-83ea-406860708acc,
21335174-4851-4218-9cda-65b6c2346888,2dd56ea1-d9b3-423b-86c2-3dbb351cb01c,
25697b84-49c4-4485-b5c9-c7ffb3067e6e,ca3fa091-1ba5-4ebb-8f0f-3f46f37c4784,
3707abf5-2720-4982-b2d8-f013f8c337e3,7b377103-1350-42bb-a9e8-b41ae5e55a14,
a7a5d579-f8f0-4da6-b56b-6828535ac3fb,de21a273-9a5b-4729-88b6-89d7ad2e3d52,
9cb16fb7-4a1a-49b9-9630-0314874a49bb,5954995f-6522-480a-8772-f2b4ba6a0403,
1a24ffa9-0c6d-4a0d-9d84-45f9b4803046,7ae49212-7125-4734-a216-cb8966b4e4f1,
a5a5f3c9-279e-4af5-ad37-f7e9c981e1a4,9f9fa794-2375-49ca-9f1e-9507cc8118f5,
69bb219c-0e57-4a74-9753-9754057141be,26a3928c-64f7-4523-a533-c24a0178ffed,
e752b09a-eacc-40f9-9466-8570c0cc38d1,cf430761-fb74-485b-ad0a-7557288ac236,
1670d88b-e5ae-4211-802b-8f808055525a,42363a88-f7ec-46b2-ac35-6c0287ed2ba6,
5f6806c1-e0ed-45d5-ba27-cac57dfe5775,32f4aa7b-3de3-4ad8-9619-89581ea14316,
aec625bf-5acb-4249-a851-9fcd6e0f2da8,8dfd8c0e-6877-4e67-9a86-08f7f417bdbf,
f1c71ad3-6e3b-4d6a-9a7b-ee9d385b7cee,7da7a891-a994-47b3-b435-193c4550881c,
be4fd6ec-d76d-4fbd-9e5c-f1af8e74e469,8132ab07-f4e1-4af0-88b9-a3ece7ffd347,
a318905c-7a8b-4a5e-b190-05b7a7433188,f50a4812-a4d8-4a5f-837f-da7d3f0fb7f1,
b635fed1-b4b0-4b93-8bd6-96bd22069b82,3fab7a37-7c86-4655-84a4-9bef207ff69c,
827b9056-1447-48d6-9f04-06debd90998f,638906c3-e84e-4d9d-918c-96f83ac25147,
07559717-79be-4806-abad-1f2d12e5ee70,17cc2260-fd0b-4338-80d8-51f5a96608a9,
2edf2ba2-5396-4cad-a883-0e253c8b3a49,627116ce-da80-47d6-b785-90b39a0cc051,
ab797a50-5037-4d5c-889e-1f8504fb37e4,5cf63e3a-5f97-4ce1-9734-48b9b2ebea0d,
47c9ac83-96a8-4bff-a2ee-7f42b6b546e6,e84c9122-5498-47dd-bec0-9a6d2cd24d94,
d990fd3c-fed5-40f2-b655-ab7d463efc74,1fdf5125-fdae-49a5-a651-ac3e84875080,
c834ecca-1c75-4a1b-b110-62967a5d30dc,4e463cae-6449-474d-8a0e-1185ed4ed1c9,
0151d041-7db7-4d6f-a936-2933eab64c9c,f59503c4-1a06-4361-b1f7-8373f7281a8e,
71dfa412-bc05-4df1-809e-cec9f2011d29,01918f1f-2954-4d6c-a38a-1c54fe5d3770,
c79b48a7-9b49-46f8-bea0-e80e25f86c2c,381a98d4-5daa-4ee6-9411-51611eeb2361,
5f6abd7c-1b53-4334-bea4-ad17123b9556,f653229a-b64d-437d-90ee-7e7e5e30b296,
bfee1d67-6243-401f-a686-d0f943f0d3ef,41597117-965c-4a3e-b485-e5118b424b8a,
34048d83-f348-4be6-850b-5c9e500d4e2e,883a36c9-e0f5-4e8b-b96d-598d4a8ad4be,
668a54d2-3a73-4a40-a3f0-fdeff53b4535,79fc539d-27be-4857-9092-ebb70965b65f,
eb680b7f-cdf7-4624-9cdc-386524b78f50,b7a381b1-c378-4eed-b0a1-ff1d9019728c,
640a2000-8ef5-4978-b246-52543d6d94d0,6b7e65f5-6c38-4051-8d50-2549aad9516b,
7f746f71-7d59-4bbd-a433-50beddf7f9f4,bea4b2d6-f972-447a-93de-b2fa1885846b,
14823da6-b5bc-4ed8-b3da-839d6d4ce5de,bf182259-6eff-46d0-9ba3-457ef810ddff,
6748d179-8ab0-4e95-9cc6-2ac2f8595f5d,9f26fedc-3447-44a6-96ce-3dbaa3d7876b,
5525c2f1-03a1-4340-82af-1f0ffc693731,beee6d33-4833-48ba-9ecb-0a66efe34f90,
7bf5d688-e4cb-4350-a07b-82ac40eaead9,eb71ae50-114a-4fa5-b539-5d20e2864c27,
8b400a19-42eb-4d17-964f-3acd0a4013bf,a3c3175a-7a71-4598-b514-6959e0372ea2,
41e3412a-d67c-4474-ad91-b4abeac0ea96,d8162b13-cec4-435f-af35-2831e494ccdc,
8997a290-84b2-43ba-a738-9438083bc520,63481d16-a4e4-432d-8dca-e362aa56c82d,
e67b50f7-612f-429e-91c4-a9a659270d7e,bb7145e2-5fae-4d9c-861d-e05af8bf74b7,
0e5de3fb-c75c-4a72-bc1e-f9529ffacf8a,76546164-0812-4ff5-bf56-4590a9312ab7,
b005b5a3-46f1-4728-a925-e0394062c97c,c04a8a64-df06-43ce-b2ee-b0c1d096f54a,
71121d47-10a8-475c-b58e-d970bf75a076,a6aee70e-17d9-4d98-a924-09ff039d2857,
96c248fb-b816-4e91-9bc4-531fdae0d984,8db39519-4702-41e3-9215-26581540c51b,
8a25c87f-011e-4c6f-a752-97bacbd3fff1,c13562eb-e282-4990-9044-e8270fd02d1c,
d58e6bd3-e5f8-4d36-89f2-60af6323bda5,6159ff00-0f19-4848-8925-2c8416a7183d,
e7decf52-976a-41b0-9b0d-72d1b7762ddc,16c8b11b-97a5-4ed8-8207-f1d0cfcfdf4f,
9943e509-3ef0-400f-9c88-694f5d298539,317de299-9369-49f8-bd83-cc46b24150d5,
84d782bf-de56-4b09-902e-adfec9193245,a5cea840-ea5c-465d-9d4e-54cd2d08e49b,
dde51628-308e-4faf-8fdb-b25611b39dc4,e9fd831d-f272-4ee4-bddb-6658b4445dc6,
d3373366-1b89-4789-874b-e25fd96568f7,eb8fbd0a-634b-4ddf-82b4-4e469cf7ac28,
2f7aea33-ea7e-4262-8ca4-b7f32e6bf19d,69ae16b6-e67b-4549-ab17-9777ca25a4ab,
e3ae54db-8bf4-4803-ae23-e29e540dc58c,fb398204-8d6e-4e9e-957d-b43a0d299449,
b0b9c326-0e51-4e4b-a860-88fcf003b6f0,fb88509b-b0a9-444b-9a94-8823f90c1ffa,
8b42f59b-c6cf-4363-a5f7-e6ee123e62b4,1650e1b6-687c-4e2a-81f1-7d38aaa3548f,
a54f4880-3d3b-42be-82d3-699576a7d28e,4cc4a1ce-c71c-4573-a833-68f9c44e697f,
e22ca454-c74c-4e48-adbb-338eb7cb40bf,b20b4dd4-82ed-4919-9ea3-1645f880de6c,
d56a911b-e629-4ea0-a31e-0d6381004320,0332faf5-b114-4291-bda6-4311a4513666,
fcd3564f-c695-4bbb-9feb-13503f304b5a,bd665890-e8ad-4b09-bc59-b819d89487b2,
310ef713-7242-4888-8498-277da9e1ae04,ca569842-30ac-469c-a68b-a3b6ed6900c3,
992e9cc0-85b0-473d-98c7-5364754c91f0,19fb9fea-649f-4323-8850-f085f6b1dc7a,
9a58c50c-b90a-4fbe-8b7a-f9982fcc2143,042ba9f0-f885-42e2-8663-d2f52f059b32,
24b618d1-a63e-4f68-bd26-f069ef81cfb7,bd5de9a4-9a4e-4e3e-9669-cf3b1764d9dd,
4cd45168-938b-4ca6-a713-dbebd93c9758,b012472f-4a58-49cf-b6c2-90cab95019a6,
b44ecdc5-a552-4e16-ae11-018f099a9b0e,1c035163-f0f2-4579-a402-15c9e1fa17af,
cd75f72d-5968-437c-8115-bf7620d01710,1b8d1d00-7406-4b82-bfdc-7bdfd3eafda6,
b1ce9522-b269-443f-8ac0-d2463f32cf73,eb0eb579-4dfc-4713-82ef-6412ae40300d,
aadca5c7-9ab3-4846-8859-08a3450578bb,b4665d52-6514-45e1-999a-1f2eaa114f98,
a20f4879-75bb-4a48-8f23-b46dd6af27fd,fe15805e-5144-4fdf-a3d5-85c6383a1ea4,
4016914a-df4a-45c5-a23e-7f88897390a4,67ea3c85-e91a-4fd1-b057-0f8396af19a6,
04bdeadd-b37a-47db-8d4c-1b73d05ff450,6a6f8093-260f-4456-8111-2260f140b6b3,
d51262b4-1dc7-44f5-bea6-71c18ad53fd9,8dc73d5e-fbe2-4522-ae06-517d98648910,
8a45e67e-3da3-452d-8016-34f54457280a,80f24fa1-514c-4485-b68c-011e46d73062,
668e9cf1-a9c7-45ce-8126-57706b6e3c87,5b72a58a-985a-4eb8-8ea8-e9294736d30a,
eb392679-9463-4bc3-92bb-694f56af5bc9,7524f1a8-91b7-4684-a6f8-3764c8eeb492,
904468b7-f162-4817-9c1f-df7bc0f72f1a,c00e22f9-6809-43be-8662-5fbe1f1036c9,
f67d87dd-ce84-4e3d-aa72-c0a82541cbc8,eb7b2480-8885-465e-a613-d6aafe751e9e,
1f3a1dc1-f984-4656-ac29-b8adf3dbff6c,b4941032-4113-4d08-aea0-5167422c2d02,
def94f69-a440-48ec-92a4-3dbc5744df7d,5f4efd53-e692-4717-9252-e09b191014af,
9d1e5365-0f8c-4c2d-bd01-4f2590b4a66d,c2b2dc95-b2d4-4a9a-b7cc-feb8f3357f50,
0efbf7fd-42bb-41e4-9ce6-0ffa2c7c3d6d,f9196e4a-cd7a-41c8-b4e4-1b0263a1bd54,
359869da-3748-444d-ba83-26c403c9462f,4a1a2892-a069-45b9-8bb6-10c56d6c74c4,
a897d1b0-fab0-42f3-8a66-c9770dfe8cc5,3c96ca93-852a-4f0a-8547-515c0e868bf0,
d293eb25-1342-4aca-aa7c-09ae84a55d05,e86c5bea-fdc8-40f3-a54f-f9fd08565d36,
7e348703-19aa-40bc-a5f9-94d2d8783bef,77ee444b-e741-4cfe-a047-3052fe03675d,
a3dceb29-7309-44d4-a49d-5280d2f1de12,b4a378c4-0ed8-4d32-a974-6afe9d8ea249,
2e5463f4-584f-4efa-9027-bd65988cf8dc,afc72c37-d46f-454e-9023-cac54d6aae84,
66a313f9-1d0a-43b3-a1aa-72b209da5ec0,2c4f92c0-ac02-46c6-9177-b142dab63608,
3854359c-788e-4a88-8b02-fde9aacd8c89,636bf831-ccd0-410f-9eb0-5ff2bf2b986f,
8f66817a-22ad-4de7-a428-fc62987ca146,911a6904-1b11-4dfd-87b3-f0432bdd9d1b,
321b5f88-233d-4c63-9f1e-2bc589bef90b,65289c34-00d7-4b9a-973b-0724156eef32,
e6c3942e-40fa-42e3-a8f2-d0ddd0b615fc,fe4b7fc8-6d5c-47a8-9d0a-486ec3c16016,
9ed6347c-d21f-4fbb-9fe0-2bf69efa2cad,56750abc-3090-440d-8843-56c83403b5f7,
7c5ed4a7-2c47-4795-91c2-7da06c6e154a,4e8cce1e-242c-4999-b979-d779c3c80fa3,
e7f7bc1f-5ae9-498e-ab87-e3b84f3b6992,6ca82e87-65e5-4387-a106-c8696fb051b2,
ef05bce7-e8e9-4653-a269-8e478aada25c,e5e5206c-43e5-4dcd-a3d3-aba777db5ace,
b34f4f7e-9416-44da-89b9-1c785c430bbc,0f317273-52d4-4ca4-a287-e6e989127f18,
1d2d85a8-9ae9-47b7-a2bb-692afea5d9dd,493c05bd-b35e-4dc3-9bc8-e6f94589dea4,
16085912-2c9e-44f8-9f6d-6059a0319aa8,fcff7a43-bd3c-44db-b47e-468f33d0b904,
627665f5-4082-49ed-b6d1-b97b547ed5a7,c076b2c7-c4a5-48b2-aa35-e5ed88fa7968,
5bf34b52-e38b-4178-96e6-9b0c5941cdea,03732078-9d59-499c-ae2f-cec24e0b77aa,
e75b8294-3f8c-45be-bfe9-1cf3269b39c2,852b8800-4de5-45af-b628-d013c7867e46,
5dd20c5a-8edc-4d1e-9971-759e9fd5fcfa,50491baf-c9d8-4d91-83b7-87e056874c06,
a11f85b7-2ba8-460f-aa70-846e69adf8b0,fa2b76d3-d3be-4118-95a8-ec977ab0f7b2,
be88bae8-efeb-4727-990b-6f325a90d041,3fb95fd8-dfef-4bd9-839b-593552508ae2,
691d0b03-3c27-4ca3-9e25-33ba5009ecfd,ff429cab-2f3a-4010-8aac-ede8e79ce45a,
acd3916d-ef00-452f-996f-af69adcdad54,9f052d29-c58c-4a8c-8900-a765c644cd0b,
6c79d0b9-4cfe-4694-8304-05dc7063e2d7,9f78aaa3-3657-43cf-be28-75dee81bc625,
6dfbf149-e3a3-44f5-acb4-c0b63830d5af,6e130682-8350-4d3a-b9c1-b1d323ab7c74,
ae57df3b-dfb9-4017-a571-107b26662640,b006b2bc-9f93-411d-98ed-9bfdb481128a,
02397246-b40c-4c70-b862-561db33e520a,4b8474db-fe0f-4a08-99fd-c8fc31f9ee4f,
37bc6ecb-191d-4984-b6c4-4efb0ece673a,ed0db4d7-4521-4211-bdb5-5a1e17f81192,
23d8ffbc-859d-4c86-b51e-fb0091eea2a2,8845687d-7f51-4672-bc62-163516e5fc6b,
3eaf3652-aef2-42f5-9603-fcea5d0d2b2f,549b1e6e-ca68-4597-9c85-60c25229986a,
9e9a1700-d2a6-4f26-b50a-61fc1fc0ce1e,9c66b74b-c99b-41c9-b8bc-cd3fdea75632,
79f4aa2a-6dcd-4553-8810-2890bbd0ed2f,c1bd2888-e502-4eff-b69d-8907fc6a58e7,
7eb6cb8d-2670-4d54-b6be-d1146d335219,975b5744-6c97-48d3-85e6-cefb804f8680,
262aa19b-8351-44a3-a4ea-ce487d11728a,913d81bd-f9f2-4ffe-876d-d7352e1d90be,
e6ab468a-7988-4b89-85da-77c661698cac,35e1fae1-932b-47aa-940c-db2138f9cc02,
b55a6b4c-c4ef-4072-9db3-4571e517456b,b9408655-7097-454c-9b99-213eef70cb2b,
961d2eb7-6341-484b-8aa2-e940f57e5bad,98969c22-5e60-4707-9bf7-27ea9aab8ad6,
eea6daf5-e69e-4d3e-bad4-e82af8709618,ef031078-7c1e-4937-8fef-e12aeb5a8eef,
59d8fd46-33d9-42ae-a937-25763050c054,7b9e1988-4315-41a5-9377-366e018e1cf1,
3ad6064f-4222-40e7-ae00-0ee4e4bd349e,cdbb2ee1-c734-4a4f-8dd1-aec1109c23dd,
020dfd18-e2f1-41be-99a2-d12f445ce606,166c8f6f-9e9a-4db8-91ab-1389022bef27,
abb76d90-5674-4457-8ae6-1957af91f573,cfa95854-00e5-4a5f-8bfe-cfe1df461908,
df192d7e-342a-4cd0-b977-4fa41e550ee5,892c196b-6e1d-43a4-b754-b36736914d06,
4c2f6a67-3e7a-47f9-b5b3-600442fb2b92,8ee626d7-fd1c-4b05-bc11-87ac182f47e9,
e3b771cf-969b-4f3d-a3b0-c54b74269f81,5f79ca05-7810-4ebb-b58c-9ddd02e48357,
72267ea5-6c0c-4631-87b8-bf121a351987,7f1b148a-4b41-4222-9085-35e6989cf40b,
32d2bf88-5d51-4bf7-bbed-47211be10a78,d56ac3d5-e866-419e-a1fa-d46702c96b05,
c5cf875d-3ba3-4924-bca6-020400653d5a,33190132-8859-4b7f-b4b5-2a2e900be3f5,
fbe9cc89-9660-45bc-a641-6c7d70a38d61,a1061b31-4ca4-4e43-b736-716fd2f79b96,
2dae1334-c7f8-4d6d-a22b-29c1f1e0748c,4f6aa1ce-12de-49e6-a057-92751b9fad03,
715465f8-8234-4b24-b58a-4892987a3589,9be80016-492c-4e22-939f-1b9f5bf7b9fc,
d2e286a5-47c6-43ec-9d2b-98e01709ace0,92d2f96a-2bb1-42b4-87b8-7ef12e82308a,
8e835cd7-201a-4027-a70b-86e8bf54f9c6,ccc373be-5923-429c-bf7d-8c7895c5d861,
bfce85c3-4540-4e42-8930-c94f60826dee,14a9ba33-a9db-4451-a806-5e8293c7420e,
88c4c347-b225-4d20-af9f-a93ad1cb50fa,3d12e598-7c37-4be0-af74-51f112da15cc,
87968c01-3747-4f19-8e0b-72709df023e3,ba15e373-dd29-4d4d-972c-eb2ccefeeaba,
8f34fcbe-7333-4bc4-8449-1b117a0ae146,a8d09744-3072-4a4f-80a3-c862827b6ce9,
725b3391-c9e8-4508-8e09-fb9acc956fd4,4b6cf3ee-a99f-425e-a628-4b1dd07d84cd,
644b1c08-6911-4be3-82ed-bccd92db76b3,893655b7-c8d8-4ee8-96d0-e6e2f74759f5,
c713bef6-bf46-469a-92d6-1be61d240508,df571ec8-f0ea-4cca-a158-f6bf04c2063e,
228fd824-80ff-448d-80b1-62c413376500,1f749eb2-e0c3-46ef-80c3-ba06d8a80e7d,
ca99a1a9-0686-48b1-8818-a2661e0fc913,18b2375b-6c81-43e9-9519-ff7f1ec23982,
e382a2ae-d1f2-46f9-a017-3236e5f229b7,217a7b0f-b294-4c06-8577-2524ae8323e5,
d10255dd-9ce9-4e28-a33f-eff403d964e1,5e6c8cf2-05a7-4f53-a9fb-76d4e7718968,
716157b2-7992-4401-afe8-6d0508579de0,f91c48e6-111a-4e45-9b67-3455cd5429c4,
eb10d777-123e-4896-aefa-efed4ddac9fb,045bfb1f-c17d-4d45-9ecb-7f26730c30b0,
87d45f84-651d-48f8-9960-f84113813f5d,e2d52573-d37b-4727-bd03-f89a2af6a67e,
e2a49675-7939-41f7-b7fe-65149035d351,ab1d745b-ccc3-4f62-85ea-294a338397a4,
59431377-09b4-4a93-8036-d1c6c4b011e8,91228075-fb37-4f28-b880-973450f57aa6,
6059e0e3-3d39-4884-8135-c132d4bfb4f4,c6ab72a6-6a3c-4228-aa59-6b34e998497e,
140ddf52-cf37-4098-862e-6a05928e4b23,fcc4f33e-cae6-42ff-8811-fc8a274300ee,
7027c033-e11d-43c7-9105-9a1fcad5d317,2057e3db-0ecc-4e2a-83be-8e22d9d897d7,
591aba0d-b9d0-456a-9da6-8d0a639e375b,badbf980-b320-4515-ab9f-b4227c972705,
2fd45eb2-a9d9-4e09-ac4f-28b6ceb97b67,57287416-7ba9-482b-9acc-c5dbceec82ff,
cc60238b-0a29-4564-a0eb-b51a355a8225,3a45f9d6-5fa6-4787-8edf-3068df4c98ed,
57b8663c-fe94-462e-afb1-6faefee16689,ab8a5b0d-a325-404e-9e8c-30ec136c6119,
4279b8f7-a064-45c0-aa95-07076ed69ae2,e13d6723-a6cc-418b-b918-f7a9c9da7669,
68778be7-b87c-4a44-93b1-c9a9e2797854,22d004b4-04c2-4991-a8db-1809e402cfe9,
0e1fbbce-1593-4d78-a809-9bc26c10ab18,f15675d3-1a0e-4a38-8504-8533d32091e3,
9cc1f256-1802-411f-9904-4367d6513a34,3918cff5-8220-41ef-b786-0c1cc963f005,
106ca0f9-0232-4c95-802a-7c3606f14479,82ebfd84-2f60-4e49-a227-632305f7fb85,
716318d9-3618-4d2a-aaaa-529733347bac,04c461cd-f6f4-4c2b-8c15-bc7927cebdff,
0e9f1f08-a369-46c0-977a-303b6fe567d5,6305f82e-d22d-4636-8100-87dff5c660b8,
a555f0a5-9dd6-485f-b694-6e490e25bffb,1ee1e145-4bf1-4d1b-aab1-20818ab9fe8e,
546f9a5f-06b6-4afc-b483-e0ed20e7a586,a8756c4a-f75d-4fdc-82fb-964c5e6fb1ac,
0ebf4fbf-d44c-4a58-a669-ec6af03f1d37,204b28b7-125e-4755-8655-e4dfc9b44e1f,
32757995-395e-4bc3-b5f1-f2efba20ab60,092d5198-400c-4c07-9b5a-307cd411b275,
2abdddbf-ed7d-4741-9207-7c0d53c4cc5a,2a90a865-8cfe-483f-aeee-8b5b19485f20,
93a83d33-6a90-4844-83fe-da52c1b10027,719fe4e0-ff73-455a-9516-2e25dd8789d3,
1d699c1e-a762-4569-95b7-9a14c993a359,887e4bd4-e04e-4af5-a089-a28a1a7da468,
d89bb936-fe4e-4036-8279-3a097be085cb,8b143cb9-df95-4627-b064-a7c2d19b16ef,
57ca72ae-99bc-4007-ac66-cf03ff42917b,6efb3557-0cac-487a-992f-5cb69d9e49e4,
8db3c5a5-56d2-416c-a941-09e6476e386e,ee9150a4-650c-4b2c-b36a-7ae8782ee0f5,
65541410-165d-4772-a5c2-f7853ac5c0e6,914ef570-8e5a-4d31-9d90-2ce50dd70a34,
097ea033-d3f2-40e7-b8b2-9d76e4eb8e31,f8652a1e-baf2-4198-ad08-3e1544f83d34,
3e8efc65-a698-41ff-b205-3571f64cc9ef,0cce0288-d2d3-4d02-af85-ada90576fd4e,
f70618d4-c43e-45a7-83ba-0796d787eeec,dfa1e7db-bbf7-4f05-a8d7-41a45a128c9f,
735dd8f2-0cb5-48a4-9289-f6580aa88d9c,1fbca5d5-93f3-43de-8724-074f1d5c7c76,
146ef17a-99c0-414b-be9b-b37ee46bcb3e,80717997-bda4-41f7-9c35-4b8d76faa0b0,
0edcb39f-af42-45bc-aacb-3607fbf8c932,1457539f-75b3-4d47-9c31-2773d5d20097,
09c20a73-2b2d-4993-a0f2-48a1fef965f7,150dc24d-4b69-447f-ab1b-5dd93ad75546,
3bd75b8e-6853-4aa1-aec1-124d680454db,1f37b9d9-1641-47f7-b847-bfee85a85d8f,
e85a5dd4-c488-41f3-831f-47568af451d2,4b83bc5e-54a8-498e-b072-ebb0c6ddfad5,
42ddd14c-5529-47b2-ac5f-eafcb41988de,5e5f2cbb-a5d7-4827-863e-5b9ceeae29c4,
186efb49-8147-403a-9af1-71ab3f0d1028,2e755155-f1cc-404a-86ce-8ef6bd27251a,
709b4d94-2614-4970-b64e-3f499da0df70,9d48cab9-082a-4b4d-9475-1cfb90cd2156,
804c353a-95e5-436f-8e73-c6b937a945f3,c6de3771-0569-4adc-adf0-454f3508f9e1,
dc494c78-9901-499f-b8b5-473c9e44afb1,95482f9f-1037-4660-a581-c46ab97002cb,
3bcf36bc-4c87-4150-ada5-3568a96730a6,c27d1d5f-b5b8-4cfd-b5e5-56d8e16eb463,
4f1829f5-8235-49e5-9d1b-ff9fd0b30f16,098a29ae-33d1-4aec-8b6d-dbf294fda7da,
f2f07353-8f66-4c6b-8410-8529ad60d65f,d7061e9f-0c79-4f0d-93ab-b3fa768b4e7d,
eb622613-bd44-44b9-936d-2da1d791e6f7,edee2c93-dbf5-46a2-a6c9-bad3d65da66a,
890265d3-2a5a-45a5-8c29-23e07decc716,4cf16404-78c3-422c-8ea6-0b76b35ff60f,
c2f73d8e-7037-45ee-b744-870e4d0ee306,6155503e-22d9-4aba-b848-9a2eef2c5bda,
55072a7e-7ed5-446f-b771-153102bf9be7,825a7996-a692-4624-a474-1145b1411769,
f761ce84-ade5-49ed-b4a7-17cf879f763d,df25e1af-a342-4fba-9edd-4fae99a83036,
60aac7e2-c1d6-45d6-9b35-49e125647aba,69c51911-d530-4ef6-9f63-9850faedafd7,
866b7225-b60f-4570-a3d9-18b96c45f190,8afe6cdd-7148-44d8-8d39-c0bd48797dd4,
ef31df57-93b2-4c6b-b3ca-182cdf4984e4,c8ec1563-4526-4517-a688-afbb4e1f6c0a,
0f3c4a12-5a83-4f4b-93e3-d87c6eb419ff,5095474e-0593-4477-8ce4-ef3700c6900e,
621c36ec-bd74-4537-ad8e-e20c86863b79,da113ae9-2eb2-46e6-a5b8-c4632294f84a,
cdce1c3f-20ff-48a2-bd25-a13f9d3c00fa,17177872-0473-442b-a13c-90081aa411cf,
ec62eea7-a688-4c88-bbb4-ecccedb01adc,31326820-7d22-487e-bd39-af6ae8ae6034,
0cf2c5ac-e636-441c-8d65-70033b8127cb,f5c0152b-5533-4df2-9aa9-a54ac7410c20,
87a2fffd-525e-4d04-bf44-311995188c92,31bde271-eaf3-4b8d-b1f7-048169f94972,
ae851498-8842-45ce-933a-7d8bf00d868c,a51e3a07-c3fb-4d75-90f3-c53545c27d1f,
3a76fca7-3d16-495a-8d4c-df082f2481fb,9cc72f8e-9c1f-4960-9a4d-a80074f76172,
762b93ab-2c0a-41e0-a6a9-9f958ad9feb2,d319f721-0f2c-46c5-b808-c1aa45ef9bbc,
137dfd6d-0deb-453f-add5-3f27fc3dfa00,00ae818d-6e30-4ce8-8d28-2761907dbb8b,
faf5d979-4661-421c-8fe2-66c98d23520c,32ea4fb0-57c4-4a1b-bf6a-e5cfd32bfd13,
4c951251-d895-49d7-982e-8389a30e7364,7b11a71c-c258-449f-a2f9-22db3d3827fe,
2886d5c3-d466-4bcf-9abd-9fe43d822c28,a7ea9238-ee47-479d-b072-cc64483a7475,
502aa3b2-dc3f-46b1-9c66-8e2b7676a9df,f34a615a-96dc-4d09-8478-5bb6ecdcbae2,
8ea2bb94-b3dc-47ec-b604-551831306f80,b9c45114-a0d1-48c2-9195-df02897abee2,
34cbfa72-3a7d-4fa4-9e80-11e666053d5e,37a0dd37-8f73-4ca8-acdc-7aa8d151fd0d,
ca0def29-d7ed-438e-bb49-2272ce326645,065a2ce5-6280-4a09-b983-321b06a66982,
8c105a0f-2c47-431d-81df-3d4eda0e0265,e027d51f-72f7-4f74-aed2-a5d09df3377a,
3c6844f0-d951-4387-bca9-66b2a97ced25,66d10963-610a-4683-b577-c4a70aba33a3,
b471aa3c-ac4d-4a96-89c3-9f3d747ad8a6,8bc35f0b-0055-4c88-9a74-be7aceb186eb,
1fc0a925-3964-4061-be28-0aa1f7ce1404,62049df6-02b1-4dd7-8b36-74e412fee51f,
ec06b50c-5e96-416f-8ef7-4b5c5c8668ec,029e5959-0ed2-47ff-9536-a2130a841ae0,
a0a0d43e-da9d-4799-b8b1-8d900c70b3e8,d3eb2ca6-003a-4a74-8d30-34109b3610e8,
54ae8756-290e-410c-a23a-7b4e62b6f250,5a6b2c3c-69c3-4772-98cb-970218f64ad7,
da9efa72-ab81-44de-a7f6-027037cfa505,edb90583-e633-4d24-a446-9354bc7582d3,
0c5faca4-5c53-49b3-952d-fbc1b913756f,cdf80318-8bf2-4494-98a5-ac1aaef5adec,
3759503b-e276-4b86-b5f5-226de3855ff5,791ec58d-db3a-4273-9d87-000a0ca0c8bf,
8d1b77c0-8ef8-4165-bb2a-3487d66c247e,6af2fb7f-f43e-413f-be21-24ef0b6320e7,
34a225fc-8f43-4a06-9c72-5593d76856ad,8f061b79-6ae1-4984-95a0-0553994a8169,
8f7a1455-0f96-4742-8d3d-03bf12d53a82,6093ac46-1823-4441-a28d-57438976be5d,
fce1d151-dc9b-48a6-821a-74627e1fe40b,68b720fa-7327-4186-9719-f1e60f11b967,
4db3729b-bb5c-4297-a4c6-23bec3835b31,0cade3b6-7af0-4153-87d6-222c168f9394,
21a5b673-64d7-40c8-8277-5fc3d5d0da66,8c4da8ed-6d99-4936-8e4f-fae74a82dd63,
db7a9780-f1d9-46c6-b8db-28fac44bc0ce,ddc3e89c-cfe3-4b21-8512-dd67534a0937,
e0055eef-69cb-440a-904b-d1951de68daa,6382e916-799f-4503-806b-a7bc5fa2804b,
32e988b7-9f0b-4ca5-bec1-7542d34aa4f9,399553c6-5c79-4110-b5b1-b17c5024ec31,
d8ee7929-0ded-4bac-bd94-3abfa987d769,692ab135-0619-4a4b-a6d9-5f69c8e32105,
c49c61ba-c07f-4114-bee4-b0ed4cb0bf6d,3b60640f-7866-44d2-b24c-5be2554069e8,
c7e08cb8-bf1a-4ef7-880a-b4a8928fcc59,00fbcb76-7d9b-41ee-949e-53799e702b4b,
85972804-adca-433a-a88d-929d7c90baf6,7c63c3be-dcf1-48c7-b3d7-202b2f928733,
e960a96d-d71c-4e85-abce-1f9ecb5bfb6e,b148290d-07dc-4a7e-ada2-a49e24d7ad63,
ff3b6ca3-908f-4c71-837e-2bb1c0479b59,855d84ee-e2ed-4262-b564-5331a9ee1d18,
4fec4e07-f24d-45ee-9081-7b94ba31ffc8,9edd950b-5550-4781-98d5-1ebaa10d8773,
2b372284-19ab-40fb-a718-2e7e28e12ff7,83f73c3b-8a66-45f9-b47e-1ce83025fd21,
b012512f-a4cd-4891-bb9e-8415eb69e871,d39b8d14-baad-48d6-92d3-afd231209f83,
87684c8d-b38d-4cd5-a201-42ac0977efd2,c26f8f6b-ff11-4094-a994-1dc1561ba26c,
a3dd44f1-566e-4ffa-a15c-c974b1608a43,e7f69ca8-428d-474b-a08c-d580d72d3843,
2a25f963-76d6-4bb9-8dfd-d92b4ef0007d,ba5b2401-fca7-4bfb-a7c6-2d9d134bf114,
33e31eea-f0b1-44bf-8076-b34b8985f539,f8d35928-0be2-4031-8f84-cb8750d87825,
efcd1eb8-f44e-4b1c-a6a1-654ed359510e,50d5a8ce-322f-4b01-9786-44c7a75102aa,
80e989b5-09ec-49d2-8a54-3d10537753b6,1c609940-79e2-42d0-b873-c608709eeb00,
fba34e16-9f8d-4df4-b334-61bd1b430bd4,0bcde8f2-824f-4ee9-997b-4a75b10544af,
8a5f5554-9acc-4ec4-bd74-43ea0f683b26,36c01881-4d4e-4bdc-b03c-5f99d092d361,
224661ae-3bde-45bc-92b1-5b63983c8263,c2b89026-b9f4-460b-8a57-5afbcc78f814,
45fa1927-e2be-42b4-a5b7-a45f48af92cc,57c0a1ea-f044-451c-b08c-e0b418767b8b,
2f642922-132a-4970-b631-66dbef4cd9b5,d4829243-e702-4867-b8fe-f53b2e90dd4d,
9afc7d86-f692-4e1c-9dad-3cefd6ca2a06,525e72c2-1939-4244-9b14-36e9970932b6,
8e2d8cae-010b-4d99-905e-66cfde599d8a,fda701d9-cc0a-4f97-8821-5c6e0134a1c4,
ca8df774-e465-4af3-9b61-f60b82ad6c09,3d7697f3-fb6e-4335-bd61-950c02d4002f,
d74694b8-a49f-4306-9da3-9b7024194f96,19b008cb-17dc-4fbb-9541-1197d0cead5d,
37cc5d8b-7339-48fa-9383-06c02abe21a6,dd0d0695-8272-43e8-8e6d-9972737eeef6,
b170a8d1-2b9a-4bf0-8fe9-432e9f17bf08,8d7bd487-13ff-46aa-be15-c7037a63f453,
3a3203b7-3de6-43a1-a9fd-78bb3a097521,3371cea5-34b8-4fd9-b3ab-79c3913ae0c8,
90698103-9413-4964-86b3-ba829222767a,c7ad9fb8-5ee2-411e-8f25-ee70258f30c1,
99611c50-55a9-4a73-9958-720a7c4666cd,8fce8a6e-1bea-4f66-bfd9-8e5cdfa4c47c,
c7cc80f1-163c-4ef4-b58e-7e191e8fe099,4d218cc3-0a96-4926-8796-1adab1bc68ec,
543f739b-690c-474f-b904-3dcc47b72a0c,80073049-12b7-4eb7-b0f6-f0140ab36297,
f1afe180-b011-49e5-bd0a-1ef6f2d44df5,5e4f9df6-c393-4c87-890d-69b409c3bd46,
9b5d9524-2a33-4f3f-88e3-7bfced191469,b8f1f098-aef9-42b0-abfb-d7cbb27ce3d7,
fc33a2b0-60f8-4c91-8226-53927d82001e,00627cc9-f1ba-422b-af25-8454f20141f9,
9ec37e17-503e-4cb3-a7a4-001ddb7ba447,615f83be-84a8-47fd-b36d-5fd5fa39d54f,
626c32cd-0205-4673-9fa0-e9f7180de1ab,eb20e863-6624-4e1c-a007-72c665ffe159,
33809e90-902c-4570-9655-a6db9b53de84,9bc1d9bd-e225-4631-9857-393511473fed,
aad8d439-58dd-4dab-8f7b-ab6b1caeee49,13d8a9de-5eea-4305-a4a4-aea757e79c9c,
b46d3fb8-b5f5-4d37-8307-39b3b3319447,fc6d1de5-fc74-4e23-bbe3-985b8252d734,
54fbc3b1-301a-4e8b-9114-43983e6971ac,bda7a0c2-1522-451e-8f23-3aa4c92b93cb,
055785bd-f35a-4933-9fe2-80a860d1eeba,b9100378-29d2-4f94-8a33-e32a9e1e58d7,
4141bf89-c59d-4df6-8ab3-bc0cd839ff03,f4944f6a-0167-44ad-b906-73774e334bfc,
80991603-a9cf-42c9-9bc2-676b2b7390a5,d800efc1-f878-4d26-9621-bfa96e33dee0,
27f202eb-2c00-4c30-a449-9f942eaf5060,0c9d0f84-81e2-4647-aa9c-eb335a15e1ab,
13060704-35b4-471d-ae03-972e05bc3fdb,92d9feaf-70d8-488e-8e0a-8440c187a407,
8de9bd9f-afdf-4806-8a98-c3c2d11627d2,44c3fd9c-f206-4ad0-a140-99c8cc8f9593,
f8dadf38-c1b4-4e8a-afca-c5cc0a042d14,9ef21c64-6c86-4e52-95ae-65f887dd7b70,
1cdb196b-9a4c-414f-92d7-9b7bd02c894b,27a74570-9311-418c-a905-6a3f76f9aa21,
37c7d7b5-3f51-400a-8169-6527302e4cf7,d20f588b-ab41-4cb1-95dc-01ed271be44a,
510ac649-d25f-4d64-bdbf-30f3e671c434,0f969b88-ca00-421f-b30b-7d3f80b7032b,
b6bd0658-3419-49aa-a81d-2c2d5873c528,5e7dc91e-ab37-4bc3-96ef-4813e78486bc,
a0a7959c-773a-4605-8b5d-56079e05ac51,2ceb2414-4a48-42eb-8e92-1354cf460413,
ab8060c0-64d0-49b5-afc3-e1a1cd8d86a8,01501a3f-f408-4913-be5f-73645672b6dc,
9c446267-0c50-4072-a835-482f5e722a2c,9fec712c-63e1-4f8c-b41f-96a822d4fcaa,
db67553e-b48e-4159-9a98-74eea6d035d5,1065806a-6c6d-4488-98f8-e1e785b9128b,
fdba0f05-f7ff-4a0d-9af5-61bb685b7c1e,8ccb1b50-f9a2-4516-9481-d3c9a06a46da,
969176c1-4382-4f11-a36f-340ec7523203,97ea4d1e-fe0c-4723-8e45-e21e628df273,
55abbabe-4d32-4c1e-958a-6965528e5b0a,11616c85-d64d-4c13-95f2-3707891b6134,
553c7c77-08f4-4c89-be96-d1188c4058d0,654426ed-b9e3-4bb8-b5bb-1a5ca5dd4d1d,
816f504d-ed58-4fbd-a168-8a24339340b5,5db3a52a-7fbd-4f28-ba45-d07b07803aca,
4b202e9e-47c5-4d5b-b4ff-c5f034ccb0dd,ee498592-1596-40c4-9d51-6a1dfd2f3dcf,
6dd5d8d2-6811-42c2-ae9f-dc921f13af68,6e7588b6-3ea8-4860-9949-d264a64960ca,
fe97b4a1-357e-4fd0-acd4-4dd055ceca3f,08b143ca-d4b3-4480-b705-a723caa433ae,
901735d2-981f-47f0-a6f2-664725e86e5a,967f1dc0-328c-4e52-89df-ea651e7551a1,
f5ab825f-afd2-4bff-97ef-f02ae7e2e306,efd77235-b5a3-4d3a-97eb-8cd51fd0b97e,
1e1113ff-de39-4c1e-b824-5b8271acd1d2,c39dc519-608b-44c0-bcf9-c1349c4abd47,
8c2d07bb-69da-475e-b58e-abae552841ab,11eafb33-511c-4fb1-b095-4c1668864198,
1e48640b-c555-4610-a21f-9910779f0f28,1eb08c83-e7f4-4709-8ebb-d44746c67e4b,
fca9c77f-8900-49cf-bd74-4994af679b4f,301b2a67-89e6-4cec-9678-292ec3855ec8,
90a887d5-2a17-4a38-a156-d5536e556b19,37a1a677-af1d-4571-b3ff-382d2110135b,
35de7329-53a2-44dd-bb0c-83b4c92bffda,e846ba62-08d7-4abd-a642-b3a780371a98,
c91ca274-d63a-4dda-a03b-051040462bac,03fd6e49-ffe0-45a1-94cf-c5199d56a25f,
f8216bf4-b547-4ac2-9e1d-93521aca0454,11a2d5c3-7a18-465f-9ff7-962b1cb42a3e,
1dc5e8e8-e22a-49b2-a404-40a6d155aa46,d8958502-9bfc-4808-9698-cbb16a998d7d,
c7bf3c63-6fd5-4fce-9026-e9f17aa5268d,17358511-f39a-4c55-8fa5-e7411025c400,
a72643ec-31e6-4097-8fa7-7b52edd36a9f,1aa5c048-2906-49ff-affa-f95ed8515d3e,
45d2e574-02b3-4020-99e4-7254d9a131e8,d41148f4-dba2-4cf9-8ce6-8a40b1248cd7,
71fb2b6a-592c-46a8-b517-86efc55076ff,81c25d99-ff23-48b6-9d87-da1303145017,
309c6698-6fc8-4b85-bb0f-757476c987af,4b6dccd7-68eb-4c8a-bd72-73d9784d3e08,
0e298c14-d9ea-4770-83ed-8a441cc57c39,a707eefd-622b-4364-900a-45e87c4e7e75,
b3ab76b3-65ac-4dd7-a2e6-0a10ac1762ba,c7ac321f-31a3-4d9f-ac31-b1c096580ede,
86e9d043-2e53-41ca-ba8f-ca36ec323e9d,c25edd4f-dca5-4f03-915d-b8944368e7ae,
c7ca34af-4772-494f-ae21-a582cb215b33,250c7d6b-c43e-4863-8097-6dc7dff2bf43,
8ece4088-46df-406d-bb14-312197903d69,e75dfc48-e734-4fac-be48-9e5441b977a3,
5408bc70-25cd-4358-a309-dada4d610316,2e4dc2db-54d8-4792-87f3-2f0dfd11947e,
0e3d8342-7e3f-4507-8500-574602ddc579,2e5db6ff-226f-42d5-b776-3a4e8367a347,
800fbc46-ccea-4d50-bda8-da4441acb8d8,3972fcef-53bf-49bf-84f1-870f754ea6ac,
57f01fb2-9beb-4c1c-a908-6c041ab8f948,e341d29c-3cb9-4f63-9412-783c0af36205,
ac8aae8e-c527-4324-a370-771b35b6c253,7d8ea614-d051-4d95-8554-b98c58883b41,
c597a9b9-9eed-4d0c-b0df-4edd9bb34e8f,c0d3f055-ea81-4e1b-907d-dc16d4215a16,
fa0a07c8-bba4-45cb-9110-46f74c009d30,4e8918f1-57cf-4250-a64d-c7fbfba8e2cb,
0fc3e64b-6346-437c-a25e-fa8c3aff8f3a,d01bc1dd-d32d-4636-bd31-f31172b458c8,
223a4bd1-74b9-4b0a-beda-8bfb427c440d,3abb14fd-c02c-4509-8a3f-b0cd49c53a20,
bbf99e98-6def-4bef-81c6-3ab45ca08430,bc883ace-840a-4618-97be-ee775803cc40,
ec0c1310-17ff-434a-9025-3a1d69283b7b,c614602c-ba87-42f4-9120-b8bdf3939e91,
97d7d190-ab0b-4aa5-9b97-13d1ff67c670,519eb730-dc7d-4ec1-84be-798c6c675019,
e37f6a23-8ff0-4b47-932e-5c3b9772ea35,9ed052eb-ba3b-4ea9-a55b-e545272992eb,
c891a4e4-c0c5-4925-98f9-eccc6ccfa699,8a1aff1f-7f17-448e-b5be-5ba44c31bf47,
059cbded-3c3d-43b5-bb36-5ac8b0ce0f7c,11f585e4-8fd9-4e48-9675-b786fe43aff9,
8907f39e-cbcc-4458-b27d-7c8d6cc9772b,b081c586-3619-4858-9841-51ef0b7ffc62,
cd3802f7-5acd-4bfd-b565-4d0972ab0db3,0fa6dd53-dc89-458f-882b-0595421efcfd,
01a3c398-0d43-4563-b1bf-2936d92ee9ec,8342a2aa-8e06-4c91-980d-fd859ec5d5ee,
535c1b6b-267a-45f2-b57c-d55cf2c2475b,ffd20d04-5097-4ce2-aff2-4ebfc1d4d397,
6b45056b-5453-4105-b115-41c56ac0f184,55494e41-5b59-41c9-ad11-1ba5478f9b8d,
03301892-46ec-4f4a-acb8-8a22319f8351,69b97190-f063-4482-a7b4-bdcc3fdcfc4c,
9b4ee426-d4c9-4e1c-a57d-a184d44d825a,3fff709c-3f16-4752-b464-0af39e3babcc,
b692ee3e-2a9a-463a-91d1-67b8134ce2d8,f10290b3-aea6-4ae5-8fbf-c18aff3de2be,
a5c877de-9da9-4663-ba1c-7c7024c41a1c,64d27ae5-4181-4c2f-94cd-f6c6f6315415,
80d7ce5f-eaa3-4aff-ab14-89ab7ac3a5e2,238ab959-8900-467d-aba8-35ffb13ccb5a,
422abc64-59aa-422d-806b-0680c7b2586c,f89c8d93-5a69-4274-93df-15a9af97677a,
124a9629-f98e-4c6a-9eb1-b631b60d51bf,0ea0e55b-2284-4a1c-9212-cfc378acb66e,
89c68d06-9694-4b4a-b5e5-3d43898131db,21beb4e3-b034-471d-a399-f683822c4496,
b1c70fef-4c3f-46d3-9f10-3b2cbf29a954,6ec062d1-4e24-4f44-8a0d-19d5acb79dc4,
0b966a68-a2cd-4cea-870a-6dd622c1f449,14c5f116-0b0e-4cc9-9286-3b9c641fa533,
11c9efa7-76b2-4310-9dee-c54792bb3f90,8c31c608-848d-4c60-aceb-5c93c4220b91,
aa15df5b-d5fb-4319-9d66-374b1c40738e,d8be751f-f66c-45c0-aa86-a30aee1e3f47,
66272bf8-6b5d-4c4f-a294-e6300dc08b9e,ccb0f81b-32ff-4e11-af03-2e4db05ced59,
90559d98-5ecd-49d7-afcb-25b105b578a1,9901afbd-c6a3-4c34-93fa-4a4580f93c89,
0097b316-f1cf-4163-b34e-d9cbca2efebb,896c72a6-57d0-4307-85e2-84ae58f76adf,
9a8a0275-759b-4383-8ddd-32f348d84eab,0f5b59c3-2c24-4c79-871b-2d2083ea61b0,
f2ecefa1-4fd1-489f-a4fd-543b2431df68,965db0bf-70dc-4d65-8a9b-1db1de644b29,
d2cdc14e-cc77-4447-b890-fd0882fc1084,e805edb4-972e-45ef-8419-e58200088fc2,
dcce5c9c-5b22-46bd-9e2a-8c20425367be,fbd00106-4441-42d2-9e46-fc82c7cc71a4,
139c65a1-061f-4b76-b4a3-57d82eb9b5e0,32c286a1-e43d-4013-9b1b-4bbaa09bdfa3,
48c1e302-0edf-451c-89b8-25fc9faa2155,b48d8bc2-663b-457c-8f01-4a232cd4f4ed,
aaa37bd1-2605-4d7c-843a-dd5437794632,cbed5d5e-47eb-4d46-b04e-d1ec822d96ba,
68de570e-af50-4d84-b568-0d538424db46,028dca86-9f7c-4371-afe9-2e40b72fe3a5,
78bcbbf1-2a2c-4d76-a307-6309074a1529,c14fbb53-612c-40e8-9655-b99f88e4bffe,
64201360-9eb6-44af-9897-2b37889479b6,11c71d45-4eaf-4333-8e9d-4624fd3a9e74,
31d6bdaf-89c1-47f3-8a41-06e946663e72,0c551766-4e81-4dd2-a78d-329831f75af8,
c6102918-7be5-460e-828f-6d9081425091,25e3121f-43e2-4d95-9249-bc4859acff87,
293f78a4-a5ef-40bb-bdb0-53c267f96d1d,69f0b841-db04-4674-a66e-d5ebcc9cb1d2,
ca7d887a-ace3-4d73-8d50-8c75f1da29bc,68a50e5b-b38c-4fde-ae82-e3fe525d9883,
34eb7533-dfa5-4a63-86ca-030f49f7875f,802f46bd-ae2d-4ba8-8bf5-0d7b6090340f,
22c1a586-b228-4b00-a284-974b3b10263d,8ad36103-bcb7-40b7-8632-0522e9bc47df,
46dc662a-ce22-447d-bd39-1eed5be25c9a,adceae7e-96ac-4fe4-b4b6-328b989a8c16,
194f3248-f2ef-4602-b3b4-7715066adff3,8d72a914-df24-4601-9f1e-b53c219cf812,
fffdfc2a-f164-4d1b-a563-1544cbd65456,b7f5c951-08ac-4dc5-9479-6c92d98c47a9,
a0f84eff-e8c7-4944-a6f1-f19547b5e9c6,21710b64-1d8a-4be5-bd3d-a0a1f183a693,
b88db862-5c22-4c90-a151-0eead3a8335b,85113a83-0464-4ac0-953e-c61c8dd8be2e,
8d1d095e-5f8a-45b1-839b-4086a471869e,791f9160-4bc1-4162-850f-572218036c7d,
0c3c5b46-b3a8-4497-be05-d4e1e3862e04,9893856f-0118-46a1-a8da-2034225f8594,
1993eae4-0efd-4969-959a-b710fd28cb85,47ce2eb8-bfba-4406-8d71-36f33cd33214,
21327425-cea6-4ea5-af09-81c71a10b7db,5b4f2de1-6832-462d-9dae-6b47b91ff49e,
c951f63d-1c69-4559-9949-85896684c928,8134df38-a13d-4349-b4ad-87731e3ffc3c,
5a754150-a585-49c5-bd18-7b9834f5eff3,283d15e3-47b0-41a1-953c-abe4362c9f8d,
1d8da8b2-a4f8-4173-bd3e-612a26e4e83b,9cd37f9c-194b-4c38-8e7f-7403217d0204,
4694a9b9-fca4-43ac-bb56-cc7c8a1cefb6,50389a25-f3ad-4382-8176-cf4057068ee2,
f6f6d3d2-526b-4dc9-8350-d1d1394b2a34,e34b0fc7-14ce-4309-8c9a-ed02f3c307f6,
4f3690cf-e48a-42bc-986e-c71ed7de1d53,2bc16d25-494f-440a-b8b0-4b0093c72636,
d8c78ec9-6719-4009-8d56-59e14a44be72,ac3e16a4-75f0-408f-9f51-f33ca35a78cc,
e63006f2-9cbe-4d27-8c16-3b988a4ca6e8,8bfe3ff6-fc87-4ade-aed0-8c6213f6a308,
488898b6-3e31-4da8-911c-2ab6915a9063,655b59b0-5e12-4ec2-9ed8-fdb1796c225d,
342117f3-8442-4e0b-8221-63459f784e58,fab0edab-a6a4-4586-887d-ed487a9235cc,
44baad73-fe97-4ab5-a864-269be8aba475,3a75ad09-c26a-4359-aae6-47d4ef4980c9,
d4848f58-d3be-412e-8c1b-a4b998dd3457,46fe29c1-d5a7-40ab-b5f2-b6d5348e26a0,
9c53ccbf-611d-46b9-aba0-178d59a6b850,0a0991fe-25fe-4432-8a24-03789e633377,
8610067b-efbe-4af3-9dac-72e6db85d860,3e7886d4-0cda-4f30-bc99-4e04942891d1,
0aa38159-eb01-4ec1-94ca-be128079c113,ab389f42-b989-467f-a17e-bb46f94698f5,
28469e54-eb63-4999-9661-c6d83d7da674,957da244-b122-430a-bb27-5f8708777d20,
4b63f390-a8f4-4995-b031-fa0319b21932,71d0a7a1-a208-43cd-a13c-1c4f04da3b59,
34256a1a-7bf0-4d82-a0b2-6b26a0014f3e,c7194501-c7db-49cd-ae51-0aeeefc041b3,
c5d190b0-aa21-4852-94eb-3727fba28643,80e2c394-1366-465e-bfd4-9aada3c17379,
3340399c-ecb6-422b-a42e-9a2e270c19b4,688d4ccd-7ee3-4e14-be5f-9b32071b384f,
4571980b-e35d-4dce-bc67-60322193b6ab,a420959b-a36d-4c7b-a0e8-d8acdda95c3b,
ba2ffeb1-ec3e-49ba-9665-340388946313,6fb47bf3-4fa2-4c81-b08a-92f43dc9186a,
884eb4f6-43e3-4a64-bc83-aa6d009cdc44,f5fac97c-c112-4eb6-9221-bf6c79ffb413,
e7bb38fb-b019-4393-8cff-6e7f0d13d42b,052ef769-e7d9-49da-96d9-8c6852e079d5,
52682cb6-6b09-4503-91fe-debbbb5c7052,c381214c-b2c6-42df-91a4-e4f4cd23fcb7,
7fc4ecd9-08e0-40a5-bfd8-aaee554b24bf,1c53b761-762b-4f37-97ab-851f4d63bd04,
daf51eb0-a18e-491d-9776-f8beaca91e47,64b0e7ed-d7b6-4f2b-a8f6-77751f4a0cfa,
172fa9ab-dd35-4aa7-b9f6-854bafde423d,74144fbc-623f-4613-a582-c12959f0a2a3,
bdb5fc28-5eca-4249-b985-15d8d8c880c5,2660cfd4-2321-42e2-87a6-28d67d0e450b,
79ca1d5a-9015-414f-814e-a2812254b959,0e7eb2a3-0189-4b08-a188-40a9bc4eaa06,
4d7ceb11-8915-49eb-86aa-9c34a8f3ae40,60e9c067-81b5-4cbf-b1b0-41d13ebca65b,
649bfad7-6302-4853-9359-240f09f2d532,90df8ea4-67d0-44b0-82fb-4ecd4f793564,
e14bcbb6-185d-46b6-b833-279cef45937b,dc1659d8-c44f-4d85-a539-9bd785d3ff2f,
62d33038-1cca-4c3b-965f-dff79d8bc4d6,8931ec3f-e54a-4245-a623-3a787c2772ca,
13ad5e85-3df0-4ecf-a471-4dddee0bac54,c760128d-09c2-42d5-98fe-9b2144fab192,
167b9989-090b-4a28-91b9-b4d3726f6626,2882298c-885f-4063-80f0-c769e044e9ba,
517f1e74-f3a9-42bf-983f-c214fcabfc50,88d5d90c-913d-41bf-a69d-5a5cc7f44825,
952ddfe8-09a9-4adf-92b2-9938b3742151,737d090a-c6e4-4fe6-beac-18a448008d8b,
7e308141-2b4e-40c6-8102-b952aa32f517,50e68661-baec-405d-ad39-2d7a626896a4,
d2cb78c8-7f5d-4f9b-a6bc-5605aad81fe5,5844fd42-f847-4c5a-a100-9465ab9f5ef2,
3e46de0a-68e1-4004-9f9a-80a2b5a5f3d7,ebec6015-8579-42cf-93e5-2dc17430b2d9,
381055cf-a4f6-4293-835d-aff5a80950f6,f2d005d4-cafc-4895-941b-509d6791e0c3,
139e9f96-e775-4504-a454-7f8d8f37726f,cb9b8428-7a4c-4b84-b2b8-3341d3b53c0d,
ee73ec96-a414-442e-ac01-bb843964e745,b8216aed-0357-4726-a0c3-7bb3366c1bbf,
b29ad672-34ed-4a8d-8f1b-bc2788dc323b,048152f9-7d08-4a65-9759-b52fad652be6,
214ac62b-a30f-43da-98b5-84bfd257a43e,e7d5d65b-fbbf-4304-9fee-59808d52edcf,
25ccf761-2f0e-461a-984d-d38c56040835,0c167ca5-9821-4b37-9123-1321963b7223,
1fe89890-a81e-478d-9cb5-be90eda593b1,2a478bb4-d2a9-4abc-896f-9d27f178c5e5,
794f05e4-7da9-42bb-ab89-b4e6af26d279,270b120d-0a58-4abe-a450-4fe6855edc08,
b455ae38-e4cf-4191-be43-d7424ac1c82d,0900bb42-07ae-4668-a1e0-483cc4181299,
d46a0e2c-f5ae-4178-bbcd-2d4c0c720791,4e8733f3-01c3-4fb6-8628-095ae99e65d0,
96b33ff5-9245-4755-ac2a-85fd8e35bb92,02b922bb-21c3-4a56-9799-5dff6ce9e69a,
c3f719b2-0e2e-4c58-afc4-0ce807c5d1be,6f80fd0c-44b7-4f87-bf45-80ba5007b064,
7de8e083-1189-4291-a5c6-895b9e80a9f9,827238b6-94bb-4a25-9c5e-0be5df12107b,
5420d3cf-a7a9-46dc-9d52-302795f60c7e,e05e2255-f7e4-4579-b304-97c285ded39f,
338eb900-7fac-49d6-aada-09bee30096cc,c38f99a4-efa7-45b6-b413-a1568b65c2f8,
1d4c32eb-ecca-45bf-96a9-fe0f6462d4b8,7fca87ed-d4a6-4a49-8e80-88f453b4b024,
025feaad-ad1c-43d0-a5b2-aaea018a8205,1d681eda-7a7c-4a8c-a7bb-719ac95e88e8,
d3f754b5-1fab-419c-a673-e19e16817d81,9dfc39a8-2fa2-48ca-a5d5-1f7f645761a2,
166416f5-660a-40c3-b1a7-00ba94a81c35,8d6ebac9-8b94-4f80-9885-eb14fde2aa4b,
7752e5f3-6342-4156-8048-262de905b80b,8f660c76-99f3-467c-b547-6f54c4344fd0,
c898ec2c-4484-4912-a96c-114fcfd1c28f,a149a2be-f81d-40f2-9124-29f574ceaf3e,
bd494d03-04ec-40c5-b6ed-f6f7371e674e,d4711da7-34cf-4f32-8fd0-f82276da424b,
a46fb160-5ba8-42ca-8171-56b91e1c6dda,74976b92-5ac5-4d77-b1c3-15514b2523d5,
abc884be-0f1f-4226-8a6d-9423dbf31ddc,35f7a5b2-fa48-4ffa-94a6-75686ec2be91,
b6ca3f30-74eb-41f9-9bde-5996f7be479c,f2c3a437-f936-4a2d-b381-3818d00330ff,
f034b9c4-8f1a-425d-80db-7cc2b83d5587,dff0a537-bb6d-437a-b865-073fb201d6c6,
b93f0b68-723a-472a-87f4-c6fd4cc5abc6,a5f1fb7d-22ec-442c-a2c3-f21490ccca64,
ca3449ef-d857-4a93-8adc-e28bb7112166,dbea4cf9-fa64-4514-a592-b094c25cae2b,
1a406651-183a-437d-ae70-2f2fe47017b5,caf6b4ab-05e0-4066-bb68-bf1059b07042,
465e2a59-4b8e-427d-adcd-f241d00a65a8,a2cd8920-934f-40a1-956c-97e53c1c718f,
1abb12d4-528d-4302-9a3b-11cf2392b976,b876af23-99b7-41cd-b9b6-f3f98b067509,
cd49f8d5-2ad2-46a9-ba90-709f9ad67b7f,b245c26e-1953-4937-9180-9008e7edf86c,
72d7630c-5b7e-4202-ba16-1e99173fcb75,c4c48e75-75f9-4280-b353-f350a9d86ea5,
2c95f9f2-f4d2-4e83-b0eb-ce0376dcfb53,614f441c-da5e-428c-a8e6-e9a2899b343c,
efcf32a0-8135-41a3-b42e-f595c00ef397,f556fc38-6b1a-4e09-af05-28e47246a29a,
c82400b9-947e-4d39-8a7a-b5ee6766acdc,0d5f961b-e8c1-43f1-9e3b-97b2d78eeb88,
eb3de40f-d133-4bf0-9034-3425f499c128,e4777c1f-9558-433c-b5a3-c1c4c303c1f9,
b2b01507-406e-441f-9a5b-d2ad9736b9a8,9c62701e-a9ff-45c6-a906-05da1d4b905a,
52ae0133-fc4d-4f4f-abbd-9324563992c0,24857078-55ba-49a6-b8ad-ef5075ef3637,
22ccf5df-2563-456c-95e2-5b2072271467,8e4435a7-91df-45fa-b8f5-faaa01fa9381,
91e2ae98-4ac6-4b63-8c1f-85d434028bfc,ff4ae9ba-3a25-47ab-bf25-2aa3e1c7ef69,
546c8836-9d42-472b-81bd-feccc88a91e6,4402a8ef-ec16-4643-a8f6-3bfff6fad097,
8389bbed-3482-42f0-bb6f-8a0834eed308,f62e73c8-49ae-457c-a61f-d8ee192d4d5d,
67a0a42b-3416-41ab-8f2e-f1317ec77d43,1bb3485f-c4cf-49a4-bcad-d3f2e3ad24e0,
4cb87936-27b1-4566-8a38-67dbab221dd1,15f2576f-115c-460d-b2bf-c82d40616713,
518312ac-d4c1-4747-864a-c601623e8e44,50ef249e-0809-4049-b453-8f9552d3e8f2,
383f12ae-4cc2-4c6a-94af-a17cbffcf545,2905302b-90ae-48e8-81b9-4ae2200e2813,
9bcf9cb1-dc77-414e-9584-d2c79b68b30a,ddadecb9-67db-4b2a-9c58-9c850c7b3d26,
5c022ce3-8972-4d68-9219-2fdc6d94feef,89f25c0f-0e01-4389-85a5-754147ef7dea,
0d967bd5-1397-4aaa-b5da-675311ba29a3,20db1060-b631-4a66-a720-b20d53402dc2,
1fb69e10-b5ab-49a6-a00e-c6a4e9b3ace7,7fde553b-6ce9-4746-a9c0-e3d6a3cec7b0,
e069e35e-6213-4bc1-b679-fb817efb4a98,550064b4-b044-4987-817f-603b90ded7ff,
60a388d8-d94a-45b5-b8a0-ab2f25be42b6,0a283007-9e06-4fc3-8639-9f9a2c057880,
6f672671-5abe-46b7-84ef-3f9bd1351ff6,6f1c4522-faf8-4aa6-ab41-f2e5ffbbe3b7,
76e87d70-b5c5-43e0-8703-d1daff438ef8,63d1f165-d522-41b7-b4f7-b67a654f6a76,
15d0feb2-c1a2-4661-8d97-abac104ccc50,0928e155-5349-40f0-9b3d-def5ecd1602e,
34296cac-38c8-4dc8-a7e4-bffbd8dd51f5,7636cef4-fc50-4126-93a2-ef93e013f55d,
3349bb2f-7b81-43f5-a034-5014a3256599,ba6d883b-6c20-4781-a5e1-958f70bd3168,
9bb38192-7272-4e39-a1b8-c7b550321f74,4c658072-6d63-45b5-8a07-1b627fad328d,
eec80af4-66bc-4d89-aee8-be617d889108,3a6d36df-fa7b-49d6-a5d8-50e35d278d73,
5c8a8c1b-c752-47f1-97d3-f39bc7bf5919,d9a08093-3210-4f38-b34c-b30b783d2fcd,
ff83624d-e0bc-41e5-96c1-1cef908de85d,4109faf2-19b7-4848-bec9-bf3022f890da,
9fd0bb00-fd07-4ab4-88be-1180437265f5,99090348-1339-4d65-a594-3fe75e1a7399,
d19a6736-1dbb-41e9-8cad-a2c3b1afbdf5,dc1b976c-3151-4008-aade-852416665e2c,
63d1e8cf-4878-4f74-b14a-b277b8b1980f,4d036674-d7e8-4287-998b-48a71ed6bcd4,
ae675b2d-8c30-45db-9d02-136d91c2a79a,eab28612-5778-4d93-be08-0c289d81645c,
01d7b627-ddf8-45d4-ab85-df573366a375,9a1c0916-46cc-484f-a3f6-150d53e6e9c5,
1c497943-68e5-4208-a0a4-641c4c9cd763,efa2493c-c9fd-4617-bd61-15e96d43f215,
700f91bd-05b0-46dc-8874-98d75cc7c210,59d604c6-e99b-4fb3-862a-427982c9b0e6,
a6292ec1-d6f9-4d8e-913a-a0087df9fcfd,5907d404-81ef-4a35-b010-7884402f35ce,
59cf4b97-bea8-4ae8-97bd-f1e80b677500,323a57d3-4d1b-4c93-bff7-92849116b0ac,
69775363-9e7a-423a-8a76-a1b7f4b8ce6d,11a55858-c3dc-45dd-9861-54901763e8c3,
b3a9f11b-e041-405f-bc41-ac521bea4178,6be9e475-ac14-4943-97b0-23408acfd2ea,
cec48fa8-eeaf-48ae-a9c0-afdedd4f77d0,6918d45c-5f4b-498f-aed6-52132fca7de0,
e08bd72d-2df7-41bc-892d-869377b8c234,3d1c24a6-f83f-4ada-a4f6-f876d92677ed,
a263e5c2-2211-485a-8041-74aaba3c9c68,0e93110d-1c39-42b4-a795-6188030874f2,
002bb4cb-be24-4f34-8146-10d7f526cab1,d09aee0e-3123-4757-9553-eb794877e3c3,
31b35a69-7e5a-431e-8d95-b83863ffef12,e24d346a-ed1d-4d6b-82c2-bfa3587e4046,
d6fb32b4-7994-49e7-a3e5-c893f8f2bdee,7b995626-a942-4a85-9e7e-461e7ca63f47,
ce455198-38d2-4a5b-89cc-dc9d83d382ca,cbe950cf-81d7-4395-b574-ba79ab92c01c,
25c45c2a-3c1b-4631-a703-588d81781449,d6dad51e-9b42-4292-a32d-8357093e4109,
561f939f-4717-46df-acb3-09b129fa2cfc,bdbefb7f-4413-4d58-a463-776099ab3744,
7ec5ade1-d11c-4d73-a154-b507bf29c422,df7def39-7ecb-48cf-a12b-3bb1b7940804,
bf68a6fb-565c-41e1-b016-309a3004949c,74bfdd45-b55c-4112-9899-ee714c88ab28,
dbe3e3d1-d430-4a01-8837-8fb77b9800a1,e2acefe8-5eea-4a88-ab13-76a37047e615,
14e9c83c-135a-4b46-90f0-40cc05674c70,cc48d281-676a-4a69-8834-166a22df4358,
04c860ef-9548-422f-bb14-313c3a05574d,b02c8be7-ae75-42b2-bc63-a28c86c53586,
c309e91c-d63b-46d3-bc66-f5feabbc2b75,ff823f08-0d5f-41f8-80e4-dd0347a6efc1,
c69e2a87-8299-49f7-b4d0-101c071bde71,53f816a3-bf29-4db8-8bf5-c017c0cb17f4,
48018d37-9c52-48c8-8397-2ffe86b6288b,5b5c100d-7f28-4aa2-bed4-97e4373927ba,
5307ec9f-c5e0-4f95-9097-470202bd7755,4d18a448-69f2-4b49-8d4f-0595f5cd3900,
ab1c75d5-88b2-4dc9-b25a-b0b05e0cf96e,6e41c0d0-7bac-4cb4-9bc1-d4d037888a1b,
3e027103-3670-4fc9-a42c-9801d45e5ffe,b5e7e574-ac20-4274-954c-6a4405c3725a,
95ae58b3-23f4-4d02-8dbd-71af29b580b3,52e3c60c-1b48-4bbb-b3b1-8c3bd06b2bf8,
fcd227ff-663c-4679-be92-217192cbd38e,05b073d8-fc91-4236-b70f-3841befa3ba9,
c53e2823-261c-4572-9f47-8db49fd4c28d,eeb7fcf6-4a6e-40ba-8c1d-c64469b97714,
10d6178e-1302-41fb-b4ae-f6a6045c3ffd,fe335e55-129d-47a7-b401-82128b2366a3,
0fb3496e-37dc-4358-a17e-223a239a2513,aa43daca-982d-4b08-9573-0fae05216038,
c5088b1b-5e4b-42df-83d2-70a68e2febf5,fd68ef8f-61d3-4f71-a779-9486449b5df3,
0087f94a-fc71-46cf-b68b-a8b5ea7579e2,b45bdd21-de87-40eb-bc78-565280363394,
4a831005-da41-4b3c-8d59-b3f7f933f5ea,625a0d59-c485-4e5b-94d2-8d09df1eba9b,
8a5a9626-4e08-4036-97c6-cd7a9ac75b0b,b8c0f0ca-a57b-4fbd-a859-cf753a469dd8,
fdfe42f0-6357-486b-9d1c-5354c97a3b0d,0b072630-74eb-48d3-915c-e8ca06fedf5b,
fe7fb43a-cc37-4723-bbeb-8ba2ab2528f0,77d5123e-a6f6-44b2-885d-b3551be688bd,
bc490569-d67a-447e-9c1c-6e64fa6e62a0,2ee124ec-3b3b-495b-b546-68fa5c67638c,
93e0a188-e59b-443e-82dd-9049e59d1fda,15485cdc-821f-4557-9838-a3505239a41e,
64e797a9-f569-469f-a648-8592bab74b73,03109fb6-dcf2-4642-954e-aef2a57f7c13,
c57aa2e7-5a9f-4869-9d37-a06f47c8217b,478cee53-deef-464a-acdb-a2954ddb5524,
b0766e1f-d7b6-4cf2-9ef7-8b5cb694e474,6a82d98e-cbb3-4c47-9768-564d67740c60,
a1f33912-db3f-49a6-abf8-9944a4b10a3f,cdf90779-a44a-4bbc-ba30-83a0217be9f9,
5c417a74-5fc2-4a0a-9468-3d8110f2e16a,36966845-acd4-4695-89f6-7ddd13c2d46f,
c2ccd07e-bff7-4e39-a3a4-137061a4006d,e5e62161-2d6a-4a12-8cd3-47cefad8d135,
5f7dfacd-37d1-4702-aa3d-93314cea3146,20bbe730-7616-4b51-a17f-79cef4bca3cd,
af947ab1-9496-471e-929d-54ff38ec0a99,27d7cb4c-31ca-4111-a509-38f3bf347a3b,
ccf0339b-f0a7-49d8-a65d-fc631c8cd289,5564be6e-e39e-40d1-a798-ed3f18d4fa02,
5e3ec5b8-b362-4810-99b8-21c66105f03d,104ce0dd-1fb4-4295-81ae-49d21fe871b9,
9f6d79cc-19fe-46b9-9299-e23c7f339a0b,ce883b0e-f01f-4fb7-b982-5a48fb2546cf,
437f3a6f-bc88-4414-ada0-44b1271e316b,fd7b28e2-06db-4ae8-919f-ef4fa3a76fb6,
84c22363-1fc7-417e-b256-fced0d85cbba,bb6c5f8d-e6a6-4998-a657-529d28fc983e,
4bc1b281-146e-4920-b109-a33a915c1a40,518cd49e-2659-4f96-bb53-f66a5f363bea,
59ae11fc-cedd-4195-afdd-91115c033c38,ddb3cea6-0da3-4aad-9f76-a9e10135e733,
ebf31e69-e488-4b54-831b-aad5e4fd79a4,6ba4b75b-8966-480c-a987-61a0f974d2df,
82a2fcc3-7c9e-4a01-882b-e0e945335d03,3d15aeaa-0ecb-4a92-a36e-ad9f1afdd19b,
f7a23984-a7e7-472d-b37b-3e279a04c68e,87a4c033-fd5d-43f9-946c-50c215ac2b86,
d6a9e5f8-ac25-4b30-86ed-004f6f78b16e,a837fffb-c6ac-47d0-b894-e6fd366af133,
0b9a3971-5329-409a-b407-bb2171afad61,2df91160-268d-4e29-8aee-fc65bc79f0ac,
3332a5e7-4ad4-4236-8ca7-0bf920203374,56b1f63a-5255-4faf-ac84-d2193a9a2371,
4b9b9a0f-a2d6-4acd-bfe0-8ea32b03b1ce,aceaee66-a19e-432b-b85c-d0c6627f5dbd,
1a135944-d6fb-4f70-9cad-8f2b755910ad,c64b3b38-2535-4262-9f3f-08fbfca0a191,
d2587511-4771-48ca-bced-f5d250954086,1b5f0f34-ba09-43c2-8e38-1d3ec68874d9,
9bb52f68-4164-4398-856d-0ba525cbf6d2,26a4562e-e111-48ad-b3e4-e6624562fdf0,
baf74e76-db82-4f9d-8291-a3be5cdb39cb,9a1f6af6-7826-4e86-9565-a0d5db95678f,
b39443e6-1aa4-4591-8476-f199d54dc4d6,d3ac6800-9c42-486e-8ca8-1ab57aff6cf7,
385bde8b-8983-4c57-a372-72aa74716020,3c2fbbcf-3658-4127-99a1-6632cd4dda72,
56cc2ec7-52ea-4d1c-b7d0-cccea8e341fa,6ed75f8e-23e1-45a9-913a-23c7648b41b3,
c231e851-d638-45c8-96ea-61b28ab0539b,36cd68fe-9949-4f2e-a46f-b16ed3e563d6,
929474c0-c930-45c3-acd4-f623bbc0e380,b67bcb6f-2c49-4a0a-aa37-f89a737fc9e5,
154f1575-ff75-42cb-a90c-07467aaa6be6,9e63d423-20ee-4ba5-97b4-afdeda6f0d97,
fbe89571-fb0e-40cd-878e-b291bb2ec455,e66e02b3-8290-4859-be88-b25c7aec4eb4,
bc7043a6-c661-45d4-a665-8c3129fc3ed4,56991520-5e90-4e74-9a7c-0ef2538821d5,
5e07b508-0aa3-4a7c-a6bf-1e8e5d430e90,ccba2851-a44e-4e4c-b597-e4f0d1a03ea9,
27e355df-066f-45df-9349-b49089e0c818,0a755300-2ec2-4ddd-a8f1-7af24f588989,
8d79b883-c27d-4ee5-aef7-6bd1a61e8cab,720938a3-26a9-43f1-b2b1-992386944dee,
bf3bc6c2-6473-41ae-a1fa-dd9343869906,0390f098-d917-4b85-a4c6-37671f0d721b,
b2969c2c-4cf2-41c5-97ad-650ce6e6719b,37897af7-c843-47d0-9084-79bd874b1d9e,
77e981ce-14d2-407c-87b7-4e88a096f82d,0de8a30b-b449-4a1e-9d6e-d88c96692548,
1b032850-a725-489b-a3a7-8650e870d66c,43769152-de88-4b03-a0ac-f86335dff146,
88058318-9fe7-4d41-8759-a2b4c1207175,cf8d4c38-f976-47cd-badb-e730b1b1e1b5,
e2e9e39f-050c-4973-b8d6-b410992eba84,d148e6c3-a106-4a73-99f2-6a31bed7b9c2,
cd74963d-2e62-4f72-97c6-fffb47172807,d21b6e72-9ac7-4316-a6ac-142150cc84db,
74a314dd-c004-4f39-a945-b0335b02508f,26ba5dc8-15a0-4f8c-97a8-ec27dc6b1c89,
e5f4fc8b-d1bd-40ed-868a-79234397e897,ac09af0f-08db-40e8-8168-8bc7bfb99da5,
87ca740d-6890-4101-a528-6d759e4f5ccd,29b4ec46-fd50-4bf1-a6b3-6886775998e3,
575a0bce-dab0-4881-a01d-2a750a7c1abb,932177eb-80dc-47ec-96a5-ab4fb17df218,
f1f1dbda-707c-40cd-a315-11e5959fedc4,9bac4874-7b70-4f27-8316-011e47325317,
7854c31b-f2c5-4573-b2de-293c2956edbe,9f80fc62-13cc-4cdb-9b92-7becee6d61d8,
b87957ac-71c9-4399-8c9e-51f51a2a3968,6b582989-2622-41e7-8e90-238c8df33c35,
964ebb45-cbf1-4b9b-b209-1169f01058c3,a869f657-9f2f-47ae-bcdc-5b4ee01fe259,
6066b2a4-727f-45fe-947d-53efe6791cbd,2aef131c-0be5-49fd-a8c2-aa8b55fca724,
d716ec0e-2b74-4a8f-b53f-d0b7851a0870,8225a3c6-9a8a-427e-95ca-18febc644ced,
6d1804d5-b790-4057-aa0a-e9b76c491c88,b29ff5ab-c9e8-4b5e-aa59-34263bf250f9,
6a4a99a5-34c7-4f6a-bbde-c92306d72391,d31963a6-6ae4-485c-bfa5-4038da61cefb,
8216f02d-4cc4-4d5e-b9a2-d73297799421,bb7284ef-3398-4f7c-a641-3aac5416c25e,
6248ecc7-72b1-4d78-88bb-2ea8267e8c3d,3613c447-5cc4-4030-a2fc-c10fad8626b7,
cc8ab5ca-f8c0-4cd4-aae0-1f13e7163985,8bee44f0-40fa-4239-aadf-5458c5a16276,
fb4796e9-875b-4b3d-9e00-590cc0fd0cb7,f67989e1-aa75-47f4-8c3f-0a8d405b25f1,
3aa4636c-f84a-466d-9bcb-0533fae86fef,89bf783d-a2a1-41eb-afbf-cba5ff03dee5,
7ed0643c-19be-4f49-ace6-18af49154640,82e35395-b7ce-406f-a050-7d8280be2b7c,
53df4d98-67c8-404f-91c0-9e879dae346f,366c42b6-63bc-4ee0-a2f9-c74fb7ce7a2b,
3efd6e11-b22d-4866-96c6-b60430fb2dd0,a36efd46-540e-4c05-81f1-934b64152a50,
c2d3e5c4-6a5d-4da2-bad5-3790ecd837e6,21cc1e5c-dc29-463f-a723-5b1f0a1d5333,
c87b730b-d7d2-4b84-b60c-bf16abe83730,32a371c8-3833-481b-bbdb-2eaf85dc0703,
2e0de628-4c7f-4ba9-93f6-c07635bba87c,f21c7db4-0265-4eb9-a21e-11b751da25b4,
1f97fd96-53b2-4fad-821f-878d00a01501,a4942b50-42d1-4461-bb06-c1cc8667cd02,
580437e4-d3ab-4c68-a4ad-86dc46d54e63,a60f015d-1dfd-4548-9a55-a542f30e90f5,
fe05c04d-b6db-4628-aaa5-18c1428d1281,4c669e4c-919a-4467-bd20-567a2c1c8a47,
c6a72a94-1085-4c40-86cd-51dd8cc09fb2,a5bb6000-dcc9-4478-9dac-146cdc8898ee,
b8558416-8b74-4538-9146-90a9e6a16fad,91dd2241-6ace-4c18-933b-d19ef6eb5075,
aa94bb33-be27-4f56-9b0b-a27d79642388,3bf649ca-0c3d-460b-b91c-82de6c03e4c4,
b0772c7c-7e7c-41fc-8d0a-0b986c08ca40,4d809e48-bb0d-4922-b390-3c29e0b7cbf0,
d28e15eb-f7b5-4e7d-ac0c-8ac5b970e901,89569fc9-fcb9-419f-8fa7-71f62c073801,
68fbcc95-08d1-479f-8a13-4ff949dbef9f,5336ea2d-e4b6-4e90-82b0-3fcf3b801a3c,
8ed85ed1-1e7d-4c89-a5f8-2a249c9b05cb,8b4b5109-c9f7-4d3a-acdb-3a0732e3920f,
463e4544-1129-4023-9a21-7137a272b38e,96978655-0ec4-4da6-a907-c1eea33e1db8,
487a526e-f4dd-442b-b23b-148b997461f5,c51e6567-333b-4159-b47a-119ec3488dd9,
58c9b70b-b795-40a0-80f6-8c7a2a2609da,ff990be6-9881-4527-9ce0-169062f6a5a6,
d2f8906a-002d-4b8f-a436-035e091e2627,8285149e-5580-447c-8f56-d536b1ff8e13,
12ceb55d-16ff-4294-8a67-c2811ef6085f,ffb5ad37-ec41-4957-b6b3-f82330fca6ca,
a0e25f59-9917-4020-8358-82a9e51845d9,44bd7c39-8c12-46ec-8a68-82d89e600077,
5604dffb-67ac-4061-9682-68c35be24352,3a1236e3-388f-4f6c-b1d3-45a65810d777,
e2bd45b4-5537-4539-b216-22ebbf0c892f,1b38b37c-261c-4822-b2f1-8d19a86a88f1,
6a36d669-995e-4fe5-b19d-f48d117dc462,d5bd35d0-7366-4080-af2d-d27c8e481a96,
133e2e5d-f5b9-4353-8d16-4222b1cdabe0,da55776d-78cc-424d-8534-a0823783ef80,
669dd463-8c9a-4f14-a46d-ce0f010a75bc,c8818b6a-3061-4935-84ec-c7fd2bb6769c,
4204f5db-50c6-4466-9edf-3ca531549196,3cb50cf8-efd5-4419-a5d9-1aba328a2f2a,
6ec89faa-215d-4087-8dca-d49666334302,5512e032-9963-41b7-b0b8-77b24ee328c9,
f7039219-4fce-4e92-b696-3da1d7005c92,d351233a-0348-481b-b8bd-0ffc3d080fe8,
8f134351-bc5e-4cb9-81a6-7e106d5dbe07,a0466ecd-82af-4fd0-93f0-717bc2526005,
a95b981f-4592-4706-bf54-8c219425a397,2bcdd69a-c8f5-4241-b783-2329892e5c5b,
ed3cbbec-9f91-44b4-9681-adb3b1e3edb4,daaa86e9-5d03-4d56-aded-1e57ba39f444,
00c70e80-7c75-46e1-b823-4ba1776334fd,9c6cda4d-b1bf-4677-87e5-244352fe6977,
a9b90047-f4ff-43ac-89dc-6e8f17e2d364,7146ef3c-a71b-41fa-a421-93aa30458273,
49471c8e-3dae-4d0a-9243-caf499733221,f3674a70-b1bc-4af0-aaec-069b881574f3,
29347235-9355-427f-b85a-6e3eef168340,9c9bde23-bbd4-4728-ba7b-434d05542a8a,
fb0a289c-18cf-47b7-ba83-35d4fe1cd9db,bb3b8164-02da-4039-92b0-4f92ce36b013,
2c9b3350-ac13-4ccd-bd1f-a15e4cc0aa14,41701edf-8fe2-4150-88d4-15bbc68ff58a,
6a025811-b2e3-4936-8014-9647d345cf96,2af9ceb0-58cc-4660-b3f3-26225f92374b,
99ed35ad-54bf-451d-b854-cccb5de6c087,c3e3fab0-dd05-4470-a366-dd6173231887,
5c3d6822-5c29-4445-b6a2-5f0f895aa8ab,92c2c7aa-a174-4fec-a3aa-ac30edfc0ba8,
5ea9970a-0e97-4f28-a139-d0c1ca38f750,26fb7607-c694-459d-a95b-8f1343b3d53d,
44a143c2-b08d-433f-a2ae-fbcd28fafb46,61eb3cfc-2d16-4185-b70a-c9702ad15bc9,
c896a08e-2641-41be-b365-9579c3fe7542,d06264b7-4fca-41bb-952e-d3f14e344fea,
68ffa9f7-8fb4-4655-9356-cea4df3d7c18,a9440674-a1cf-45fe-b70b-5791651adfd3,
1b08b161-08aa-42ca-a15e-ccdb04a9e121,12ea71ab-c7dd-4291-af5d-c3929af25169,
3cc2fec9-f0fc-4740-9291-cd9c895c173f,76bed9fd-5d60-4116-aa60-0d544195e55e,
def90a8d-79ca-4a6d-a83c-b95d1932c6a7,3c00598f-e38b-430c-8df5-a6ba1f8fb55c,
f5011c58-5182-48af-889f-e6c3f88e99b0,df9a1af7-c0f3-4007-b733-fb2912e30e8e,
4f0f49ea-29f2-411d-86ba-194e1219a64b,a15c6ed8-a8a5-4d4c-9e6a-e8b82edd5430,
8053728c-377f-4ce9-a4d1-4eaed8dadba7,42fcf623-7f87-408d-a858-a278a17d87ba,
beca0126-6400-484f-8627-da9d0ef60159,35934293-193d-473b-ae4e-ff11e866adfd,
891903b1-ad86-4cdc-a1d0-145b2e75143e,c3250fb9-f513-48e0-b2e4-c959bc409a35,
3d928c41-15f9-47e8-acdc-099928c30f41,a8bfeb7d-49e1-4672-83ee-70b875ffa255,
4843f822-82d3-402c-a225-bc733f41366d,38b7b73a-4319-4ed6-9b37-f4e3365d5461,
f6e48553-3467-4e11-96fd-71e47974eb2c,4ca81416-6d4b-4e38-95f2-318f0fb2eb46,
90ba9c57-0caf-4bad-a7b4-4109a010e993,7d00005e-e69f-44c0-a3b0-193bccc30209,
d1219af1-e16d-47ed-b2c5-bb1ca6311cc3,45569b8d-4a34-4723-aa69-1508fb7eb664,
00b8a90e-d2c7-4982-a9d3-52b0ad2f16aa,6ea367c3-996c-40ea-bb78-0816903e4fee,
08c3989a-cc77-43b3-ad7c-cb1c2693fc2b,179f2176-6854-4ea2-93ce-a0c133fbedaa,
d6559abd-1a51-4499-b2a0-e0010b504b37,292704e3-dfe4-4b8b-8a46-a4172c160abf,
0ad0357a-f791-48b9-8325-72c62f7306e4,c22b3fbb-b0c6-4599-a9c0-47eb4b1b30c4,
3762b576-eb04-4179-8b46-ea1c05210c6e,f0f5c477-9f0c-41e5-926a-735ce7cb9c4e,
dfe82a96-2486-4813-b604-fc8886de3ab3,3e42e773-83f0-4d40-af04-7fe788325b6a,
af574d3e-f2e8-4f8b-a766-06a0bd98774f,5b43a8b1-7ec4-4cc9-9c3b-3dbeaa4a1799,
f75ec7a7-3302-4dbe-bba1-f819e48ca459,cbcd9adf-6b75-4b03-a21d-f0f5bac97a1c,
1193959c-df59-415f-ab27-e316ebf4ca04,728425c5-6415-40b7-ad66-bff1163a5ade,
420ecd21-6593-48e8-b295-ff0443a619a1,5423e586-4e49-4f22-aeff-2470fdf6c2eb,
aa2f42ff-4318-4de6-9688-0ba80ede9820,3702affb-b87f-4019-9194-d84addac4430,
2e07f9ef-af05-4f8f-88f9-a54150f325c2,5e1ec8cd-97da-4357-b8de-fba9c7edd65d,
40d4c784-c7ca-45b8-8fc6-56084d0f31d7,535dce57-cae2-4fd9-b3f9-6e16e76db42a,
5554e0f3-0ef7-4b05-b834-9ab022609a00,1461c285-4606-458c-9999-b2cc2bef5965,
04d9148f-14a1-4b68-95d6-87da77f84b3c,adb92ee9-040b-45dd-aca4-e2911cfcb2e0,
11e5905c-5f48-4fe6-970f-2c0f3f2603ee,794c28e1-2b91-4a97-8bf6-a45beadc0c6f,
6eafcbfb-ef86-451b-9f50-463d5f5cd158,b1b80097-b23d-4031-846f-5a6937ad11d7,
85b7794a-39bc-4eb3-a747-bbf2236a0307,1da43e5a-3860-4ebf-8df3-2cd1e7181440,
b31ff708-919f-481d-b58c-7ba6bb28aab2,69b53296-aa70-4402-a297-8942d9f863f8,
217ecb5c-8e81-4821-bb77-b9c67f4ebe10,539e99a4-2f35-4e7a-89c2-a06cb4d56b14,
2be3b7c0-8dbe-44f9-b5c6-ced0f44472f4,d97e92ff-e2a7-42f8-a6fb-3de0fe7c3400,
439015ed-0daf-4a67-8c6a-097cd8671e8a,55ed6fec-dc52-4935-a7ab-3db93eb726c9,
a07eb92a-0e79-4f2a-ad9a-9cd8857ae587,9717e64d-83a5-418f-a514-5f1f1cf5cdcd,
f1afafba-779d-4b5b-91a4-13546329569d,8ae9285c-80ba-4c57-9421-b38907af5779,
5ddb2157-a622-44ad-bb4d-644b574b9ee6,82420527-ede5-4e57-b132-3a0285a23f4d,
336b5d2c-cd96-4483-b153-5857d37712b7,24b6ec5d-3818-494b-8a73-5418f10b1aa1,
bdc7791c-5f2a-4a91-a097-bef1dbbffa30,7f42804e-8402-4dc3-ae57-c54a4dfd2caa,
a8b5ec2f-e455-4f8f-844e-35118c392e47,d678e3a8-f6ec-40d1-9610-329b32643dae,
a42d9b4c-eb07-44ff-943e-36c60f717ca4,3410f578-f730-440b-b619-8d1a75a798f6,
ebbf3b26-6d6b-4cc1-9c82-83104067f88b,081bc51e-e1eb-4540-9b18-98251f5e9775,
758dbbfe-3a8e-4917-b807-42f2f5a744fe,888f6bf0-cbf4-46f2-a499-18fbf3d3aebb,
ca08c1ad-7dcb-4a25-b404-cd89597ab06a,ca59dd7e-daa0-48d8-a2bb-6cff90077cc7,
0a2d63cb-893b-4cdb-8eb2-e3548237aa1e,2b4b4562-d993-4539-a942-e4d9b189b227,
07d1e8aa-144c-4116-b3fa-bb22644155a6,ccdd9ce4-4e39-40e3-918f-43f219b4979c,
47df8a36-08f0-4eac-ab7a-ca1549eaf901,6636dad2-f61e-4404-b157-815de50ff653,
c183b802-546c-4173-8f57-1ab3f39dcc84,0dfef853-df62-40fd-869d-b4605f813475,
50274b8b-9e56-4ec2-a365-6db5a3ec1f13,ca4db3c0-0fe3-44bc-be26-e80d5e1453a7,
0201431e-0de4-401a-84b0-8aa1073f241c,1710b276-31ea-42d7-ae91-f966a787c69c,
8c70a872-925a-416d-b4c1-a1ae1b362b60,bf1cbd93-010b-4036-b40d-9083a3584561,
afaf7013-09ca-41d3-97a6-62c2bd1ba5d7,51bf5fcf-39bf-4675-bb63-9594c2a3d1e6,
9d060b6a-486d-4d2c-bc7c-bc6b79b5b807,ec707660-66f6-439d-94d5-a79f14fa4eac,
42b31e6d-514e-45f9-9c9c-cf4cbbf8c955,f7f6e9ee-aaee-423c-a471-25b68c15a196,
6119e2b8-53dc-4e6e-8b7e-af8aab4fa4ef,35ecd2c3-e46e-41ca-909e-ef26deba59e9,
736ccea7-e852-4378-9ef4-6c14013a856c,95a02a2b-ad17-4d0a-a2bf-e8da125333bc,
89a54f2a-a319-4403-ac21-b3e737ea7914,f908c7f6-3001-454d-8dd7-a7380b0bc064,
3d3f3b08-3198-4648-8ccb-af98274dd7bf,681b6a19-bc72-43cc-b489-222cd06d77d8,
bc628c5b-6901-4630-b210-5522c3a5beed,8d9bbf86-a499-43f1-97e3-c7170a683921,
c40048d4-ad2a-4070-834d-cc0eed439db4,4d94cb03-5026-4821-8ab3-9ed8a5188541,
8cb3c882-3e42-4fbd-93e4-1edc0a45ba84,0446ee2a-e25d-41e9-b8dc-d813044208d2,
33701e8c-203b-462f-bdd7-e7420d2f0a2f,cce26b76-a639-463e-9b9a-4969a0e5ebc3,
197f0460-d1ab-46f4-8334-c9ca5da6cc6f,4b4c4528-09d8-4073-9dd1-5190d63b3dad,
d66aca42-049c-44ec-98e5-789e6c116742,3afd082f-60a5-487f-a56f-2ebc6ae03016,
41b1c482-187e-41c4-bc83-75b934081d5e,9dd2970e-5c4c-4313-8bae-04eb2ed5b812,
203f8487-1603-45e0-8a71-2069eeaed878,e09e631c-3866-41aa-90b4-b5ff4a66968b,
9d5baa25-7a3b-43c2-8b3a-260b338cf612,d69d907f-ec1e-4c29-bf57-b0af8412b38b,
6da48dbd-f5bf-4aba-8b62-cb38227e70d2,a9f2ffd8-d554-49b5-ad47-b4bbaff67f2b,
28c1fe6e-08f9-4d68-9c94-ae1a142b367a,32b2b016-46bf-4983-8d34-2a9575f6d28a,
9c90aae1-7e37-492e-8629-c62499d494f8,a50f0979-4f23-46e3-a63f-36dd64903665,
103b15a8-7053-4165-88be-abc83434dc80,6ec0c431-1892-43ec-b67a-f494ba76c526,
8e1364ac-08bb-415c-9be5-0d4b980bd569,e61b92ea-3752-43ca-a454-974396661466,
8add22b0-bf1d-45eb-acc1-1ac7da9a5006,58b83016-e084-4e3c-8447-bd7acab772ff,
be277e3c-9895-4900-93eb-f94c04d4aff2,0d4d6195-5196-4a1e-9d20-4739968ca3fa,
3509d943-fb41-449c-bb18-5ff9fae733cc,65331fe0-1f8d-4b6f-8989-33c0317ad6de,
53f3c5f2-4b94-4cf1-b1f8-ea86e7beddc6,23a51240-317e-4a45-afd9-0aa7ee62565f,
813a3465-b49e-408e-8530-3dd97b79cdbb,0bdfd30c-0ce5-4287-9fe8-d41d60dd9a64,
3cafc8e7-002c-414f-ae10-d0711d414f45,aaa672e8-d8fe-48ad-b6f6-5805403eed8b,
ad528eec-7e58-4943-b03c-9a6e214242e9,8f668f03-66ed-49d9-a580-0eb6bacf5de1,
2b744896-3bb0-49fd-b4f1-469a8dcab167,51e6e868-37ee-4072-83ef-0819c4f7d336,
