fd600f5a-6631-4819-9bad-ad136a77da70,5WAURX4FB4
f9d6560b-15d8-441d-861f-c951690a4e22,BLLT6Q3BPW
95775f14-7b5e-4a30-9365-1b5fdbf5deca,3NNX2UN1E8
31b9734e-5875-43d4-8089-6249e85e9a73,GZWM7P6YFQ
aad3f85e-fda8-41b2-830c-67adf7cfd55e,NSFXHH0CEL
4788e5e6-2e34-48df-9142-3e79a0c5f152,7JDEVNZH8K
ead8b199-36ad-48c6-af74-7142aa27446f,PGNNJ1UCRB
c755f6b3-2297-4beb-8d45-5e924b353b95,KOQZYNCU97
97994d1e-e6e8-4acd-b68f-11121dc2d46c,K68L96BV08
3d5e369f-5b57-4a9f-a2b9-a4ae67e768c7,EI027MCYN9
a3d3070b-b47a-4dc4-aa4b-1fb2af3740f4,9NSRUWSSTW
601650a0-d84f-448c-aa5a-2de2a252721e,UNG6YALWV6
fa26ee9c-3ca7-4616-a0a9-d1221fffaf9d,KWP6JCI4DF
6f8f1d71-aec4-4e95-b4f9-f2b59cfaeaab,600Z2AGA53
1d0d2e23-f41b-4f9f-8651-6533c28f17b7,OUYBBYVFT0
152a4ff2-7262-4ec5-8b14-a9727acfb2f7,OE13P5BO5S
2e023686-6dd7-4488-8160-142e81602613,ZM3KOJ344R
229deadc-6375-4714-844f-76c0f6e4b557,TKDTQDX81N
328403d0-118f-4f04-a101-f8c11cfc5abc,ZHU8DY2E3J
a7574a3f-2c24-42a7-9ad6-1d8c35cc1e5e,J05TULQBY3
2bd4eb11-127d-4fe5-9afd-3598f73f0975,LZCSPS27D6
3efd6be1-008d-4c0e-8426-a788c5e0129d,I6T8GCDU4Y
e4627202-9021-4163-8df7-f6deb7c15a10,JW5EDU3SLY
dcab0075-bd99-4dbc-a80e-82b5d909a3d2,0HPKQUMW1Z
1eb7876d-a5cf-450e-a2fa-8419325c6dba,57CH2WYHDY
c12d09c2-766c-4620-b554-92dd94207486,F33C6KLCM8
c76865ee-6e11-4621-8e6f-bacc9d8713d8,194FEF4FQT
71683575-5936-464c-bd29-db1d997f2d1b,GBNV9SIY9H
daa782f1-8002-4a7b-87fc-75793dedee83,C6KSW7K4AF
729e2c76-b862-4815-a472-bb1985880451,RIENBXTPGE
b9507d3d-81d6-452a-abfa-48fd9272bde9,PBACSZRXAM
11a37f35-a350-4972-a9c5-52fc2dbe4a71,HB02PI507V
36144449-1700-4f26-aa99-ae88ef583621,C8UT9UGVT9
9fc03ae7-70ae-4a2e-bcdb-51192ab6642f,ZFUDV3GH8E
0da364fc-d2f2-4157-a9b9-c825cc7efe94,P4XUJZJKN0
4ac1e625-9f63-4d01-a8f2-83ed81f9b735,4TB1FT5J01
62387aad-5ffe-495c-9388-d3831bb7d67b,G3571016MJ
b0b1ecdb-5ec9-4433-b3ed-f65f36df20a1,2RFNA05VU3
d41d6995-f5d2-45e5-bbb4-1b3a6b7da94d,G3IY64UVUD
2e6af98a-a0b9-4146-a99f-59d312e2caf9,BV47NDARTE
187df72b-8bc7-442d-82e5-e02cc17b5323,CR4NK4NZC4
dc956b6c-0be3-4504-b1fa-f50af5e644cc,BMEWMIBWJ6
cdba4676-0ad5-4de9-9e54-16e91cd52e28,1MW5MXZ2XW
2e9f14f3-0280-4da8-b60d-467c4abdbfd7,QQK3LM9QTW
7b5e0301-a882-4108-ae42-4fef3858c165,3L4PWWSL8D
075e6faf-a310-48ae-8b9f-a353320739f3,BFLJVBY12T
13703436-7afc-462f-a62b-cd58227211bb,F8DSJARD1Y
31345303-7f28-4dbe-b5f7-72284cc693a3,N7XEMXJZ77
6b837b69-480c-4e96-9046-75b7b877aba5,L7S1QBLCKC
b1691fc4-a1f9-422c-b19d-8003fe06f69c,LRJ2TNWL1J
69bcd377-89a7-44fd-9dec-3d6d05274905,S4IC7VIHL8
03e335ec-3b94-44d9-b084-73c44264b2c4,BFOAVK97AI
39e7fd0c-cec3-4cd0-bbb1-d9439e507873,B5UFMSCI9E
8f5a7f70-e17e-4198-a67b-ccea60370c3d,RTRF9VS0UM
893642d8-8a41-46ce-9747-5e3933b22ae5,OOMJRVS1S7
b98d7f8f-643f-43be-b649-651ecb53a475,L3WZNDINER
bb53d55a-7960-4cc3-940f-2a0e61e2230b,8MPE9858YX
18042b56-c9b8-4489-87e1-82a7fce4f2c1,0B0ZLLN4C3
5fa74e2b-44e1-4c0d-ae0f-033c96e7bbe3,HIJSFSUM96
10ed56d3-04d7-494a-9159-ec350e31911d,0GEEN6I323
f32a66d0-17e5-4a3c-8b08-8cb3a7ef3a8a,3N2OZKAVKN
c4fbf278-5948-4fb2-9815-a75603b5d352,PNCP3QKKTX
8f35030d-c380-4814-b36c-987725125b7c,RYD3FH4IY0
89347b2d-1542-438c-a3bb-fd1a051936ac,VVK5YMJKDF
d8a8b663-3539-4bf4-8339-3422f505d617,MJD0F0PF6D
4900432e-69ef-4bea-b79e-af4c581710c4,IMMBUQEBYL
34e16ecc-44f1-4d94-8a3a-4a26268bc727,I68YLBI0NM
2b710bf9-b6aa-4703-a69f-766b79fb5db8,HMG4EMGEJO
f60a01c5-a12b-4b7c-9d71-c132fe807f20,ZC76G1BMHK
84c00849-df50-4fd6-ae5f-8c04410c1cee,CCL9Y2YD4V
80e9946c-f633-4b6d-836a-d35c7d3ed18c,4C70GMMY2D
63d32fb6-7408-41da-81b0-1c929deb09de,61DE7CK3JV
eb2add5d-fc43-4de3-b480-0c26fda399e1,U0YYFV9DVV
6cacc55c-1eb2-4569-b0f7-f62744a185c4,FMLS6DO9NR
047bbd3b-d9dd-4899-aba4-198dd1f93411,T69PSUP1UX
a9c47b31-2deb-473a-85c5-34c392d30c4c,Y120S4HYO5
8cdc8716-c66e-4481-95f5-4ed5507a7d6e,ZXQ5MI7L52
c8c2d275-7015-4976-a4fe-e91a2f3f77e3,3IQGIUE8JS
2966420c-972a-44ab-8bbf-778d2596fca7,R9LG0YA0IE
dc3b5807-1913-4945-973d-ff926e470dd5,NFJOJPB7I0
2125fb3a-4a52-42cd-b1ce-a6b6091276af,608A01LNPW
62b5c955-83c3-4e20-ab6a-67f208c39a02,KEU9C0MWH1
e7705661-b1d9-4d51-9bbe-e7cb7c81bd65,A57RR39TWJ
83eef2e7-d67d-4231-b3d0-44198f0d3f2f,5TCVWBR9ZB
d1158c78-daf1-4fcf-b854-20c15fffafd1,ZIVQFHYSU5
89f9f128-270c-4462-b998-a012aebf6c94,3OTLKDA10M
a80f1ee2-1d45-4232-a5c1-05e1d2448be8,2A7E0ZUMSL
edec34d7-bd99-4e5c-9de4-ddc9d3dba880,NSYFYGAJCU
e3e4a9a3-2f40-4b8f-93f4-0973d1ddc930,X9XZSYD560
17fca339-defc-48ea-bcd5-cd7bfcb5e97d,BN8NUM0KPI
4901d74a-fdfd-43b9-932f-e043a0dabffa,M9Y4ETC1C9
938031ee-8e8a-427d-952f-2d82047850ed,XCNTJM26F7
28c12fca-1086-4ab1-9fac-7c3d88fc2986,XK8SR76S82
ec4bb07e-2740-481e-a8a4-84ff44621b44,7O9TK8HMPS
4c357b17-607f-44a4-b976-ce2d5e770fa8,8VU48ZPOVJ
f269e9c0-83db-4b59-9242-dc908d719a6e,LBSFI61DOP
12cbf170-7c22-410f-9998-8b4187a2d5ed,UMFRXCS5LH
e3b4bc04-4304-40df-9583-0fe14149486b,5P3ZYC7OGD
4c46ff33-a019-467f-95d5-6bacc3cae396,O9CWE2D00M
b8d4860d-fdf3-448c-adcf-b5e348976781,KYO6GKR3Q5
e3a39809-3415-4c67-bb35-9d58129a9bf5,VACXRZED95
69f4c54b-06c4-4ff6-8585-a2643874a59e,AUVLR0TUPR
acf8ca35-9ac8-40ab-8175-a013285442a5,G6L57WCUA6
7443241c-d02f-4c21-84c6-57ce7c2949d6,JD715SI3HJ
cea7fea0-ec73-4e2d-9a2a-0fc9a98d1383,U1SI27ZLBM
759bc148-9f9f-48ac-b293-09d10342a990,YY714BV76H
d09e6a5f-b3f5-4178-9121-da8194274d2a,I8FD922TVP
636390cf-9c11-4d98-8af3-5a9d3d03c06a,W2YWZPXNGT
333151e2-4733-487b-8970-aeb9bb5b7fec,L28YJI08GB
59585b56-ad74-4682-bb0d-9a7a33d547a0,M24U9G4MAO
50cb3eea-e30b-4c6d-9830-33bf474aa278,BRFE06PGUC
e29359a2-4105-41ab-b75e-1ab48d0a8300,56BEB6RM1R
0644131c-eb3a-47e2-8abc-4ff70ac48c89,H0KGI8ICEC
3ab9f16c-91c7-41dc-96ac-67a65a2fda96,T509LREO7N
b52a14f9-8000-4929-8bf8-eb61930a5bef,F7ADDA7270
944e8af5-ce41-4dd1-9067-64d753e09414,LMVV0VYT50
aa5f0bd4-e07c-4917-9349-9339f67dc15e,1BO9CC2CQW
34ada331-9df0-4cad-8835-9537335fdfde,UOW8C6UYS3
2abd23c4-848e-45f8-9381-9a7778802da2,S590IIE40M
8fac9bef-d0ef-45e0-9d88-9cb7e020325b,FFL5P0NGZV
b45f880c-f596-4156-a40f-132798e6041c,T0G1VEIL3N
8b283b97-c54d-4afd-a4e7-d25d20e0c179,2OL5K8M3QB
f7f6ac6b-fa2b-4326-81c3-0a8f27e5a6b0,EYFZCM1TBD
278fb3ae-e4ce-4536-a63c-c85746a14c05,0JEVZMEYDE
bb963ebb-2558-4760-847f-3c1df2b54aca,SS1HU3B0I1
3507ed94-9838-487e-9d94-db7744328120,WYAM2UGO44
8052f3e7-120d-4a6b-a7df-e61d37596e5a,QE0BROT6SJ
2c91eafd-b7a1-4d50-b49d-9708d5853d7a,DDXXPVOOPU
ff176085-2bb0-4213-870c-8ec6dcda9b02,GG43NERPM4
2b60149e-49f0-4185-adeb-00ba3612fd93,MPJ0RS2M8D
c6b68d30-9cba-4e5a-bb3c-6a281b7ef28e,1QLL1AVDHO
12ef6b25-fc8c-4f7f-bfa4-6eb3dc560674,OSAOAYQU70
9f17b786-ddeb-4503-9532-e53d2709aa69,M33LZNUVOU
bb98b5ef-5e2e-481d-ab66-bab329679a98,UG23E8MZ5K
44e4ba4e-e72f-47ac-a670-8e0458a70967,J68891QYY1
f7d34455-b8ae-4c2f-9c81-c512a594e634,E3G4KO4MXU
636a51f7-775a-487e-8f83-1557ad1a7b06,9DPAUMVHA0
9d823dd9-5e71-48a0-9e7e-c0fe3e201337,OZE3Y3SC4Z
17e2f4c7-3f3c-47c2-b908-db3df7f84aa2,R0YA7NR5WA
7197c774-c61c-4de0-88dd-4a2935c76890,7U4C8KLE9F
9065e485-03d1-4ac5-a5d8-e967f4db411e,IACJ4F9DHO
3ad086a8-4373-4374-acdd-29d8492bde89,S29MA1T0DO
532ae30b-d8a0-4f17-8199-08aeec92e693,JIL7V6AT7N
9506e292-24ae-444c-b28d-3f9a4b830a20,FBDNEZ7L62
343c8308-3e4a-412a-a7ea-60a7c3c2386e,6WVIDGGGKV
c500c975-404d-443e-ac1a-6a08628e9a4a,62JJITCVTH
d9f856b2-f585-40d0-bd11-b8a91ea9514b,LNU1190F3Y
c11c002c-b3f0-4c0c-b5f5-b0c9edd67f66,HI86BCHAOJ
4e28a718-3292-47ee-a55d-bf395564612f,5KVIQTNJVJ
80909694-3446-4791-bb90-2ec856247146,8HE85USVV0
71d66375-4c02-45e7-ba51-4d60c93dbce4,6MXGREP7G7
a5a74e57-0cca-4555-a5b2-cbba2760691d,STV06C7VVR
6858c4ec-0f99-4232-8694-8d47e2d2164e,UEFKYFHKZL
82b2588f-6b71-4bb3-92c5-fadeaa7116f4,S5UOB6AM9Z
104c91c4-2045-4b46-aee2-775d1b31a0c4,359K4MDDYV
1b61a194-b296-4b29-b8f9-1b54e0427045,JKOKUFM71G
5418786f-da61-40a7-85c3-be0546eb425f,EZ9Z6LIBJV
b583deaa-a28c-41c8-a1ac-83a42c50fd4e,W9K9D6M5IK
32d55c2e-a1b9-4ff2-91c8-c8be7c1f83e1,WAV1CMKTXL
8c83c4c1-9fe4-40a7-855a-ec7855b9f01e,MPC2CDMPQI
873509ec-72ba-4544-9e7b-78a24a275080,4IGSIQGCQN
d73dcd37-3e94-41b0-a574-887786d12d33,3YSRT4NUFI
e0ab0aca-d746-4ed8-9468-a9e11e246363,7XJHNKNVVF
aacc12d4-d9f0-487b-8249-f9fe6463db9d,8G2UA1DIXQ
eaf5a246-1697-47a1-a72b-bc25a44934f1,B8AIQWKZ5M
d7b06cfd-bd39-4bfb-9271-13fede614be9,QV86P313WE
fc4793e4-d975-42e8-ae92-82a8e90c999b,VG464BFF29
34a5d250-2404-479d-96c2-d721af1e6d4a,L5V6DDFQIV
86173647-c4b0-4c13-ad9e-451a66a48051,DDLZ954IBY
abd599bb-8908-4cc1-b148-b4b16ce2ede4,9DPG9QSPPU
ddc029a5-2e18-42fe-bdbb-c1fff101625e,R9JJ4QI2EG
31e717f4-3c44-4471-ba3a-a763156665e0,VCDZS7PY3G
c7204c94-368d-4f08-ba60-4e22f23c33fb,CT81Y205S4
c4282516-f223-438a-93d0-eae190da672c,AJJ8O8B1F5
2e812df1-edad-43e1-a595-3c49e90e348a,NVKQBTVAC9
9383d263-2947-48f0-bf40-9db4525a1a6c,QFUOGTSVKN
663d6605-66bd-4d65-a580-0b242246fe7d,H40DNFFMW2
e2d65422-d1fd-448e-9920-67915a66d389,NVIVXD0DUK
d685bb88-1035-42a0-86bd-a254d7c7a900,7D60R84DMI
f098c81a-67a4-4696-8896-ff228790983b,64ZAL1951S
30536056-c0f7-4d48-b512-48e181cd6117,VHXJK35D3X
86ee0a68-1457-40e5-8bc9-172d0a8ef96a,TUTEZG4FUE
77769ccc-3614-41a1-8c9e-f53b9dcaf251,0KMZ14FY83
b178136f-af3f-4004-8ba1-0057cd6ad8df,1QNUJH0S1Q
c77b791a-59a7-41a4-bc8b-a01da871bac7,E7K76UGL5J
af7ec62c-9f23-466f-a22e-36eb5835bff0,93JXB2H4KH
9f077c1f-8245-45d6-85db-d0f392924d56,G9SN95SEEQ
ba3f28b6-c581-4cfb-8094-1aa804653c4f,CF3L38AMIK
4fbbd856-6577-4b96-a4fa-c48435a4e5a2,1Z9DTP5GDD
e9512aa1-1690-43c1-ad9a-94556be92991,F09EQ55N8Y
aab3e25a-c41a-4a88-ad80-b12f7ac594a5,AW6Q3BV0IX
af860b94-0838-4e71-803e-b48c57e28f7c,KXAFHZDFTK
fed35422-a550-437c-89c6-a3d9d3c9908f,MNRUKZIMFI
9e4990fd-8124-45ce-a732-3f012f5b02b3,UNLZ1T6Z2S
699c9905-a5e9-49fe-b837-604298f197c3,LHBV6FV1OO
6e92e80b-fe4c-4d3b-99d5-9744612744f8,U8OVMKORCN
fe415705-3cf8-49e4-9dd7-0b38b5e85067,B4WJYJ6QGA
ad021fba-034b-41ed-946c-3c5bbd7cb42a,5B3JM8U3YG
6ce2fcae-32d8-458f-b285-79e4defdbf87,WF1IAZFXAG
ad11e844-7953-4a7e-a1ca-7feec5c5e6d2,P8K85U9RGJ
fbc19d23-4f52-4f44-8943-4631576da7a9,W1KTD32FDK
da39b2ac-a5c0-4652-b57c-f4115a5fef05,QV89UFP5M6
fcbb1875-56ec-47ea-b4ee-de4fe3267be9,C0LUZEP7VC
6bca6bef-8cad-4576-a924-2da692f56b6a,THZYKVT8YV
89be2f86-1785-435f-be54-6bccda8b7a28,X8NZGQKVPK
7e4f35fe-f79a-4adf-a403-8d0ee187afad,ETC773GUOY
44159148-7362-4316-a8b6-2a45da9c41c4,J6LWPFR0PN
3953f204-62ed-4552-8693-988fd4756e05,V2C9TV4I86
f94deb22-0595-4c51-8a4c-711fce88efce,YKHXEUVFF8
88a986c5-6b98-4949-9614-712f40a7c228,U0589KIFI0
e290223d-ba25-459f-a4fa-b728642d091d,X8CY7AW098
670c7013-9d64-41eb-b83f-b941c05980d3,5GKXYF8X78
e0d1a553-b795-406a-8a96-8b4516e201b1,JHNKTR05HY
51472f78-92d8-4d83-b536-acd0e9113ec9,IO3YM4MZO5
71bedb80-a7ea-43a5-9935-71fe8512c030,YL3HQ7P604
4dde9c46-441a-4202-9a86-d41cbb9c20dd,CH5G7N0ZFJ
12e1c909-dc78-4eac-8f67-d94037aa3faf,859BLULSPC
dfe52872-fe3c-4acc-9334-55b291ef043d,PIS8KP2YM7
768f2873-ddea-4af8-bc7b-e99b239014e7,TIOM10MO9V
2158a459-39e7-4c9c-b213-d71579a2bd2d,MY9IOY77WR
e60741c5-18d4-4bdc-87ac-599e748b0c3b,3I3OLYP01J
9d934873-2677-43e9-b183-3677f5454748,XHBOJU3FGJ
64ad0efc-9e9e-4753-8256-a035c0b44736,S8O997OGZV
339b46f3-1e30-47b1-b472-dd91c2d65203,VRLVEYF3H5
2ab7ecf0-5d9d-48cf-9591-004b9ae4a599,U1IOFE0EFX
c1597cd9-d0f0-4b27-80d8-ac2404172a84,HLEXLYBV7M
128f5349-9c1f-43b7-9ff3-6058915ff992,7ZVWVDECL2
f8555b8a-4b6d-4bdc-8440-73b737f57f4a,HMWC5T4ZKF
11a0b22d-54b6-4b91-a473-2e8b8432a36a,W0T9E02FXE
d574dece-7a70-458d-8ea7-20a448a7e660,B72608LNVN
0a7ab064-77da-4754-a40c-9d186d9b899e,O4OPY4U7IC
321c3615-54c3-4701-b89a-5d155ebf92d7,JNFD100N36
84243a4e-98c1-42d2-89dc-8fd37ec6ef4c,HGNN46X6MX
715d656f-557a-42e3-ae83-2d76bd21d5d4,MAVDS3D19Y
9d310b5b-e09c-47cc-9f36-d79cf5acb6ad,5WVVKTRXSU
2f583f21-9492-4ef2-9e39-894c15f59392,J1KXYBYWBX
0fd9e5b5-8e51-4e0b-bc63-9484d6f78796,ONT22OTOTV
b8bb6337-392a-4413-83de-5f7a4757ed66,IN68N7JFSO
1db4462c-c2a7-4a47-a9e2-e6ea039ee910,J2BH2MYQ73
b3303db3-048e-4245-89e4-3f8814f76acf,HRPEXATQ0H
0597dfbd-2669-44f9-b5c4-08843454c3be,Q3X2WCT77F
d51273d1-9077-4bb4-8f18-5a671acce0af,SI432IYL1H
e6850dc6-f7e9-4532-b51a-e5d3fd6000ee,JXRY2WIN5N
cc135a73-530a-444d-9fc0-c8c4e0289638,KGFNR5ZJLV
47794738-69f8-4f0a-bb0a-277c5195535d,XDOBNHD4LG
691b1b1a-c87e-452d-9bbc-1a98110ac2af,136RN4Y3P4
13a6370b-0a67-4061-814b-7a52021a4683,X2IXD9IRKB
0a0de65d-f320-4e51-9eba-27dfc0af9b83,4NX1MHDRRV
5ffbf27d-c9f0-45bb-954b-a81aef2787f9,BA9S1GEV76
638dff8d-f73a-43a2-83d4-39693486d5fe,W59OUYSSJH
e0cec83f-fc09-494d-9a07-baecf3e47522,6962BRZETM
d743641e-7b0a-4aff-bd04-20576b63b121,DZ8VHDJEVC
0bc50a41-87c2-4146-893b-bf72531a759f,FHS7DTBQ8W
3534e508-eda0-487c-94c9-e76644a2061f,EXH0YY7SOM
0e8fa06c-8883-4cec-97bd-9bd06d0747f0,JLA3WZW5S2
d527c546-c637-44ad-8045-f64b21c27e90,S73CQ5U8U1
e8210999-fba6-4434-b573-531571d958e7,LUOBE6OD8V
f64f5eba-f0d4-4532-90f3-91f65a68dd67,NGR5NTAQSD
b1f2f4f9-5389-4077-8ea5-ca4b778e743e,5RH8JR84JY
9a4189cd-873e-458c-8be7-8a508d8443ce,UAISJTJWM5
f302a966-4eed-42b1-9cf9-ed700e2e6e2d,3RQO6ANBST
9a6a1a6a-2af9-40fb-8bfb-6ff2810912cc,OG5I33MMO3
761c64e0-15c4-45a0-ad8f-d9fc3ef5cf7d,KV7V0WOAYH
9d8275d1-7144-4981-98fb-8b91d762233b,9SWMRVFBFJ
dd6c18be-ec9d-4be0-a86c-488f9baefdb1,83S28FH8UY
3cfdfab9-c7af-4c76-ae92-422402799d97,OYYEZA34WV
bbfdf1b0-0619-46b9-ac3f-88bfb495606d,3Y7RFC4WA6
1bd12542-12ea-4fe0-bd89-338fb715d928,Y3BZ80IX0Y
4668b353-ec96-47b8-9763-8ccce37863b6,D2EYG4FK7U
4a026887-309e-4dc2-9f9f-eed35327de2b,920JCYJNZN
92f1eb5f-3b15-4410-8390-2f27763ba5a6,OK94WB01WL
1b5a624f-735e-43ff-a447-acb0cc6bdd2c,C3SEWQ61XL
4329def8-58ed-42dd-ac6d-58340060a0ff,F9HVV3N9MO
47174ecd-dd8f-4eda-b5c0-cc5faa8b41bc,MP3KGQWRCY
85f4e6e4-05f1-45c9-9108-8661eda149b0,D7GLUQOB8W
4fd331cd-8d26-4035-9ad0-fdb909f93893,XLCYATJJLO
8b403ba7-74ff-422b-9c2a-720e93e00dc5,EG3H1KAHOX
106d1e8a-5250-4989-a99b-4c053266e3bd,OYTMSMPAP0
1f952504-7841-4231-b3ca-925fec3fa8d3,JA70QJYCKZ
ff81bfa7-3af4-4e35-85ee-c9e3bcf81ba4,5V8E8SA07X
86544cef-5c11-49c3-a515-37068d634ff2,U20LT714ZU
5850ca80-afc8-4ed2-8005-3e618f62a981,MHQQTU91BW
31c39b14-f6fe-44e3-8018-5978f0e4ebf8,JY0UZISLKA
c9a6c59f-5bea-433f-a760-2c22199f114f,X6Y34G02ZO
61fffcb5-5f4e-4bad-ae67-2159522ddb82,DZXBXMAN1T
afa072f4-0ee7-446e-8ac7-8c3165dc8d62,72FTUL1W6X
2cb7cc73-c63b-48a7-8a68-c06f13a55762,H8TW67KUMM
be36869e-b095-4088-954e-d62fe4297795,LIBBPHDJ8J
61d79b0f-9da6-4bed-8731-e8d3be8722e7,DEKYKO6NC8
f5727c79-3c7b-4b5d-99a5-b356feb5fd08,87S71Q46WW
7783895a-7ba1-4ff3-9ebe-9b3f37a31f31,RW0U4K149W
775ce49d-16b5-476b-8bad-c26e2df47224,ZLM08RJYO2
48684aad-478d-422b-8600-675469d366cf,9NDNIYX21S
f6b5a361-40de-48b3-b21a-f824695e4f91,GT4CR4EP7F
c2812d41-cf0e-40dc-ad75-74197a58add1,XR4RG7AL3W
a1907b00-2ec4-4a99-a2b4-1370e2ab75d9,XCG752QEWU
7e30be61-7605-4eee-bd92-c5851b702174,DHC18HN4RI
31ef2af9-ec59-44d3-97e2-4aecfa37108f,Q6HXIZRCD1
321fc1a8-b1f2-41bc-8e77-4dd9a584b2fc,GEK6CA4JKF
875cb08e-3058-421f-8949-a6eaaba8f651,J4JLLXVWVE
300d6975-9795-4216-b0f5-987902afc169,G8E26LEVRL
eb2fa14b-30c5-45f6-83ba-23f8cf16b94b,FYYZQ4AB23
bbfe5f85-71a7-44b2-908f-5de2b603e194,CSX2P51DUD
de2d8feb-f997-4b49-908f-f088e24a8c2e,KHTLZ6RLGH
07c34ba0-41bd-46f1-b43c-0fba88649ec9,BS3820V63U
ae701159-7792-41c2-8106-70a06076e0e0,2LZAFT10XR
2ca07fa0-251d-4927-8cc2-ebd22c140d28,ZNDVLV9N4M
8e58c4ee-850d-4526-9773-5d95a45b33a0,FUOVDGN52W
511ecc2f-555b-47d6-83f2-3162c5a9a4c7,GZE9GXWD06
545ed603-67f0-40e7-b827-7a7e24830d8f,QL0VBI59W4
a7a78902-b2cf-4452-9456-e7e6849da9da,MV06UGC6LH
71b4f61c-d22f-4aeb-98c5-c6d90b4971ae,KQ4EDKFSLA
bd04218b-c8a0-425e-a880-8e22f9fb0a1a,UBYFL99N1B
56a2040c-879a-4069-b8c9-7b40d97495c6,O63E258E60
32e29eb5-d773-4358-965e-9611e7e66540,X5SOMCR5GO
8f6ba73f-e0ee-4dce-bad8-ea4c037865bf,2S2368POK7
40780502-1fbd-4158-ae2b-dc5235423ca6,D1PW2GQBKM
a388b4eb-64bf-4aaa-aac3-6cd581ae5c7e,AGH4RYTWKW
89df80c4-91d3-46bb-bf32-491596e776eb,C4EFXANOZ9
b7ebe92a-5ff5-4dac-a5ed-0e7c4cd094ad,G85BVECWJ0
5dbcff37-5632-4e75-ae20-733fde2951b0,SYSUZGSVML
27e19664-0822-4716-88b1-8e4dae7f8652,W6AALZSDB0
6e978b35-f999-4667-a3c9-e007e31531d3,2JC7SH61Z3
33c4d978-c7c0-4589-b151-6f047a8e04fd,T79OOX7U8P
279d81c1-0a58-49ca-94fb-c104953da28c,PL4BQSGFWQ
e552f35a-576a-4af0-831a-a20bf0262544,KZVVOOZ4UC
f790553f-4b0e-4031-b339-3e8efef0640e,H5EE3YUH31
d8875e61-e143-412f-8d0c-64ca248321b1,MID0AM9IJ9
cc020e6d-0772-4ab8-b9db-f24f4fca4258,874I89P32F
83e5f75a-bd1b-4ffb-af55-709aec72ed58,VRHL83TQEZ
488fe837-d96e-46ad-91c5-ed911a2e1180,1V3COKN3Q1
2eb7006a-49d4-4cd9-abf5-96ba3e9b58fb,9N6NPGKPZS
72942b1f-66d4-4861-bbf1-d2fd7c21b103,1A13CKBS4Z
40363577-4320-4575-bdf7-2eb094416742,K6496XSA3B
cc6339c9-4819-40b5-ac37-a7b53acff15b,9P2RS69PVU
99a7ca3f-96bd-4761-b607-135d1a7bf9c2,XM4LO70USZ
b0509a7e-f76d-44b3-97ed-eaf146f57ba5,LE4JXISUA3
68cea26d-8eaf-44fb-ab10-c49fd11e662d,Y5664NCKYM
8fdfffa6-b4c6-4ef9-9a63-ffe31f3001c1,Q5RVESXSWY
0ebad0a5-02db-4455-b8b0-e36a5cea8d19,6DDTQTRWW3
ac34f232-48ea-4cea-939c-05aec2e93988,PAOXQBSWIE
d41e30fd-f1f8-4b8e-9bbd-32ea34a19f59,M6CPNXK7QP
8c46b375-0217-4a37-aa7d-3bebadce9743,8DUUZHBOYG
99d601dd-fbbe-4ac4-b78e-2eb77777863e,RC37A80PSE
6263e38d-2ab3-4dcf-a385-8841a3d88ef7,KI7PTN2QEN
c622dbb0-b1d7-4e3c-8b1d-6ce27d548f6d,ORLRO66N9H
088b5a6b-f536-4fe7-b335-3cc890f956ec,YD1HMQ2D4N
7515f49a-9b50-440f-84bd-af1965f8c31e,GTGQKSLFZG
50d71c21-c2b2-432a-b060-f93ad257d54e,K6G1UVBX16
f38a1a86-3ea7-41b4-81a1-edf7ff841430,5ZK1TYRBHP
7e410b3d-faaf-4f81-8a2c-7c2242b6ad76,RUN9RHLJ1T
8554249c-006a-45e9-ab60-16ec07da018a,3OLQCBRMVZ
6062fc0a-9939-4515-b715-dc1945a3a23a,9IBY61VQYM
7c221d06-74ea-4f1a-b976-d305d47d1752,O7B6AUPVLL
a16ee35f-bfe3-4f82-b3cf-98fb57db7d5a,COPYQMD28G
0ef3ce81-f6c1-4f33-9115-0d8b44e42080,HS1F3RB4K7
becbf8a8-a97e-4662-b734-b6dce40864d0,2SH773GZIW
6135a5d8-6ffd-45f9-be38-4321b3ab95c3,MYY1EEJQKL
154e64f1-1b0f-4194-8cf0-749f9160f8f7,YWDJJ52YOJ
42510fc9-dcab-4c6c-9420-095aa3d3d69e,WZPOQI8OIU
cd53e4e7-bfb6-4b7c-a37c-b0f29ac43f40,19NIW7X40U
67088369-e852-4b32-92fe-d5878d0cc306,B14VEQ9HUI
bea1a856-2eda-4d4c-99eb-b9469f5ac2a2,FEE8XH9BKI
536c2410-0096-4889-8819-dfe7a9042dc5,8DW4KA5BW4
afc0a7ff-d877-4323-83f9-d77bfd1eb57f,CJ05VL431H
972a5990-6a7c-4acf-a346-7820a59cca1d,WR3WNWZH8B
c04769ac-e017-448d-9c0f-cd4571c06b26,QWDE9VL21L
248eafa3-16fd-46f2-9ed9-630873a2a0bd,JA5VDLH1TG
8e37978e-d27b-4001-b671-67563e8962f5,0FXQOMYOVS
e477abd4-2f0d-4e1f-9cf9-ace894dc9e8e,H9E3L3WH6H
839a8697-64aa-48e8-8059-3d2521a927d3,OONI5GW28K
18983d86-bef6-4bf5-bc3d-f3388653fffd,YNT63I7SJS
2ad35016-a5d1-4a62-8b00-b85c96d03d54,8WAE8FP1VY
e3e75746-6509-48b3-98b3-c6b72b902d36,IF357F9XVF
7ce14efe-b014-4c4f-93da-48db479d42cf,BIUXJQG766
f195b82d-c334-4cfa-b089-c1fd2de154ed,KGFADD17GC
3a5df34b-d114-4fbb-b941-cbafe1c051fb,82VS1OSV0Q
a7bfc096-0e0d-42f6-a2ca-833946373314,CHZIIAPJUM
e74fffc7-4073-42b2-bb86-72d6e03f8bba,GJU043SI4S
6b449885-7ea5-4034-a0b0-ba53e54031b8,OLKXKT2G60
a5fc42ea-02ab-47a0-92ab-6935a8826395,S3QNU5DYO6
d5a1441a-ee58-41f4-807c-fb46ba1f0bb6,VYMF0SVMIQ
ee91eacb-483e-4041-b03b-5e9ae3e0cc4f,EAADFOMUZ2
47035b57-3ea6-4b0e-832b-62ff53cbf62a,0BR14D6ACP
3055537a-16a6-4234-a3ef-a106a09c365d,G9DG6C0WO3
e7714051-bfa4-4f34-beee-d09459fd041b,Q8XKKVTHV6
e941b5d4-da86-4a87-b8a2-e1fffb21270f,ZMRW2EKWNJ
5997aa79-4f23-4c98-94a6-de5725843342,IJ8IENR0UO
5371d3a9-81c4-4d78-8ae2-c2ba9b37a6b6,EIAOB0EYI6
f2fdcd2d-d34e-4651-97ff-327b6d6e207a,KDUV28DCTZ
dffcfc75-3a54-4790-b40f-b8852b47ffa5,JIPZUGWVDN
ac16dbc8-3214-4d24-812b-f490e22ec55f,3FN75V7JRQ
71cdd307-0d96-4cc3-926e-11d25a6c5cd4,5A5CSYU9W2
5dec78c7-a9c7-4a75-b45e-6a341fa6ebba,AZ0F5ZKBH9
3923d3ef-3418-4a4c-9b4c-a6a4bd64a8f1,CZ275JAPYK
6d2b22df-86d3-41cd-88c1-cd9ca5fc6e29,SURLUQUFQN
a01c1744-72d8-411c-a9ec-e9fc3429b672,M0PJDBFYFB
41a15e18-36e6-431d-84ae-0810a69a6f85,OKDMWM0G70
5e3c2bc4-66f8-4b3b-8ca2-0948c82adaa6,25CCK73V71
76179f61-aea7-4656-a6d3-4bc8ccd19682,24WAHRA2RZ
bb8a5e7f-5d78-4bec-8e6c-576f1cea988f,2SLTFK55M8
ace3631e-00c7-4e64-826e-3fbc1ed4b4bd,FVUY463L0O
198e5d59-5785-42ac-8314-2da21cf4ff6c,75WRMGQKS4
d7ae2583-b310-495b-9c1c-3734b84a0d30,83RFB3VQWC
d3ec1a1f-eb07-4b02-b9e1-2c351b55039c,9IYVJ93XMT
3281580e-873c-4d70-bde9-d492deeb77a5,UCBND4KRW6
516e2b56-628d-4344-8d39-7b7fe63a7de9,6S2FCAGVR8
40d9988e-afaf-4a87-94fa-6c694fd8af0a,PV6I8Q6729
2a5e41c7-7edc-4e75-af1a-cb66a8837e0c,B1VOHIW6X5
13dc3b6d-0976-4c2a-a5a4-c0c170283a17,R3OI2TYVZW
eb82bead-9c67-4c7f-9682-b8f496b1c7eb,5212DGPR8J
a116dbc5-c6be-4b91-80fe-1b7245468123,8BZGOVG7Z3
1ba69e7e-e58d-4fe9-a120-2d508950b10c,ESRX3W8AH1
910a2e06-8dee-4298-ac51-31ed524f564c,S6TFC9Y0LR
c14676f7-c5b1-4c7f-b3c0-f84f6ba6a52a,9BAL22Q6LL
ebd20551-e5fc-4ebb-a983-c93cad8c5542,ED47GSMSN2
4268afe1-abe4-42bc-8f77-5f19e488e8b6,LKNADOL4C3
75da6f8e-7afc-42de-b527-5d296809b86c,SH7SFRBN7O
e78dd312-33d6-4ed1-a55c-2256e3560b51,MIITSE6B9B
f40cd451-70ff-4062-8ed6-d30d7db8f6f2,4KLCN7RLLB
7667cdcf-7942-475c-9f6e-033b3066bdf4,8C6UWAWRJZ
0ed1878e-e47d-4115-b7be-bc9ab2958c56,49XOABDXT6
ede557c0-08bd-4392-9458-581c80a2e6f4,SC2MIQM1QP
e4ee12a3-a26d-439d-b1f4-dbbb86eb517c,ZX6QVXVGLS
0891cb7e-fd2f-41fe-ab85-e5ebb0b72364,2V6Q1FJ75D
ff9591a1-7613-440c-bdd8-bad199fea11c,DI0OYZKWJP
057dcbc9-3351-499c-a5b5-e2c0043abe50,U1KCERZA87
69d4b345-acd3-4f5b-8850-bb1580e5601a,9601FYZ0T9
f853bb0a-2e65-4a82-9b2d-8d58d00ec7f5,UO66K7F2Z0
59336881-646c-4669-830d-461b58664bee,EUGSJ28IE6
f574903d-615b-47a6-9b80-f4354016b4b1,KV88LNXTLV
e244724c-8233-423c-a80f-82fcd9296074,3TL44QC0UT
a4f54aff-55b6-431f-95b9-bb1e5d680092,35BX33HH3S
a0a23644-238a-4018-a719-c7ee784b60c1,04XZ7SG8AO
c7b21455-a2db-4c26-9ac2-945071a38ee9,UGY79SJRW9
3a035d24-bf78-4089-8d6c-b897abac5825,QMV3AD3E9N
9377cf5b-e3e8-457b-9d2a-f48ebd3f1e22,8RHHEKUSRK
ce7869c2-16d1-499b-a7c6-a5d68d9f6157,CFMMHJ54BT
3ca6965c-934b-4a39-ad88-a2482b194b40,9R4N0YNZ05
a75f1375-4336-421b-9778-f15b4631d602,KLNXAWO5KH
3cc2fa8c-79a3-471f-9de3-e3d8f84b3bb4,0WEK6I4WO0
3031af7c-2b7e-4cd7-8d12-6162276209e1,5A2TZQIRF6
6dc9e23e-41df-4c58-a084-a9f178add0e3,7ZY3SD1213
d4ccff3e-229e-4a72-b932-d65a65596f33,ER3AFEPROO
48b3cb44-81d5-4733-a1a6-5822ab50a306,7HNGWTWWC8
1b62028e-edbf-43e5-852d-d0b482307f88,8639T5Q731
c4e555c9-9598-4ed9-824e-0197c1f208cc,KQJQAOD632
1bd9ea35-6ea9-4ff3-a502-a07617508509,DPMT6JDJRL
28c244c9-eeb9-4492-9f0a-9d3efef2f26a,WFRGSU8BRV
5f7de4f4-b1b5-43b4-9b92-2098d8804087,4K5EG2NGF2
be0a6af6-6260-4ed0-a751-0e0253a9aced,43MOD2REZT
7619b4f7-597a-4915-aa46-39aa25fed235,Z907GR33TH
f968a41e-72e9-4dbe-bd9c-53f7a5881c24,1LD4C2K37W
2dde0e37-2d9a-4799-9291-4578b2c6e3ad,SY1TWUBJSP
bf4c3634-dd2f-4648-8b9b-2c3190571cd5,XLO01OJOBK
dcb24747-bcaf-4ed1-99b1-227f45d49c1b,CQK1432FO9
a053ad5a-4efd-46bd-8da5-3ac2bb9b1ba8,AVQ41E2TXZ
adbfb569-ee0b-4e73-9ef4-f3fb842ed974,YX8ZFTVUDY
0b9d8729-0ec6-4d45-8c92-31211f89bf83,WH6WEKB1AG
d031c727-e97c-42c8-9a98-40f8bfa4f025,30KH0RGN5M
a531ff49-4bd7-4378-b71e-0ce5abe052d7,VDIDAL8MH9
e1b6aa44-532d-44e9-a1e9-52fb110e4a87,45FL7DX009
20c9cf20-af1e-4478-be5e-e373fdd4ed2e,XUER4ZU8JJ
e17340db-29b9-4d51-850a-0b7eeb9db8fb,LH5AY6EOQ6
f8498863-20b7-483a-92d2-b89834fc2395,DTTYQG6V33
059ea27a-3a34-4a45-9411-17b6879835e7,53H5W83R3X
10646f93-8382-4e02-a82a-ee7a5ae897bb,L40ENVKJ1R
e459673b-31a4-40a0-a417-60cf385fdb4a,94PV9CFKOS
dd1d793b-3d75-4580-886c-2ff3d810f6f4,EWC801UTMZ
34b7c64f-2487-49a7-a67e-167cde4b8809,9MM3PS81YC
70c5941b-ba48-4959-9dc1-67e52e713aaa,88RH2YE8EF
6f73aafe-66f2-469f-83b2-e183a5586fcc,S9IWJRUXCF
24be550b-e5d4-413c-a74e-5aab0ab06cdd,6MRXIFM1DR
b99c47eb-5403-4cea-8030-7da5ffd1784a,IQKOLMBA5P
2d28abd6-039d-4a9d-b12d-2001ef1120d9,TAN2X5WKXT
ba863709-38c3-4704-987c-32712795b104,L7YCXLYHNS
4b3dd8e7-80e7-4a38-bfad-12a07cbf5a4e,I9YG476TIN
eb34b557-8039-4f9d-9fbc-bb4974e0d737,3NEOS3LGPS
ab4f49c3-7e4f-456f-a25a-52ac558a318b,V3TR0HNV1P
4b9c5422-236f-4222-8a83-ef3a9ed67a72,XOVVSNTCRZ
7df539b9-2289-4e23-8774-7b54c2a28e21,HPI7OMOSV2
0575de13-4103-4293-be3b-d06db674efb8,SAF5P0DTXP
8b8fdb0a-8335-4412-8939-0b27a5fcd9f9,7202RHNA6W
d7326de5-763a-44cc-9ae2-af51f478bde6,V41K0C88AX
f651ad23-9231-48e1-865a-07cbcb4c5ecd,NUZJDGP2LP
3b95c370-d58d-491e-bbd4-749bb54169f4,RRLT3FJF2T
33903f57-eb5e-411c-be31-16ccb23f93fc,JNRSUPRN0L
20826b45-596d-4e04-9771-71fb38b2a90a,36TCXYQZKC
b4464fae-5168-4d85-961a-d0cd1920b79e,GJ9KM279F6
f6581449-d61f-402c-aaaa-ffe5a34fc7ab,ZX88IM4R5B
a32a00cb-eef9-4ab9-8c78-6582a59785ce,6YQE4SH4XZ
0fab9096-baa1-4d0c-91ea-98de54b8145b,QCLLR4YCRL
27bb75c9-3142-4f05-a343-f13fa057573e,RG1DLCA8UD
11917470-b5c2-4dd5-9744-d85058bb33e3,14TZCVLAPK
5ff239eb-330b-41cd-82a3-110415bfc862,ESLPYQEWP4
be17cd7d-b2ea-4949-954c-a6752eed37f8,RJFJVARANH
2d4269e3-e292-4298-8e78-78cdb44742ef,XPAZAVH783
fdaa70d4-baa4-40cf-b438-c133ea1da278,WYDLAU124V
819249cd-a948-443b-8993-01329750e34a,G65REQRR1N
33dad498-cbb7-4f80-aaf3-e96c2f5e279a,Y8DJU48V4O
60ef0b38-0c19-4f6b-bea4-91cd7f6566fc,XPIBVVB5FD
c7238787-5ab4-4c59-8a81-0b2c577f281c,A1IPMHD1O8
c45f0ef1-473e-48c7-ba3e-19b1f73f16aa,K7Z7E1WPVI
2dc8a13d-fde4-4a4e-8f08-e12026adddca,TGFEF2Z2K8
f5fcfb3c-884e-483e-bbb5-13b39e27b40d,NWG3FY1S8H
0ea8d073-5630-4a21-b698-d9df6c710e2e,UIAI1SZGVG
336c982c-a93f-4b64-9f10-86a076205f62,BEPSWD24YP
8c2a8608-7884-4bc2-8343-9be2ca5887d1,OC35UW0T7E
d11c67ac-badd-4d4b-9aca-857d040319db,RGPDDZ0OYD
7c3514de-e9c6-4aed-80d4-8ed6fac16409,5LX9SG62DG
8174437e-0c56-4800-a2d3-78b7f79bbde0,61WM5Y9TBD
e3973573-e618-45ec-b4b7-5c02ed0667f9,BIDCPB93P7
86b3405b-4363-46e1-b154-ab2828b990ea,XVHJCVD8YT
130444c6-50a9-4113-9865-871e1e552c29,ZUHASWE6ZX
f11a21a7-0edd-436d-b855-e6c928efca7e,7R27WW6I85
f97c02a1-cf0e-49b3-a314-9032741fe4c9,CPWENUW6OO
80eccce6-a721-4c25-a09e-75abf825dae1,7EWB2BZ759
396f5d17-7733-4d57-89c5-31ae1226888d,5X16BYUC0Y
4f321706-1ebc-494c-8e38-89652a32c5ae,8YS256VZ2B
90a8b839-c839-409a-a418-391134578e7e,70ZQK6YDTB
96485d6d-dc67-4410-a729-4d645bf54d0c,4ZC7RKS0JW
f58352a6-513f-4bdc-8c05-d8dcdbe7a752,3M8EU2IB9H
2659e7ff-c7b6-4d5c-ba07-120cfe8ae6d6,CHZWS438ZC
cb1cd362-f6c2-4c34-9066-2f6aafd1b5d9,R7P4M2J2XN
3f23d562-be77-4767-84b1-fc787b520bd8,P8BMGKHLHU
9d67a169-80ce-4321-a75e-f151f5277507,T08QIBNJ1K
921fbbbf-8c49-4737-a320-d53801b49402,NJC1TTDN47
70e629bf-3a8d-479e-bc2c-4a9bfbc0c513,RKUKWJPHMJ
0f40dd44-66c1-4b40-8a91-de19f786d007,05R9MN4V01
92a8cd9d-3062-4e8d-8189-5d853fade6fb,UEEVH4GXZ9
6d6ab6ba-eb4f-46b4-8124-39c7d42821d3,35U70TIGA9
baadcca1-c67d-4a47-b9c7-910924208073,WNZQNOOGGU
3bdd5973-f78f-4b85-bd3d-071f61ffa7f4,QP7ZE7MJUB
ec722e54-59e7-40de-a7e2-f629c5675127,A1Y9H4LEHL
87abce41-4b7f-4b04-ab55-1f330657bbc0,NGGFS8930C
de5c8ed4-50b2-449b-a37f-556422992b4b,JANCEE1WAC
3b120b35-9636-47f0-af3b-d09577179cd3,ET4LSY8U5I
5672230e-43f9-4d83-ab45-034764ff100a,P3DDD5XZDP
6bd07e38-4f36-41e8-a46a-b8e25384f9a2,P8T9L4OWUY
8d1318e4-8b37-4729-ba44-ff3ce5cbb883,UDHRF8HAWN
f321323d-c108-4e84-ba5b-81bf0e12b7e5,U4MIAW0AZV
a8bbee75-fb26-48df-bf0e-31197b54349a,FZ0RG417DS
478c0468-a836-4079-b9a8-d03057bc2768,6DX3JFHN6Q
b991675a-7bc8-4c9b-af1c-5b764689b3f9,LMYXT41BS6
fab865c0-7abe-4362-b922-3fbcf0624da8,6KFVOQ3B64
d06ad6e1-e4cd-477e-98a7-20814641d335,1ABC728UC1
4ce38c67-3681-4592-bb35-81fa7f4f0759,M9A26IC3B8
65498a8b-f71c-4b93-aa9e-9721dddbf02d,YUUBX1X9WE
2d935e87-ce78-4465-8739-3a765dc20427,IJLNFSTIGD
0e3a4bb2-657e-4ec9-b942-8b7667dde4fd,Z71P8DIK43
b815fb92-1680-4322-97cc-eba240423dd1,PRY0E7H7RK
777dfa83-9acf-454a-b05f-0b468791d1bf,B97W76IKFR
05984b11-88b4-4833-90be-7d76353f255d,ANHSNNE1IP
99747235-c2ab-441e-b6a7-514e46a44bcd,1FC2FWR7FF
966b1f2e-0e0d-4df9-a491-70d0d49d1c36,FYXOI3S0UU
910b1f0b-99b3-4acf-9a23-31a3def50b4e,WTNVS8TY5B
1852fcd1-529d-4c47-b7d3-74cea04b8f86,PB0JWVH89D
1c28d515-3339-4550-b45c-e99686bb7b00,WXB7I6ZSD4
2c32e869-e030-48c2-b427-b5c96c6d5a51,1N14BRNS63
b2af2e25-922d-4bf6-83d2-a7e65b14ad1e,CB4TJK365V
c0f784a1-b1dc-49e1-ae3b-47f51f11aa41,S0IS29XPYC
a3c52557-127d-4972-aa70-e0d4c59a1888,CEUUUGQFTV
a6198f12-45d7-44cb-83e4-2ec21ed07c2d,MQOLZ7W9B1
2953189c-3d0b-4ad4-9168-763a390fe193,J1OPY4HEAR
e0ef882c-2fc5-4d9b-a444-df0a9d211e81,ADMVPLXK3L
6840b29a-2fa6-42f3-b918-54e67d972d37,KMENKTI91F
36432754-d029-4545-9501-8ad6fe758ad0,F6U50MSQYZ
8d9995ee-aeca-4d8b-a4b4-e8086a3c72b6,B2SH4VRTTQ
b2f3bc77-6a0e-4f9c-80f6-7b6b46f43f4b,ZFZ4XX1J5W
f9b6a0b0-904a-4fe7-8ee6-673bc6665bbe,4LJ5F11H9H
2432e092-4157-4c5b-85aa-0a9af27ccc8f,K7D0WJ4471
98679ba9-fb09-4bfe-b29a-56b12b52f0ba,4KMZIPBKRJ
a93428b5-d97d-4203-9620-4a0208ff0375,7QFJSBHZBD
a15a04ed-8e7a-4f52-800c-52f7e3923d1b,ZM3NE2QS8W
ee6fe209-9a6d-46d6-83ba-019b36838f4e,DAAZWJTM4Y
6029c11d-b045-45ca-81fb-b8d9e73619d3,PCD5KY9CKO
10ac73cd-00d2-4529-ae5b-ec64dd2e550a,EXSGWNE096
b86a83f9-c4fa-4273-964a-d6c6c0d7f0dc,ZFEK8S9EWA
a174b840-d5a6-4b1f-9d33-247280011482,DDBO3GXX20
2d21ef5b-3b27-45af-9ad1-84ea8a7d4101,IKLKI09QSY
3750f44a-3399-4be7-bb01-04bdc22687c0,7YO05FAP4W
c9399535-fff7-48e5-aea2-6f7b143155d4,R6PAU153KX
3b218dbf-2ba9-4611-b01f-b6c9946e2ece,VQK7MNNSDD
7ad3203a-42a8-4714-bb57-46f762d34471,LWYP13I2NJ
af06e314-1d35-4df1-9100-1e470d341b5f,II69W4Q1A6
8af33d5d-2f71-4b04-aeb0-dc11e298aba0,N19VD9V717
c20a65bb-0aed-41d9-94c7-fd6e57fd4d05,L88EVYG9PP
b83bb8f6-1af6-4a88-b995-432bb815df03,7Q3U5O3W2I
381b4efc-6e8b-4914-89c5-1646ae3894c0,3Q4T7NZAKD
c3b44eb5-b42f-4b60-8ecc-8c403f3d9dc5,EMZYMWPD79
38c89059-e912-4b6b-a322-e737c98bf0d3,REBYBISLXY
8be6c029-e98f-41c7-98b7-cb9455d9058c,I9056M1LIU
c1b4a008-3a14-4d2c-981c-930d50fa9ec4,VRKFM831YE
4dc22dc0-c06b-4e72-84ac-688bb6699b6f,DFRRRQ94N7
b43fe4e4-8200-4f33-947c-2771246197c1,U5R29TDVSE
c2bf6ee5-4031-4a1b-ae90-594b57f7d5ed,FPUR52YI5Z
02b8429f-e156-4438-9936-5c99b9177336,05MW5GUWFQ
b33fbb92-b4e2-4b38-ade9-43183c3e2bd8,2ZAMDXE5K9
17441ad4-49b2-43e1-b5e5-0f4aa0079bfc,2X1ARCOMB3
1f1c8685-0146-4131-aeed-d25b2e84cc9e,70C2TC17XV
8062b1dc-0b8e-40bc-8290-eeb91f640172,ZB5NIDFEI9
ec0187ad-af7f-4ca3-93ed-a05812ef5cc9,DBM3PRVQWV
945bf0ab-354d-4ae6-b5ea-533a2570b3e8,MKJM2USLS2
44d6f86c-1149-4a01-8b18-fa4a3847ea20,FIXG97116L
d6fcbf69-94d9-458e-bd31-481cbdbc775e,6X7XPOZUL6
5e535d18-45b0-4908-897b-6e7e46fd6d85,36UX9RLSYM
f4818133-72ba-4ee4-8357-026ba9e5b851,HDTY738ERJ
ac562891-c908-43e5-90ad-dbe1e3b4a636,PQ6928X8YX
26b56fcb-b69d-4e1e-b32c-8c0203c4e22f,SYS20XESUC
b5026582-ed87-4766-9ed4-9e8a5791e483,BG0QM0BMZK
f0ea04a0-d38a-4acd-9f48-6a140e17ba9a,T6DOYIIOLI
3c94acf3-3de2-40a7-a10a-6bb07a858fda,AYNG2B6XY9
ea585735-0d13-4928-a43a-e21c80864941,9Y71A3FYNB
b0f7aabb-6afa-4e2c-b2ff-ac9cb98a2cfe,UUP4LP5MZR
16ebdca4-ed8a-4b18-9781-fab7164f2320,9NK233FAYH
5563b638-15e5-48de-befb-f4b034e35e82,4UEUADIK79
09f4a363-ad71-448a-80df-0abf58cd7646,PSEZE72753
d354a635-feed-44cb-b77e-1276ccffaea5,1B9M8PSVQE
ec4a9c95-64f5-490a-b37b-52cd8b914571,S8DJ5S4A4Z
730ed895-a0bd-4c71-9f49-73eb2877571a,B554H3TNWO
454b6621-34e5-4052-82f5-bd1dc5ca803b,0KW8QCL79S
720c5131-1582-4da5-89f8-28c14613406d,F8YN4GTH1I
fee921c4-f137-4cef-802a-6e58e4392790,CUYEPV83S1
471cd636-efa5-4a9d-8e32-f68c25d9daa2,UY710TV5CG
342c4bda-0951-4818-bf4e-fefeb111049d,GU6ZQ9M1SN
ee0153f2-15a4-4a4d-95bf-63e2bf8d05f2,TPNLLCNEOZ
8f8c1b79-e220-4fe0-97d9-3bc9d3f597e9,X1OMXMTU1K
f793686f-3f64-4413-93e1-8c846981fa4b,GSBTN8FCQ1
122aa6ef-ada9-4cc5-af0b-74e3bf817d7e,4WK2O1KQ0V
9c9815f3-4b26-4e86-bcbf-dfce5ec8ab8c,JD7Z30CSZO
3ad74f7f-6d1e-4da1-8e23-f1c78b01a7eb,YVYYNIYMXH
cf25f400-4627-4b88-a4aa-c5d159eb5bd5,8UPJUDR6AU
98c7000a-5013-4681-a5f3-4bddf81129ed,OCBJFIROQ1
7cfae4c0-a8e8-4394-b0f6-014413bd574b,AUSFPW40V9
f4725d7a-574b-4dbc-aa46-370c7319e0a2,1JYI58BJPO
7c3ca5ee-90ab-4ed8-bf2c-00572983939b,VM7WQLBVVI
dad64295-f1e6-45ec-840c-abba5c738147,4RU4MF6KX2
94cbfe03-6903-4dbc-81c7-d3555c4fc459,MQ20MEYG38
6e3d8b10-1990-472d-9caa-bfafc6de5c28,HMOWOF66QD
fbeb52c3-a71b-41d6-bf61-28c8b29a9c56,BMX9NVPX44
e88fc620-a65f-494c-849f-77bec50bb78d,WBNOS5KNI5
1df4333d-5beb-48ee-a9e3-0ce7e6b99aef,22Z19E0LXQ
c83ecef4-7120-4239-88d9-f3339f0a42c0,OIKNR7L3CT
7d4e59ce-fc45-4839-8b87-1b4cd6dc94bc,KYR8YN35DZ
2c9aa6df-4682-4268-b7ed-17f90eed1817,299RV5XDVM
b529972c-820f-4222-b2ac-c7579d73df4a,H6QREN09D6
0433fa01-3646-4f42-9920-9b0c9062177a,JPHZREVGGU
580de168-058c-4346-9883-30ce76583cb1,GB1FQVQ11A
7c0ea5ad-fbd6-4dda-b59b-9cb6ebe2c1f1,LYTPV3GX10
c3a58e6c-e176-4f9d-b3d9-454de38a3abf,LIIRO3JM67
f0458992-c8ee-4af5-8470-46236d832b7b,A5UN2YEGB6
978d071d-3cd2-4e59-a3f0-d07cd689e88c,0NM2W0743W
c8e99349-334d-4677-8f5a-c4d42744000d,UYIFUF92D2
bd7109be-9686-45dc-80fa-58aefd6ac200,3JQDR34915
e0591ac3-42cf-4213-ba8d-84989bafccdb,QBVXTXOE2R
d7915691-90c7-419f-9932-987eea13f23e,A5ZH8KABFW
cedcda21-be64-4cd6-bbc9-9b39b9e4add1,Z0VCI0QIWT
a8b7184d-ba0e-4896-a144-4cfbe55baf61,0V855BZ7WF
037d1e1e-e484-4625-b07a-c83997c2ca9e,XJM5Z7CTML
c23de5db-9910-4929-9368-ab5a984d79c5,AH6NWYWN32
9d76b172-5042-4a48-8f07-4046b18bb7da,AJDK4KFV04
6b2d438d-55c1-4e19-9a5c-91d33c0976fd,3C7T2UCISZ
8ea5d31c-41d1-45ba-8f88-e115f6f63f0c,21VTQNFUVL
60c14bfe-e860-4c72-ba8c-b4240a2bb55a,J6XGL063OC
82f019f2-9804-4731-9743-10d7ab678329,KWFCS9J5K2
5240773a-41e8-4220-b951-138434abfc4d,QDZXEBMS4S
330cdae0-b093-44a5-88b5-5ccd74f2a6d6,4ZAXB2TUEK
05f7b3e6-0802-40a3-a862-a76b000669e0,5HENNSHASU
9f1a9d37-11e3-478c-91f9-b0d46aae90e1,JX8WSFI1KV
564b24ef-2b32-45ca-a449-f567c314565c,GV9XF16JVU
71675027-0f55-46e5-a8a5-3fbea8608d87,5WH8V2F312
915583f0-e63b-4e66-99fe-ef23c6d3b68f,ASR0431FO1
aaacdd9d-1a24-44ae-817b-16397db0bef0,EJXNSQMGNU
e1d5b48d-c0ff-4e8e-9192-c3be7cb1a062,DPUM9Z3BZ9
2301b493-b7c1-42d1-9f58-bfd3fe1ffc9d,82L9IC42FF
2d49b734-ef54-4d9d-92f7-d16ad64c732d,R5PJCSDGDN
a0428589-b884-4131-9279-afb79aea1c2a,MFX25OP4MK
0dbabc78-9dc4-4e24-8b8a-6e8f7c7626c0,RNYTFKTSQ2
e4ede187-a1df-4a52-82ab-a0b6f3c012d7,T8NF4TEFYG
0e17eefa-8ec1-4d95-bd19-c3ec5735bbdc,XMINXL7J8P
b7e26674-22f0-4de2-ba82-fbd5f1cb837c,O0JWOP7O00
09a68c99-47bc-48b5-8933-364f6cbbc755,SMF5Q4LCDS
c8776568-1c0c-485d-a48c-111ef3f7360a,99XP0GWZA6
8daf209e-b82e-4e66-a4f0-beb3688bb96f,2FW3R51A3B
00532322-f251-4f19-bc90-2f5595515a18,NO4NPSMOY0
3222b47a-4a77-410e-a641-ad5215711d43,3E5LMOG8HS
3a9d01c1-deb2-4e8c-a5fa-3c07eba19779,86OYJ6FLHQ
1c1e7e99-35be-4e47-989e-cbb1869ad43f,739SOGSAB7
4674e47d-3471-499e-bb70-d6904781a03c,KAYDV43NMA
77b3a1ce-3a2e-4f1c-a9d0-f40aca717723,AYPJ26XFJ8
c14051be-19de-4068-b2c1-52221a203639,5F96OOUH7J
4f36114b-2db1-415d-9be0-894299ed5d8e,A5RWCQPKEI
21e2c76b-6c51-4bba-9f10-5ec82bcac995,IIIZROZBEK
04f7b44a-0bd1-4480-81b3-46f3210c4404,VBKLIUAP5V
ee66b8d1-2ea3-4326-86f5-2044c6e4341f,IUMAQCJCTR
4ec5d175-0dba-41b8-ba1c-00abca727d40,ROZSSVSY7W
6c2375c9-e1ed-4ac5-bb9a-37df1c8749f4,TWJPY6OW3H
d2e11311-e169-4c1e-bd5b-1946d6a94584,11UW0X7XHV
7a527552-d82c-4317-9ed6-7065373de71d,2L3VUGUP4T
ae2ccd6d-29a9-4671-afb3-498e6e56f81d,CJNB3VRONK
d98cc61e-4414-46ee-92be-753f68113b4d,56D0EK3SWB
bb5f3f27-3a1f-420b-9ea6-4eb989c7176a,X8DSHHFM7H
55221d3f-6163-4a12-8525-60c03b2a8a1a,X0ZFP9R40B
50f3986a-35e8-4a1a-afc0-638efc136513,IMMBZFQK4E
0f926a7a-b08d-42fd-85f1-261a8cee01a8,2AIE1AMSEZ
63d8abf9-0f73-4571-8406-31c90daefb80,BWTGFFKYBX
5384ef81-5f3f-4d33-9a3b-9acdfddbc91e,0XIURGU2IT
7a5e41fd-a8bb-4ffe-b382-68e6b129ad9a,FITM2AEBII
8e30904c-a96f-469a-8955-428dd0d309f6,729PBL9XF2
c2aadcfe-2931-4d08-b31c-af3b628e8fd8,JX7CIRK6YI
7cf96fb1-3ceb-4811-b9c4-a9225b6b45f4,JIZDWOG7WS
b4de6321-09d6-4940-b038-00417d84c53b,8C9B3H76WZ
8a397d93-389d-40b6-84bb-71721eb69d84,K2S4QGFB13
e438fa25-6410-4021-89a6-cc755ac2a54b,RVG90CCZGD
03804ef5-9eec-4fde-b781-ff1712649065,854I1MGJAC
1e2d1413-17fe-469e-bac7-231b9f534fd1,LUDDWVVMCC
7fc91004-8088-426a-8e17-e643cb6e39f7,IHXBHJ3PLI
6540a00c-da62-4e55-842f-f18c782c5a88,TP9EVSFZ8F
6931fdf1-a761-4c56-bb64-ba7366e1922d,JBVIRY0TLE
562f6fcf-084b-46da-9602-67f4a0b5330b,UGYRGS738T
da5cc7db-364f-4322-8ba7-01fbfc4cf19d,BR9Z3AHEBM
8b10a6bd-53e5-48b9-80cd-cdaddb039008,RQMYSJPVPQ
6f123353-cdb5-4607-9a26-862c3a21fa14,TKH1A132WU
8c346bac-46d1-433f-942c-b195b0d7796e,6OQXN5B2HK
2dba622d-d5c7-420c-af88-e624d244cc6c,00XRJ6C1A0
b6d1fc3d-b458-4967-8870-521dc74a25e3,HVD7RKMVP0
86385d70-825f-4e3a-bc1f-815cc151d0ac,NWIP5LJ6RE
76f4760b-996b-4241-b5a0-e8059592b625,CH77IFJBW4
aabd7ab3-78e5-4534-b03d-9f4afb1a210a,TFTNJWJ25H
39ad3fe3-f0da-432d-83b2-325709550e47,VE1T7Y11HJ
03db800e-4130-479b-881c-2f15538c4c1e,TD5781A9H0
14ea79d1-cd61-45e7-adda-ad6a4cb62a9d,RVZ16RINJD
c9e3de20-927a-469e-92b7-86cb6babb865,57MHGCQAQJ
32bc67d1-7bdd-4eec-bfce-a10ea65ddf92,PYDK9L31DD
f1607d85-e8db-4614-b552-5c0948a22f00,PUA8GVAYF7
e0fb4c4c-03a0-4495-a19e-8711314dd4ee,JQ8YUWYLEK
3edbac18-1bbf-4c09-99e3-23ffe5929d0c,GLVEDMRIKV
63df8d2d-8dc5-4f93-9f87-285354935bfe,VSC49YCS75
c80ed48b-c644-4f81-afaa-72b33a0ae776,0H0WZHBJAU
7c66479e-5ff8-47ad-855f-283ec8d90c23,G2Z5ZWB4KJ
c5b93f16-b283-4563-bcbf-491a29e73904,2K9TDCN8AC
23cca2ca-3630-4d33-8e49-fb6e0d312d43,VBSGU9AJXR
7adad8e6-6ef4-4dcf-a72e-73c0b961a74d,LDNQQAPFEI
adbb3494-a03c-4211-a43c-6b6905e29fcf,RHIUXLGOTB
dbb7130f-7536-4919-af69-8495cdf7aff8,NZC0390OCA
02647409-058d-4662-b76d-dc061ae07eeb,OWPVSYE850
27a72464-6919-405c-be3d-87ccf1d28bc3,JGLYW7O3HO
f692ebad-1ba9-4645-acb8-b794559843a2,U8R9TD2OZW
bf686e80-3ed1-4cde-a37f-19f6fa717ea3,EEW8PRU8ZG
e4dbc5e2-75d3-4e29-afff-9d48eb14de52,FATD1ZGI2F
757daf80-54ea-4e77-88ba-6d8332fbc1e4,TPIPQRHPG5
04350c4d-75d8-48bd-a583-30573bf292f2,2351YMTAMH
a9b8e6f0-9131-48d4-95eb-ed03e7b2fd93,9GVH4E80XY
93467176-eb47-48af-83c8-110a367c1d17,0Y7NVF7VUL
29484c5b-098f-4a1d-9ab0-1ed319c81683,XVQZQSSF64
bece8429-d20f-40f1-913e-d2a141b9a908,GHNIL646AH
16c049dd-6b66-43ca-92a5-3f12d2bfa045,0E83RME64Z
5ffccf81-be33-497f-b422-890451241677,NO1ZUI4KJT
5a8baa12-776d-4537-a9bf-d0f8f9604feb,F0ZKQTI4EY
b135da33-fead-461f-a24b-a473f1de2747,6LQ7RRU96E
2de59318-4ffd-4031-a605-8e444e23d5f9,BA7YHCVM9C
43834d55-8486-4a7e-b4e8-05db6de4b913,O3KNZ629K8
659ed4a8-b9ae-444c-be53-0ddcf12315ce,WIO6KEETN5
f8e65ccf-0ba9-4ea0-8e93-84dcff08e57b,46HK8SWVS0
d0dcb124-46b3-42c5-8d48-a5c7b21a73b8,V01AQP9U3Q
5e0e9356-7416-4e69-b03a-6261ffa86a66,O5HYXRXGFX
f08ea1dc-04a0-478b-9f17-ec6e70ef19c7,I5FSLT9TIC
a135e82f-e92b-4b56-8a8b-f61867774c4c,M4OO89ZP92
32dac809-4cd0-495b-8991-c61ea0f55667,XCJ3E9HB37
aaf9d41a-3c03-4926-aa6b-87864b011777,FWNAH7H22L
4526853d-2f52-4c0a-9243-9e5358c2db46,OIKE4S3P10
5e190256-61e5-4fb1-b7a7-90afa3ea1ee9,ILZ4FJXZ7F
8872506d-16d5-4d85-a989-727da95a99ba,B13A7SUUFL
425ad96b-df73-45e6-94de-4c2892e6ed17,FYPUF2HLJL
e8bce216-debd-4643-9f4b-86f54f5c38fb,OLL2EOHGTA
62d7f79c-072d-4d5e-b244-45a6ece63fe1,4C515D1U77
52ea7ff7-613e-40dc-97b5-8fc02f1abaff,0CJHHK6O1H
8bac1571-24dc-49ed-ab86-d2da7958092d,DH2MHQ2IMF
4d0e05a3-27db-4728-aee2-48208b093b99,USFCPBFV1E
d4565ada-5ca2-4bad-aae9-d41511e2d9db,ZSS24SWOI3
a6fe4581-d1c2-4388-a7ee-373f21262163,D6OQDTVQZ1
