fd600f5a-6631-4819-9bad-ad136a77da70,f9d6560b-15d8-441d-861f-c951690a4e22
f9d6560b-15d8-441d-861f-c951690a4e22,95775f14-7b5e-4a30-9365-1b5fdbf5deca
95775f14-7b5e-4a30-9365-1b5fdbf5deca,31b9734e-5875-43d4-8089-6249e85e9a73
31b9734e-5875-43d4-8089-6249e85e9a73,aad3f85e-fda8-41b2-830c-67adf7cfd55e
31b9734e-5875-43d4-8089-6249e85e9a73,4788e5e6-2e34-48df-9142-3e79a0c5f152
31b9734e-5875-43d4-8089-6249e85e9a73,ead8b199-36ad-48c6-af74-7142aa27446f
31b9734e-5875-43d4-8089-6249e85e9a73,c755f6b3-2297-4beb-8d45-5e924b353b95
31b9734e-5875-43d4-8089-6249e85e9a73,97994d1e-e6e8-4acd-b68f-11121dc2d46c
95775f14-7b5e-4a30-9365-1b5fdbf5deca,3d5e369f-5b57-4a9f-a2b9-a4ae67e768c7
3d5e369f-5b57-4a9f-a2b9-a4ae67e768c7,a3d3070b-b47a-4dc4-aa4b-1fb2af3740f4
3d5e369f-5b57-4a9f-a2b9-a4ae67e768c7,601650a0-d84f-448c-aa5a-2de2a252721e
3d5e369f-5b57-4a9f-a2b9-a4ae67e768c7,fa26ee9c-3ca7-4616-a0a9-d1221fffaf9d
3d5e369f-5b57-4a9f-a2b9-a4ae67e768c7,6f8f1d71-aec4-4e95-b4f9-f2b59cfaeaab
3d5e369f-5b57-4a9f-a2b9-a4ae67e768c7,1d0d2e23-f41b-4f9f-8651-6533c28f17b7
95775f14-7b5e-4a30-9365-1b5fdbf5deca,152a4ff2-7262-4ec5-8b14-a9727acfb2f7
152a4ff2-7262-4ec5-8b14-a9727acfb2f7,2e023686-6dd7-4488-8160-142e81602613
152a4ff2-7262-4ec5-8b14-a9727acfb2f7,229deadc-6375-4714-844f-76c0f6e4b557
152a4ff2-7262-4ec5-8b14-a9727acfb2f7,328403d0-118f-4f04-a101-f8c11cfc5abc
152a4ff2-7262-4ec5-8b14-a9727acfb2f7,a7574a3f-2c24-42a7-9ad6-1d8c35cc1e5e
152a4ff2-7262-4ec5-8b14-a9727acfb2f7,2bd4eb11-127d-4fe5-9afd-3598f73f0975
95775f14-7b5e-4a30-9365-1b5fdbf5deca,3efd6be1-008d-4c0e-8426-a788c5e0129d
3efd6be1-008d-4c0e-8426-a788c5e0129d,e4627202-9021-4163-8df7-f6deb7c15a10
3efd6be1-008d-4c0e-8426-a788c5e0129d,dcab0075-bd99-4dbc-a80e-82b5d909a3d2
3efd6be1-008d-4c0e-8426-a788c5e0129d,1eb7876d-a5cf-450e-a2fa-8419325c6dba
3efd6be1-008d-4c0e-8426-a788c5e0129d,c12d09c2-766c-4620-b554-92dd94207486
3efd6be1-008d-4c0e-8426-a788c5e0129d,c76865ee-6e11-4621-8e6f-bacc9d8713d8
95775f14-7b5e-4a30-9365-1b5fdbf5deca,71683575-5936-464c-bd29-db1d997f2d1b
71683575-5936-464c-bd29-db1d997f2d1b,daa782f1-8002-4a7b-87fc-75793dedee83
71683575-5936-464c-bd29-db1d997f2d1b,729e2c76-b862-4815-a472-bb1985880451
71683575-5936-464c-bd29-db1d997f2d1b,b9507d3d-81d6-452a-abfa-48fd9272bde9
71683575-5936-464c-bd29-db1d997f2d1b,11a37f35-a350-4972-a9c5-52fc2dbe4a71
71683575-5936-464c-bd29-db1d997f2d1b,36144449-1700-4f26-aa99-ae88ef583621
f9d6560b-15d8-441d-861f-c951690a4e22,9fc03ae7-70ae-4a2e-bcdb-51192ab6642f
9fc03ae7-70ae-4a2e-bcdb-51192ab6642f,0da364fc-d2f2-4157-a9b9-c825cc7efe94
0da364fc-d2f2-4157-a9b9-c825cc7efe94,4ac1e625-9f63-4d01-a8f2-83ed81f9b735
0da364fc-d2f2-4157-a9b9-c825cc7efe94,62387aad-5ffe-495c-9388-d3831bb7d67b
0da364fc-d2f2-4157-a9b9-c825cc7efe94,b0b1ecdb-5ec9-4433-b3ed-f65f36df20a1
0da364fc-d2f2-4157-a9b9-c825cc7efe94,d41d6995-f5d2-45e5-bbb4-1b3a6b7da94d
0da364fc-d2f2-4157-a9b9-c825cc7efe94,2e6af98a-a0b9-4146-a99f-59d312e2caf9
9fc03ae7-70ae-4a2e-bcdb-51192ab6642f,187df72b-8bc7-442d-82e5-e02cc17b5323
187df72b-8bc7-442d-82e5-e02cc17b5323,dc956b6c-0be3-4504-b1fa-f50af5e644cc
187df72b-8bc7-442d-82e5-e02cc17b5323,cdba4676-0ad5-4de9-9e54-16e91cd52e28
187df72b-8bc7-442d-82e5-e02cc17b5323,2e9f14f3-0280-4da8-b60d-467c4abdbfd7
187df72b-8bc7-442d-82e5-e02cc17b5323,7b5e0301-a882-4108-ae42-4fef3858c165
187df72b-8bc7-442d-82e5-e02cc17b5323,075e6faf-a310-48ae-8b9f-a353320739f3
9fc03ae7-70ae-4a2e-bcdb-51192ab6642f,13703436-7afc-462f-a62b-cd58227211bb
13703436-7afc-462f-a62b-cd58227211bb,31345303-7f28-4dbe-b5f7-72284cc693a3
13703436-7afc-462f-a62b-cd58227211bb,6b837b69-480c-4e96-9046-75b7b877aba5
13703436-7afc-462f-a62b-cd58227211bb,b1691fc4-a1f9-422c-b19d-8003fe06f69c
13703436-7afc-462f-a62b-cd58227211bb,69bcd377-89a7-44fd-9dec-3d6d05274905
13703436-7afc-462f-a62b-cd58227211bb,03e335ec-3b94-44d9-b084-73c44264b2c4
9fc03ae7-70ae-4a2e-bcdb-51192ab6642f,39e7fd0c-cec3-4cd0-bbb1-d9439e507873
39e7fd0c-cec3-4cd0-bbb1-d9439e507873,8f5a7f70-e17e-4198-a67b-ccea60370c3d
39e7fd0c-cec3-4cd0-bbb1-d9439e507873,893642d8-8a41-46ce-9747-5e3933b22ae5
39e7fd0c-cec3-4cd0-bbb1-d9439e507873,b98d7f8f-643f-43be-b649-651ecb53a475
39e7fd0c-cec3-4cd0-bbb1-d9439e507873,bb53d55a-7960-4cc3-940f-2a0e61e2230b
39e7fd0c-cec3-4cd0-bbb1-d9439e507873,18042b56-c9b8-4489-87e1-82a7fce4f2c1
9fc03ae7-70ae-4a2e-bcdb-51192ab6642f,5fa74e2b-44e1-4c0d-ae0f-033c96e7bbe3
5fa74e2b-44e1-4c0d-ae0f-033c96e7bbe3,10ed56d3-04d7-494a-9159-ec350e31911d
5fa74e2b-44e1-4c0d-ae0f-033c96e7bbe3,f32a66d0-17e5-4a3c-8b08-8cb3a7ef3a8a
5fa74e2b-44e1-4c0d-ae0f-033c96e7bbe3,c4fbf278-5948-4fb2-9815-a75603b5d352
5fa74e2b-44e1-4c0d-ae0f-033c96e7bbe3,8f35030d-c380-4814-b36c-987725125b7c
5fa74e2b-44e1-4c0d-ae0f-033c96e7bbe3,89347b2d-1542-438c-a3bb-fd1a051936ac
f9d6560b-15d8-441d-861f-c951690a4e22,d8a8b663-3539-4bf4-8339-3422f505d617
d8a8b663-3539-4bf4-8339-3422f505d617,4900432e-69ef-4bea-b79e-af4c581710c4
4900432e-69ef-4bea-b79e-af4c581710c4,34e16ecc-44f1-4d94-8a3a-4a26268bc727
4900432e-69ef-4bea-b79e-af4c581710c4,2b710bf9-b6aa-4703-a69f-766b79fb5db8
4900432e-69ef-4bea-b79e-af4c581710c4,f60a01c5-a12b-4b7c-9d71-c132fe807f20
4900432e-69ef-4bea-b79e-af4c581710c4,84c00849-df50-4fd6-ae5f-8c04410c1cee
4900432e-69ef-4bea-b79e-af4c581710c4,80e9946c-f633-4b6d-836a-d35c7d3ed18c
d8a8b663-3539-4bf4-8339-3422f505d617,63d32fb6-7408-41da-81b0-1c929deb09de
63d32fb6-7408-41da-81b0-1c929deb09de,eb2add5d-fc43-4de3-b480-0c26fda399e1
63d32fb6-7408-41da-81b0-1c929deb09de,6cacc55c-1eb2-4569-b0f7-f62744a185c4
63d32fb6-7408-41da-81b0-1c929deb09de,047bbd3b-d9dd-4899-aba4-198dd1f93411
63d32fb6-7408-41da-81b0-1c929deb09de,a9c47b31-2deb-473a-85c5-34c392d30c4c
63d32fb6-7408-41da-81b0-1c929deb09de,8cdc8716-c66e-4481-95f5-4ed5507a7d6e
d8a8b663-3539-4bf4-8339-3422f505d617,c8c2d275-7015-4976-a4fe-e91a2f3f77e3
c8c2d275-7015-4976-a4fe-e91a2f3f77e3,2966420c-972a-44ab-8bbf-778d2596fca7
c8c2d275-7015-4976-a4fe-e91a2f3f77e3,dc3b5807-1913-4945-973d-ff926e470dd5
c8c2d275-7015-4976-a4fe-e91a2f3f77e3,2125fb3a-4a52-42cd-b1ce-a6b6091276af
c8c2d275-7015-4976-a4fe-e91a2f3f77e3,62b5c955-83c3-4e20-ab6a-67f208c39a02
c8c2d275-7015-4976-a4fe-e91a2f3f77e3,e7705661-b1d9-4d51-9bbe-e7cb7c81bd65
d8a8b663-3539-4bf4-8339-3422f505d617,83eef2e7-d67d-4231-b3d0-44198f0d3f2f
83eef2e7-d67d-4231-b3d0-44198f0d3f2f,d1158c78-daf1-4fcf-b854-20c15fffafd1
83eef2e7-d67d-4231-b3d0-44198f0d3f2f,89f9f128-270c-4462-b998-a012aebf6c94
83eef2e7-d67d-4231-b3d0-44198f0d3f2f,a80f1ee2-1d45-4232-a5c1-05e1d2448be8
83eef2e7-d67d-4231-b3d0-44198f0d3f2f,edec34d7-bd99-4e5c-9de4-ddc9d3dba880
83eef2e7-d67d-4231-b3d0-44198f0d3f2f,e3e4a9a3-2f40-4b8f-93f4-0973d1ddc930
d8a8b663-3539-4bf4-8339-3422f505d617,17fca339-defc-48ea-bcd5-cd7bfcb5e97d
17fca339-defc-48ea-bcd5-cd7bfcb5e97d,4901d74a-fdfd-43b9-932f-e043a0dabffa
17fca339-defc-48ea-bcd5-cd7bfcb5e97d,938031ee-8e8a-427d-952f-2d82047850ed
17fca339-defc-48ea-bcd5-cd7bfcb5e97d,28c12fca-1086-4ab1-9fac-7c3d88fc2986
17fca339-defc-48ea-bcd5-cd7bfcb5e97d,ec4bb07e-2740-481e-a8a4-84ff44621b44
17fca339-defc-48ea-bcd5-cd7bfcb5e97d,4c357b17-607f-44a4-b976-ce2d5e770fa8
f9d6560b-15d8-441d-861f-c951690a4e22,f269e9c0-83db-4b59-9242-dc908d719a6e
f269e9c0-83db-4b59-9242-dc908d719a6e,12cbf170-7c22-410f-9998-8b4187a2d5ed
12cbf170-7c22-410f-9998-8b4187a2d5ed,e3b4bc04-4304-40df-9583-0fe14149486b
12cbf170-7c22-410f-9998-8b4187a2d5ed,4c46ff33-a019-467f-95d5-6bacc3cae396
12cbf170-7c22-410f-9998-8b4187a2d5ed,b8d4860d-fdf3-448c-adcf-b5e348976781
12cbf170-7c22-410f-9998-8b4187a2d5ed,e3a39809-3415-4c67-bb35-9d58129a9bf5
12cbf170-7c22-410f-9998-8b4187a2d5ed,69f4c54b-06c4-4ff6-8585-a2643874a59e
f269e9c0-83db-4b59-9242-dc908d719a6e,acf8ca35-9ac8-40ab-8175-a013285442a5
acf8ca35-9ac8-40ab-8175-a013285442a5,7443241c-d02f-4c21-84c6-57ce7c2949d6
acf8ca35-9ac8-40ab-8175-a013285442a5,cea7fea0-ec73-4e2d-9a2a-0fc9a98d1383
acf8ca35-9ac8-40ab-8175-a013285442a5,759bc148-9f9f-48ac-b293-09d10342a990
acf8ca35-9ac8-40ab-8175-a013285442a5,d09e6a5f-b3f5-4178-9121-da8194274d2a
acf8ca35-9ac8-40ab-8175-a013285442a5,636390cf-9c11-4d98-8af3-5a9d3d03c06a
f269e9c0-83db-4b59-9242-dc908d719a6e,333151e2-4733-487b-8970-aeb9bb5b7fec
333151e2-4733-487b-8970-aeb9bb5b7fec,59585b56-ad74-4682-bb0d-9a7a33d547a0
333151e2-4733-487b-8970-aeb9bb5b7fec,50cb3eea-e30b-4c6d-9830-33bf474aa278
333151e2-4733-487b-8970-aeb9bb5b7fec,e29359a2-4105-41ab-b75e-1ab48d0a8300
333151e2-4733-487b-8970-aeb9bb5b7fec,0644131c-eb3a-47e2-8abc-4ff70ac48c89
333151e2-4733-487b-8970-aeb9bb5b7fec,3ab9f16c-91c7-41dc-96ac-67a65a2fda96
f269e9c0-83db-4b59-9242-dc908d719a6e,b52a14f9-8000-4929-8bf8-eb61930a5bef
b52a14f9-8000-4929-8bf8-eb61930a5bef,944e8af5-ce41-4dd1-9067-64d753e09414
b52a14f9-8000-4929-8bf8-eb61930a5bef,aa5f0bd4-e07c-4917-9349-9339f67dc15e
b52a14f9-8000-4929-8bf8-eb61930a5bef,34ada331-9df0-4cad-8835-9537335fdfde
b52a14f9-8000-4929-8bf8-eb61930a5bef,2abd23c4-848e-45f8-9381-9a7778802da2
b52a14f9-8000-4929-8bf8-eb61930a5bef,8fac9bef-d0ef-45e0-9d88-9cb7e020325b
f269e9c0-83db-4b59-9242-dc908d719a6e,b45f880c-f596-4156-a40f-132798e6041c
b45f880c-f596-4156-a40f-132798e6041c,8b283b97-c54d-4afd-a4e7-d25d20e0c179
b45f880c-f596-4156-a40f-132798e6041c,f7f6ac6b-fa2b-4326-81c3-0a8f27e5a6b0
b45f880c-f596-4156-a40f-132798e6041c,278fb3ae-e4ce-4536-a63c-c85746a14c05
b45f880c-f596-4156-a40f-132798e6041c,bb963ebb-2558-4760-847f-3c1df2b54aca
b45f880c-f596-4156-a40f-132798e6041c,3507ed94-9838-487e-9d94-db7744328120
f9d6560b-15d8-441d-861f-c951690a4e22,8052f3e7-120d-4a6b-a7df-e61d37596e5a
8052f3e7-120d-4a6b-a7df-e61d37596e5a,2c91eafd-b7a1-4d50-b49d-9708d5853d7a
2c91eafd-b7a1-4d50-b49d-9708d5853d7a,ff176085-2bb0-4213-870c-8ec6dcda9b02
2c91eafd-b7a1-4d50-b49d-9708d5853d7a,2b60149e-49f0-4185-adeb-00ba3612fd93
2c91eafd-b7a1-4d50-b49d-9708d5853d7a,c6b68d30-9cba-4e5a-bb3c-6a281b7ef28e
2c91eafd-b7a1-4d50-b49d-9708d5853d7a,12ef6b25-fc8c-4f7f-bfa4-6eb3dc560674
2c91eafd-b7a1-4d50-b49d-9708d5853d7a,9f17b786-ddeb-4503-9532-e53d2709aa69
8052f3e7-120d-4a6b-a7df-e61d37596e5a,bb98b5ef-5e2e-481d-ab66-bab329679a98
bb98b5ef-5e2e-481d-ab66-bab329679a98,44e4ba4e-e72f-47ac-a670-8e0458a70967
bb98b5ef-5e2e-481d-ab66-bab329679a98,f7d34455-b8ae-4c2f-9c81-c512a594e634
bb98b5ef-5e2e-481d-ab66-bab329679a98,636a51f7-775a-487e-8f83-1557ad1a7b06
bb98b5ef-5e2e-481d-ab66-bab329679a98,9d823dd9-5e71-48a0-9e7e-c0fe3e201337
bb98b5ef-5e2e-481d-ab66-bab329679a98,17e2f4c7-3f3c-47c2-b908-db3df7f84aa2
8052f3e7-120d-4a6b-a7df-e61d37596e5a,7197c774-c61c-4de0-88dd-4a2935c76890
7197c774-c61c-4de0-88dd-4a2935c76890,9065e485-03d1-4ac5-a5d8-e967f4db411e
7197c774-c61c-4de0-88dd-4a2935c76890,3ad086a8-4373-4374-acdd-29d8492bde89
7197c774-c61c-4de0-88dd-4a2935c76890,532ae30b-d8a0-4f17-8199-08aeec92e693
7197c774-c61c-4de0-88dd-4a2935c76890,9506e292-24ae-444c-b28d-3f9a4b830a20
7197c774-c61c-4de0-88dd-4a2935c76890,343c8308-3e4a-412a-a7ea-60a7c3c2386e
8052f3e7-120d-4a6b-a7df-e61d37596e5a,c500c975-404d-443e-ac1a-6a08628e9a4a
c500c975-404d-443e-ac1a-6a08628e9a4a,d9f856b2-f585-40d0-bd11-b8a91ea9514b
c500c975-404d-443e-ac1a-6a08628e9a4a,c11c002c-b3f0-4c0c-b5f5-b0c9edd67f66
c500c975-404d-443e-ac1a-6a08628e9a4a,4e28a718-3292-47ee-a55d-bf395564612f
c500c975-404d-443e-ac1a-6a08628e9a4a,80909694-3446-4791-bb90-2ec856247146
c500c975-404d-443e-ac1a-6a08628e9a4a,71d66375-4c02-45e7-ba51-4d60c93dbce4
8052f3e7-120d-4a6b-a7df-e61d37596e5a,a5a74e57-0cca-4555-a5b2-cbba2760691d
a5a74e57-0cca-4555-a5b2-cbba2760691d,6858c4ec-0f99-4232-8694-8d47e2d2164e
a5a74e57-0cca-4555-a5b2-cbba2760691d,82b2588f-6b71-4bb3-92c5-fadeaa7116f4
a5a74e57-0cca-4555-a5b2-cbba2760691d,104c91c4-2045-4b46-aee2-775d1b31a0c4
a5a74e57-0cca-4555-a5b2-cbba2760691d,1b61a194-b296-4b29-b8f9-1b54e0427045
a5a74e57-0cca-4555-a5b2-cbba2760691d,5418786f-da61-40a7-85c3-be0546eb425f
fd600f5a-6631-4819-9bad-ad136a77da70,b583deaa-a28c-41c8-a1ac-83a42c50fd4e
b583deaa-a28c-41c8-a1ac-83a42c50fd4e,32d55c2e-a1b9-4ff2-91c8-c8be7c1f83e1
32d55c2e-a1b9-4ff2-91c8-c8be7c1f83e1,8c83c4c1-9fe4-40a7-855a-ec7855b9f01e
8c83c4c1-9fe4-40a7-855a-ec7855b9f01e,873509ec-72ba-4544-9e7b-78a24a275080
8c83c4c1-9fe4-40a7-855a-ec7855b9f01e,d73dcd37-3e94-41b0-a574-887786d12d33
8c83c4c1-9fe4-40a7-855a-ec7855b9f01e,e0ab0aca-d746-4ed8-9468-a9e11e246363
8c83c4c1-9fe4-40a7-855a-ec7855b9f01e,aacc12d4-d9f0-487b-8249-f9fe6463db9d
8c83c4c1-9fe4-40a7-855a-ec7855b9f01e,eaf5a246-1697-47a1-a72b-bc25a44934f1
32d55c2e-a1b9-4ff2-91c8-c8be7c1f83e1,d7b06cfd-bd39-4bfb-9271-13fede614be9
d7b06cfd-bd39-4bfb-9271-13fede614be9,fc4793e4-d975-42e8-ae92-82a8e90c999b
d7b06cfd-bd39-4bfb-9271-13fede614be9,34a5d250-2404-479d-96c2-d721af1e6d4a
d7b06cfd-bd39-4bfb-9271-13fede614be9,86173647-c4b0-4c13-ad9e-451a66a48051
d7b06cfd-bd39-4bfb-9271-13fede614be9,abd599bb-8908-4cc1-b148-b4b16ce2ede4
d7b06cfd-bd39-4bfb-9271-13fede614be9,ddc029a5-2e18-42fe-bdbb-c1fff101625e
32d55c2e-a1b9-4ff2-91c8-c8be7c1f83e1,31e717f4-3c44-4471-ba3a-a763156665e0
31e717f4-3c44-4471-ba3a-a763156665e0,c7204c94-368d-4f08-ba60-4e22f23c33fb
31e717f4-3c44-4471-ba3a-a763156665e0,c4282516-f223-438a-93d0-eae190da672c
31e717f4-3c44-4471-ba3a-a763156665e0,2e812df1-edad-43e1-a595-3c49e90e348a
31e717f4-3c44-4471-ba3a-a763156665e0,9383d263-2947-48f0-bf40-9db4525a1a6c
31e717f4-3c44-4471-ba3a-a763156665e0,663d6605-66bd-4d65-a580-0b242246fe7d
32d55c2e-a1b9-4ff2-91c8-c8be7c1f83e1,e2d65422-d1fd-448e-9920-67915a66d389
e2d65422-d1fd-448e-9920-67915a66d389,d685bb88-1035-42a0-86bd-a254d7c7a900
e2d65422-d1fd-448e-9920-67915a66d389,f098c81a-67a4-4696-8896-ff228790983b
e2d65422-d1fd-448e-9920-67915a66d389,30536056-c0f7-4d48-b512-48e181cd6117
e2d65422-d1fd-448e-9920-67915a66d389,86ee0a68-1457-40e5-8bc9-172d0a8ef96a
e2d65422-d1fd-448e-9920-67915a66d389,77769ccc-3614-41a1-8c9e-f53b9dcaf251
32d55c2e-a1b9-4ff2-91c8-c8be7c1f83e1,b178136f-af3f-4004-8ba1-0057cd6ad8df
b178136f-af3f-4004-8ba1-0057cd6ad8df,c77b791a-59a7-41a4-bc8b-a01da871bac7
b178136f-af3f-4004-8ba1-0057cd6ad8df,af7ec62c-9f23-466f-a22e-36eb5835bff0
b178136f-af3f-4004-8ba1-0057cd6ad8df,9f077c1f-8245-45d6-85db-d0f392924d56
b178136f-af3f-4004-8ba1-0057cd6ad8df,ba3f28b6-c581-4cfb-8094-1aa804653c4f
b178136f-af3f-4004-8ba1-0057cd6ad8df,4fbbd856-6577-4b96-a4fa-c48435a4e5a2
b583deaa-a28c-41c8-a1ac-83a42c50fd4e,e9512aa1-1690-43c1-ad9a-94556be92991
e9512aa1-1690-43c1-ad9a-94556be92991,aab3e25a-c41a-4a88-ad80-b12f7ac594a5
aab3e25a-c41a-4a88-ad80-b12f7ac594a5,af860b94-0838-4e71-803e-b48c57e28f7c
aab3e25a-c41a-4a88-ad80-b12f7ac594a5,fed35422-a550-437c-89c6-a3d9d3c9908f
aab3e25a-c41a-4a88-ad80-b12f7ac594a5,9e4990fd-8124-45ce-a732-3f012f5b02b3
aab3e25a-c41a-4a88-ad80-b12f7ac594a5,699c9905-a5e9-49fe-b837-604298f197c3
aab3e25a-c41a-4a88-ad80-b12f7ac594a5,6e92e80b-fe4c-4d3b-99d5-9744612744f8
e9512aa1-1690-43c1-ad9a-94556be92991,fe415705-3cf8-49e4-9dd7-0b38b5e85067
fe415705-3cf8-49e4-9dd7-0b38b5e85067,ad021fba-034b-41ed-946c-3c5bbd7cb42a
fe415705-3cf8-49e4-9dd7-0b38b5e85067,6ce2fcae-32d8-458f-b285-79e4defdbf87
fe415705-3cf8-49e4-9dd7-0b38b5e85067,ad11e844-7953-4a7e-a1ca-7feec5c5e6d2
fe415705-3cf8-49e4-9dd7-0b38b5e85067,fbc19d23-4f52-4f44-8943-4631576da7a9
fe415705-3cf8-49e4-9dd7-0b38b5e85067,da39b2ac-a5c0-4652-b57c-f4115a5fef05
e9512aa1-1690-43c1-ad9a-94556be92991,fcbb1875-56ec-47ea-b4ee-de4fe3267be9
fcbb1875-56ec-47ea-b4ee-de4fe3267be9,6bca6bef-8cad-4576-a924-2da692f56b6a
fcbb1875-56ec-47ea-b4ee-de4fe3267be9,89be2f86-1785-435f-be54-6bccda8b7a28
fcbb1875-56ec-47ea-b4ee-de4fe3267be9,7e4f35fe-f79a-4adf-a403-8d0ee187afad
fcbb1875-56ec-47ea-b4ee-de4fe3267be9,44159148-7362-4316-a8b6-2a45da9c41c4
fcbb1875-56ec-47ea-b4ee-de4fe3267be9,3953f204-62ed-4552-8693-988fd4756e05
e9512aa1-1690-43c1-ad9a-94556be92991,f94deb22-0595-4c51-8a4c-711fce88efce
f94deb22-0595-4c51-8a4c-711fce88efce,88a986c5-6b98-4949-9614-712f40a7c228
f94deb22-0595-4c51-8a4c-711fce88efce,e290223d-ba25-459f-a4fa-b728642d091d
f94deb22-0595-4c51-8a4c-711fce88efce,670c7013-9d64-41eb-b83f-b941c05980d3
f94deb22-0595-4c51-8a4c-711fce88efce,e0d1a553-b795-406a-8a96-8b4516e201b1
f94deb22-0595-4c51-8a4c-711fce88efce,51472f78-92d8-4d83-b536-acd0e9113ec9
e9512aa1-1690-43c1-ad9a-94556be92991,71bedb80-a7ea-43a5-9935-71fe8512c030
71bedb80-a7ea-43a5-9935-71fe8512c030,4dde9c46-441a-4202-9a86-d41cbb9c20dd
71bedb80-a7ea-43a5-9935-71fe8512c030,12e1c909-dc78-4eac-8f67-d94037aa3faf
71bedb80-a7ea-43a5-9935-71fe8512c030,dfe52872-fe3c-4acc-9334-55b291ef043d
71bedb80-a7ea-43a5-9935-71fe8512c030,768f2873-ddea-4af8-bc7b-e99b239014e7
71bedb80-a7ea-43a5-9935-71fe8512c030,2158a459-39e7-4c9c-b213-d71579a2bd2d
b583deaa-a28c-41c8-a1ac-83a42c50fd4e,e60741c5-18d4-4bdc-87ac-599e748b0c3b
e60741c5-18d4-4bdc-87ac-599e748b0c3b,9d934873-2677-43e9-b183-3677f5454748
9d934873-2677-43e9-b183-3677f5454748,64ad0efc-9e9e-4753-8256-a035c0b44736
9d934873-2677-43e9-b183-3677f5454748,339b46f3-1e30-47b1-b472-dd91c2d65203
9d934873-2677-43e9-b183-3677f5454748,2ab7ecf0-5d9d-48cf-9591-004b9ae4a599
9d934873-2677-43e9-b183-3677f5454748,c1597cd9-d0f0-4b27-80d8-ac2404172a84
9d934873-2677-43e9-b183-3677f5454748,128f5349-9c1f-43b7-9ff3-6058915ff992
e60741c5-18d4-4bdc-87ac-599e748b0c3b,f8555b8a-4b6d-4bdc-8440-73b737f57f4a
f8555b8a-4b6d-4bdc-8440-73b737f57f4a,11a0b22d-54b6-4b91-a473-2e8b8432a36a
f8555b8a-4b6d-4bdc-8440-73b737f57f4a,d574dece-7a70-458d-8ea7-20a448a7e660
f8555b8a-4b6d-4bdc-8440-73b737f57f4a,0a7ab064-77da-4754-a40c-9d186d9b899e
f8555b8a-4b6d-4bdc-8440-73b737f57f4a,321c3615-54c3-4701-b89a-5d155ebf92d7
f8555b8a-4b6d-4bdc-8440-73b737f57f4a,84243a4e-98c1-42d2-89dc-8fd37ec6ef4c
e60741c5-18d4-4bdc-87ac-599e748b0c3b,715d656f-557a-42e3-ae83-2d76bd21d5d4
715d656f-557a-42e3-ae83-2d76bd21d5d4,9d310b5b-e09c-47cc-9f36-d79cf5acb6ad
715d656f-557a-42e3-ae83-2d76bd21d5d4,2f583f21-9492-4ef2-9e39-894c15f59392
715d656f-557a-42e3-ae83-2d76bd21d5d4,0fd9e5b5-8e51-4e0b-bc63-9484d6f78796
715d656f-557a-42e3-ae83-2d76bd21d5d4,b8bb6337-392a-4413-83de-5f7a4757ed66
715d656f-557a-42e3-ae83-2d76bd21d5d4,1db4462c-c2a7-4a47-a9e2-e6ea039ee910
e60741c5-18d4-4bdc-87ac-599e748b0c3b,b3303db3-048e-4245-89e4-3f8814f76acf
b3303db3-048e-4245-89e4-3f8814f76acf,0597dfbd-2669-44f9-b5c4-08843454c3be
b3303db3-048e-4245-89e4-3f8814f76acf,d51273d1-9077-4bb4-8f18-5a671acce0af
b3303db3-048e-4245-89e4-3f8814f76acf,e6850dc6-f7e9-4532-b51a-e5d3fd6000ee
b3303db3-048e-4245-89e4-3f8814f76acf,cc135a73-530a-444d-9fc0-c8c4e0289638
b3303db3-048e-4245-89e4-3f8814f76acf,47794738-69f8-4f0a-bb0a-277c5195535d
e60741c5-18d4-4bdc-87ac-599e748b0c3b,691b1b1a-c87e-452d-9bbc-1a98110ac2af
691b1b1a-c87e-452d-9bbc-1a98110ac2af,13a6370b-0a67-4061-814b-7a52021a4683
691b1b1a-c87e-452d-9bbc-1a98110ac2af,0a0de65d-f320-4e51-9eba-27dfc0af9b83
691b1b1a-c87e-452d-9bbc-1a98110ac2af,5ffbf27d-c9f0-45bb-954b-a81aef2787f9
691b1b1a-c87e-452d-9bbc-1a98110ac2af,638dff8d-f73a-43a2-83d4-39693486d5fe
691b1b1a-c87e-452d-9bbc-1a98110ac2af,e0cec83f-fc09-494d-9a07-baecf3e47522
b583deaa-a28c-41c8-a1ac-83a42c50fd4e,d743641e-7b0a-4aff-bd04-20576b63b121
d743641e-7b0a-4aff-bd04-20576b63b121,0bc50a41-87c2-4146-893b-bf72531a759f
0bc50a41-87c2-4146-893b-bf72531a759f,3534e508-eda0-487c-94c9-e76644a2061f
0bc50a41-87c2-4146-893b-bf72531a759f,0e8fa06c-8883-4cec-97bd-9bd06d0747f0
0bc50a41-87c2-4146-893b-bf72531a759f,d527c546-c637-44ad-8045-f64b21c27e90
0bc50a41-87c2-4146-893b-bf72531a759f,e8210999-fba6-4434-b573-531571d958e7
0bc50a41-87c2-4146-893b-bf72531a759f,f64f5eba-f0d4-4532-90f3-91f65a68dd67
d743641e-7b0a-4aff-bd04-20576b63b121,b1f2f4f9-5389-4077-8ea5-ca4b778e743e
b1f2f4f9-5389-4077-8ea5-ca4b778e743e,9a4189cd-873e-458c-8be7-8a508d8443ce
b1f2f4f9-5389-4077-8ea5-ca4b778e743e,f302a966-4eed-42b1-9cf9-ed700e2e6e2d
b1f2f4f9-5389-4077-8ea5-ca4b778e743e,9a6a1a6a-2af9-40fb-8bfb-6ff2810912cc
b1f2f4f9-5389-4077-8ea5-ca4b778e743e,761c64e0-15c4-45a0-ad8f-d9fc3ef5cf7d
b1f2f4f9-5389-4077-8ea5-ca4b778e743e,9d8275d1-7144-4981-98fb-8b91d762233b
d743641e-7b0a-4aff-bd04-20576b63b121,dd6c18be-ec9d-4be0-a86c-488f9baefdb1
dd6c18be-ec9d-4be0-a86c-488f9baefdb1,3cfdfab9-c7af-4c76-ae92-422402799d97
dd6c18be-ec9d-4be0-a86c-488f9baefdb1,bbfdf1b0-0619-46b9-ac3f-88bfb495606d
dd6c18be-ec9d-4be0-a86c-488f9baefdb1,1bd12542-12ea-4fe0-bd89-338fb715d928
dd6c18be-ec9d-4be0-a86c-488f9baefdb1,4668b353-ec96-47b8-9763-8ccce37863b6
dd6c18be-ec9d-4be0-a86c-488f9baefdb1,4a026887-309e-4dc2-9f9f-eed35327de2b
d743641e-7b0a-4aff-bd04-20576b63b121,92f1eb5f-3b15-4410-8390-2f27763ba5a6
92f1eb5f-3b15-4410-8390-2f27763ba5a6,1b5a624f-735e-43ff-a447-acb0cc6bdd2c
92f1eb5f-3b15-4410-8390-2f27763ba5a6,4329def8-58ed-42dd-ac6d-58340060a0ff
92f1eb5f-3b15-4410-8390-2f27763ba5a6,47174ecd-dd8f-4eda-b5c0-cc5faa8b41bc
92f1eb5f-3b15-4410-8390-2f27763ba5a6,85f4e6e4-05f1-45c9-9108-8661eda149b0
92f1eb5f-3b15-4410-8390-2f27763ba5a6,4fd331cd-8d26-4035-9ad0-fdb909f93893
d743641e-7b0a-4aff-bd04-20576b63b121,8b403ba7-74ff-422b-9c2a-720e93e00dc5
8b403ba7-74ff-422b-9c2a-720e93e00dc5,106d1e8a-5250-4989-a99b-4c053266e3bd
8b403ba7-74ff-422b-9c2a-720e93e00dc5,1f952504-7841-4231-b3ca-925fec3fa8d3
8b403ba7-74ff-422b-9c2a-720e93e00dc5,ff81bfa7-3af4-4e35-85ee-c9e3bcf81ba4
8b403ba7-74ff-422b-9c2a-720e93e00dc5,86544cef-5c11-49c3-a515-37068d634ff2
8b403ba7-74ff-422b-9c2a-720e93e00dc5,5850ca80-afc8-4ed2-8005-3e618f62a981
b583deaa-a28c-41c8-a1ac-83a42c50fd4e,31c39b14-f6fe-44e3-8018-5978f0e4ebf8
31c39b14-f6fe-44e3-8018-5978f0e4ebf8,c9a6c59f-5bea-433f-a760-2c22199f114f
c9a6c59f-5bea-433f-a760-2c22199f114f,61fffcb5-5f4e-4bad-ae67-2159522ddb82
c9a6c59f-5bea-433f-a760-2c22199f114f,afa072f4-0ee7-446e-8ac7-8c3165dc8d62
c9a6c59f-5bea-433f-a760-2c22199f114f,2cb7cc73-c63b-48a7-8a68-c06f13a55762
c9a6c59f-5bea-433f-a760-2c22199f114f,be36869e-b095-4088-954e-d62fe4297795
c9a6c59f-5bea-433f-a760-2c22199f114f,61d79b0f-9da6-4bed-8731-e8d3be8722e7
31c39b14-f6fe-44e3-8018-5978f0e4ebf8,f5727c79-3c7b-4b5d-99a5-b356feb5fd08
f5727c79-3c7b-4b5d-99a5-b356feb5fd08,7783895a-7ba1-4ff3-9ebe-9b3f37a31f31
f5727c79-3c7b-4b5d-99a5-b356feb5fd08,775ce49d-16b5-476b-8bad-c26e2df47224
f5727c79-3c7b-4b5d-99a5-b356feb5fd08,48684aad-478d-422b-8600-675469d366cf
f5727c79-3c7b-4b5d-99a5-b356feb5fd08,f6b5a361-40de-48b3-b21a-f824695e4f91
f5727c79-3c7b-4b5d-99a5-b356feb5fd08,c2812d41-cf0e-40dc-ad75-74197a58add1
31c39b14-f6fe-44e3-8018-5978f0e4ebf8,a1907b00-2ec4-4a99-a2b4-1370e2ab75d9
a1907b00-2ec4-4a99-a2b4-1370e2ab75d9,7e30be61-7605-4eee-bd92-c5851b702174
a1907b00-2ec4-4a99-a2b4-1370e2ab75d9,31ef2af9-ec59-44d3-97e2-4aecfa37108f
a1907b00-2ec4-4a99-a2b4-1370e2ab75d9,321fc1a8-b1f2-41bc-8e77-4dd9a584b2fc
a1907b00-2ec4-4a99-a2b4-1370e2ab75d9,875cb08e-3058-421f-8949-a6eaaba8f651
a1907b00-2ec4-4a99-a2b4-1370e2ab75d9,300d6975-9795-4216-b0f5-987902afc169
31c39b14-f6fe-44e3-8018-5978f0e4ebf8,eb2fa14b-30c5-45f6-83ba-23f8cf16b94b
eb2fa14b-30c5-45f6-83ba-23f8cf16b94b,bbfe5f85-71a7-44b2-908f-5de2b603e194
eb2fa14b-30c5-45f6-83ba-23f8cf16b94b,de2d8feb-f997-4b49-908f-f088e24a8c2e
eb2fa14b-30c5-45f6-83ba-23f8cf16b94b,07c34ba0-41bd-46f1-b43c-0fba88649ec9
eb2fa14b-30c5-45f6-83ba-23f8cf16b94b,ae701159-7792-41c2-8106-70a06076e0e0
eb2fa14b-30c5-45f6-83ba-23f8cf16b94b,2ca07fa0-251d-4927-8cc2-ebd22c140d28
31c39b14-f6fe-44e3-8018-5978f0e4ebf8,8e58c4ee-850d-4526-9773-5d95a45b33a0
8e58c4ee-850d-4526-9773-5d95a45b33a0,511ecc2f-555b-47d6-83f2-3162c5a9a4c7
8e58c4ee-850d-4526-9773-5d95a45b33a0,545ed603-67f0-40e7-b827-7a7e24830d8f
8e58c4ee-850d-4526-9773-5d95a45b33a0,a7a78902-b2cf-4452-9456-e7e6849da9da
8e58c4ee-850d-4526-9773-5d95a45b33a0,71b4f61c-d22f-4aeb-98c5-c6d90b4971ae
8e58c4ee-850d-4526-9773-5d95a45b33a0,bd04218b-c8a0-425e-a880-8e22f9fb0a1a
fd600f5a-6631-4819-9bad-ad136a77da70,56a2040c-879a-4069-b8c9-7b40d97495c6
56a2040c-879a-4069-b8c9-7b40d97495c6,32e29eb5-d773-4358-965e-9611e7e66540
32e29eb5-d773-4358-965e-9611e7e66540,8f6ba73f-e0ee-4dce-bad8-ea4c037865bf
8f6ba73f-e0ee-4dce-bad8-ea4c037865bf,40780502-1fbd-4158-ae2b-dc5235423ca6
8f6ba73f-e0ee-4dce-bad8-ea4c037865bf,a388b4eb-64bf-4aaa-aac3-6cd581ae5c7e
8f6ba73f-e0ee-4dce-bad8-ea4c037865bf,89df80c4-91d3-46bb-bf32-491596e776eb
8f6ba73f-e0ee-4dce-bad8-ea4c037865bf,b7ebe92a-5ff5-4dac-a5ed-0e7c4cd094ad
8f6ba73f-e0ee-4dce-bad8-ea4c037865bf,5dbcff37-5632-4e75-ae20-733fde2951b0
32e29eb5-d773-4358-965e-9611e7e66540,27e19664-0822-4716-88b1-8e4dae7f8652
27e19664-0822-4716-88b1-8e4dae7f8652,6e978b35-f999-4667-a3c9-e007e31531d3
27e19664-0822-4716-88b1-8e4dae7f8652,33c4d978-c7c0-4589-b151-6f047a8e04fd
27e19664-0822-4716-88b1-8e4dae7f8652,279d81c1-0a58-49ca-94fb-c104953da28c
27e19664-0822-4716-88b1-8e4dae7f8652,e552f35a-576a-4af0-831a-a20bf0262544
27e19664-0822-4716-88b1-8e4dae7f8652,f790553f-4b0e-4031-b339-3e8efef0640e
32e29eb5-d773-4358-965e-9611e7e66540,d8875e61-e143-412f-8d0c-64ca248321b1
d8875e61-e143-412f-8d0c-64ca248321b1,cc020e6d-0772-4ab8-b9db-f24f4fca4258
d8875e61-e143-412f-8d0c-64ca248321b1,83e5f75a-bd1b-4ffb-af55-709aec72ed58
d8875e61-e143-412f-8d0c-64ca248321b1,488fe837-d96e-46ad-91c5-ed911a2e1180
d8875e61-e143-412f-8d0c-64ca248321b1,2eb7006a-49d4-4cd9-abf5-96ba3e9b58fb
d8875e61-e143-412f-8d0c-64ca248321b1,72942b1f-66d4-4861-bbf1-d2fd7c21b103
32e29eb5-d773-4358-965e-9611e7e66540,40363577-4320-4575-bdf7-2eb094416742
40363577-4320-4575-bdf7-2eb094416742,cc6339c9-4819-40b5-ac37-a7b53acff15b
40363577-4320-4575-bdf7-2eb094416742,99a7ca3f-96bd-4761-b607-135d1a7bf9c2
40363577-4320-4575-bdf7-2eb094416742,b0509a7e-f76d-44b3-97ed-eaf146f57ba5
40363577-4320-4575-bdf7-2eb094416742,68cea26d-8eaf-44fb-ab10-c49fd11e662d
40363577-4320-4575-bdf7-2eb094416742,8fdfffa6-b4c6-4ef9-9a63-ffe31f3001c1
32e29eb5-d773-4358-965e-9611e7e66540,0ebad0a5-02db-4455-b8b0-e36a5cea8d19
0ebad0a5-02db-4455-b8b0-e36a5cea8d19,ac34f232-48ea-4cea-939c-05aec2e93988
0ebad0a5-02db-4455-b8b0-e36a5cea8d19,d41e30fd-f1f8-4b8e-9bbd-32ea34a19f59
0ebad0a5-02db-4455-b8b0-e36a5cea8d19,8c46b375-0217-4a37-aa7d-3bebadce9743
0ebad0a5-02db-4455-b8b0-e36a5cea8d19,99d601dd-fbbe-4ac4-b78e-2eb77777863e
0ebad0a5-02db-4455-b8b0-e36a5cea8d19,6263e38d-2ab3-4dcf-a385-8841a3d88ef7
56a2040c-879a-4069-b8c9-7b40d97495c6,c622dbb0-b1d7-4e3c-8b1d-6ce27d548f6d
c622dbb0-b1d7-4e3c-8b1d-6ce27d548f6d,088b5a6b-f536-4fe7-b335-3cc890f956ec
088b5a6b-f536-4fe7-b335-3cc890f956ec,7515f49a-9b50-440f-84bd-af1965f8c31e
088b5a6b-f536-4fe7-b335-3cc890f956ec,50d71c21-c2b2-432a-b060-f93ad257d54e
088b5a6b-f536-4fe7-b335-3cc890f956ec,f38a1a86-3ea7-41b4-81a1-edf7ff841430
088b5a6b-f536-4fe7-b335-3cc890f956ec,7e410b3d-faaf-4f81-8a2c-7c2242b6ad76
088b5a6b-f536-4fe7-b335-3cc890f956ec,8554249c-006a-45e9-ab60-16ec07da018a
c622dbb0-b1d7-4e3c-8b1d-6ce27d548f6d,6062fc0a-9939-4515-b715-dc1945a3a23a
6062fc0a-9939-4515-b715-dc1945a3a23a,7c221d06-74ea-4f1a-b976-d305d47d1752
6062fc0a-9939-4515-b715-dc1945a3a23a,a16ee35f-bfe3-4f82-b3cf-98fb57db7d5a
6062fc0a-9939-4515-b715-dc1945a3a23a,0ef3ce81-f6c1-4f33-9115-0d8b44e42080
6062fc0a-9939-4515-b715-dc1945a3a23a,becbf8a8-a97e-4662-b734-b6dce40864d0
6062fc0a-9939-4515-b715-dc1945a3a23a,6135a5d8-6ffd-45f9-be38-4321b3ab95c3
c622dbb0-b1d7-4e3c-8b1d-6ce27d548f6d,154e64f1-1b0f-4194-8cf0-749f9160f8f7
154e64f1-1b0f-4194-8cf0-749f9160f8f7,42510fc9-dcab-4c6c-9420-095aa3d3d69e
154e64f1-1b0f-4194-8cf0-749f9160f8f7,cd53e4e7-bfb6-4b7c-a37c-b0f29ac43f40
154e64f1-1b0f-4194-8cf0-749f9160f8f7,67088369-e852-4b32-92fe-d5878d0cc306
154e64f1-1b0f-4194-8cf0-749f9160f8f7,bea1a856-2eda-4d4c-99eb-b9469f5ac2a2
154e64f1-1b0f-4194-8cf0-749f9160f8f7,536c2410-0096-4889-8819-dfe7a9042dc5
c622dbb0-b1d7-4e3c-8b1d-6ce27d548f6d,afc0a7ff-d877-4323-83f9-d77bfd1eb57f
afc0a7ff-d877-4323-83f9-d77bfd1eb57f,972a5990-6a7c-4acf-a346-7820a59cca1d
afc0a7ff-d877-4323-83f9-d77bfd1eb57f,c04769ac-e017-448d-9c0f-cd4571c06b26
afc0a7ff-d877-4323-83f9-d77bfd1eb57f,248eafa3-16fd-46f2-9ed9-630873a2a0bd
afc0a7ff-d877-4323-83f9-d77bfd1eb57f,8e37978e-d27b-4001-b671-67563e8962f5
afc0a7ff-d877-4323-83f9-d77bfd1eb57f,e477abd4-2f0d-4e1f-9cf9-ace894dc9e8e
c622dbb0-b1d7-4e3c-8b1d-6ce27d548f6d,839a8697-64aa-48e8-8059-3d2521a927d3
839a8697-64aa-48e8-8059-3d2521a927d3,18983d86-bef6-4bf5-bc3d-f3388653fffd
839a8697-64aa-48e8-8059-3d2521a927d3,2ad35016-a5d1-4a62-8b00-b85c96d03d54
839a8697-64aa-48e8-8059-3d2521a927d3,e3e75746-6509-48b3-98b3-c6b72b902d36
839a8697-64aa-48e8-8059-3d2521a927d3,7ce14efe-b014-4c4f-93da-48db479d42cf
839a8697-64aa-48e8-8059-3d2521a927d3,f195b82d-c334-4cfa-b089-c1fd2de154ed
56a2040c-879a-4069-b8c9-7b40d97495c6,3a5df34b-d114-4fbb-b941-cbafe1c051fb
3a5df34b-d114-4fbb-b941-cbafe1c051fb,a7bfc096-0e0d-42f6-a2ca-833946373314
a7bfc096-0e0d-42f6-a2ca-833946373314,e74fffc7-4073-42b2-bb86-72d6e03f8bba
a7bfc096-0e0d-42f6-a2ca-833946373314,6b449885-7ea5-4034-a0b0-ba53e54031b8
a7bfc096-0e0d-42f6-a2ca-833946373314,a5fc42ea-02ab-47a0-92ab-6935a8826395
a7bfc096-0e0d-42f6-a2ca-833946373314,d5a1441a-ee58-41f4-807c-fb46ba1f0bb6
a7bfc096-0e0d-42f6-a2ca-833946373314,ee91eacb-483e-4041-b03b-5e9ae3e0cc4f
3a5df34b-d114-4fbb-b941-cbafe1c051fb,47035b57-3ea6-4b0e-832b-62ff53cbf62a
47035b57-3ea6-4b0e-832b-62ff53cbf62a,3055537a-16a6-4234-a3ef-a106a09c365d
47035b57-3ea6-4b0e-832b-62ff53cbf62a,e7714051-bfa4-4f34-beee-d09459fd041b
47035b57-3ea6-4b0e-832b-62ff53cbf62a,e941b5d4-da86-4a87-b8a2-e1fffb21270f
47035b57-3ea6-4b0e-832b-62ff53cbf62a,5997aa79-4f23-4c98-94a6-de5725843342
47035b57-3ea6-4b0e-832b-62ff53cbf62a,5371d3a9-81c4-4d78-8ae2-c2ba9b37a6b6
3a5df34b-d114-4fbb-b941-cbafe1c051fb,f2fdcd2d-d34e-4651-97ff-327b6d6e207a
f2fdcd2d-d34e-4651-97ff-327b6d6e207a,dffcfc75-3a54-4790-b40f-b8852b47ffa5
f2fdcd2d-d34e-4651-97ff-327b6d6e207a,ac16dbc8-3214-4d24-812b-f490e22ec55f
f2fdcd2d-d34e-4651-97ff-327b6d6e207a,71cdd307-0d96-4cc3-926e-11d25a6c5cd4
f2fdcd2d-d34e-4651-97ff-327b6d6e207a,5dec78c7-a9c7-4a75-b45e-6a341fa6ebba
f2fdcd2d-d34e-4651-97ff-327b6d6e207a,3923d3ef-3418-4a4c-9b4c-a6a4bd64a8f1
3a5df34b-d114-4fbb-b941-cbafe1c051fb,6d2b22df-86d3-41cd-88c1-cd9ca5fc6e29
6d2b22df-86d3-41cd-88c1-cd9ca5fc6e29,a01c1744-72d8-411c-a9ec-e9fc3429b672
6d2b22df-86d3-41cd-88c1-cd9ca5fc6e29,41a15e18-36e6-431d-84ae-0810a69a6f85
6d2b22df-86d3-41cd-88c1-cd9ca5fc6e29,5e3c2bc4-66f8-4b3b-8ca2-0948c82adaa6
6d2b22df-86d3-41cd-88c1-cd9ca5fc6e29,76179f61-aea7-4656-a6d3-4bc8ccd19682
6d2b22df-86d3-41cd-88c1-cd9ca5fc6e29,bb8a5e7f-5d78-4bec-8e6c-576f1cea988f
3a5df34b-d114-4fbb-b941-cbafe1c051fb,ace3631e-00c7-4e64-826e-3fbc1ed4b4bd
ace3631e-00c7-4e64-826e-3fbc1ed4b4bd,198e5d59-5785-42ac-8314-2da21cf4ff6c
ace3631e-00c7-4e64-826e-3fbc1ed4b4bd,d7ae2583-b310-495b-9c1c-3734b84a0d30
ace3631e-00c7-4e64-826e-3fbc1ed4b4bd,d3ec1a1f-eb07-4b02-b9e1-2c351b55039c
ace3631e-00c7-4e64-826e-3fbc1ed4b4bd,3281580e-873c-4d70-bde9-d492deeb77a5
ace3631e-00c7-4e64-826e-3fbc1ed4b4bd,516e2b56-628d-4344-8d39-7b7fe63a7de9
56a2040c-879a-4069-b8c9-7b40d97495c6,40d9988e-afaf-4a87-94fa-6c694fd8af0a
40d9988e-afaf-4a87-94fa-6c694fd8af0a,2a5e41c7-7edc-4e75-af1a-cb66a8837e0c
2a5e41c7-7edc-4e75-af1a-cb66a8837e0c,13dc3b6d-0976-4c2a-a5a4-c0c170283a17
2a5e41c7-7edc-4e75-af1a-cb66a8837e0c,eb82bead-9c67-4c7f-9682-b8f496b1c7eb
2a5e41c7-7edc-4e75-af1a-cb66a8837e0c,a116dbc5-c6be-4b91-80fe-1b7245468123
2a5e41c7-7edc-4e75-af1a-cb66a8837e0c,1ba69e7e-e58d-4fe9-a120-2d508950b10c
2a5e41c7-7edc-4e75-af1a-cb66a8837e0c,910a2e06-8dee-4298-ac51-31ed524f564c
40d9988e-afaf-4a87-94fa-6c694fd8af0a,c14676f7-c5b1-4c7f-b3c0-f84f6ba6a52a
c14676f7-c5b1-4c7f-b3c0-f84f6ba6a52a,ebd20551-e5fc-4ebb-a983-c93cad8c5542
c14676f7-c5b1-4c7f-b3c0-f84f6ba6a52a,4268afe1-abe4-42bc-8f77-5f19e488e8b6
c14676f7-c5b1-4c7f-b3c0-f84f6ba6a52a,75da6f8e-7afc-42de-b527-5d296809b86c
c14676f7-c5b1-4c7f-b3c0-f84f6ba6a52a,e78dd312-33d6-4ed1-a55c-2256e3560b51
c14676f7-c5b1-4c7f-b3c0-f84f6ba6a52a,f40cd451-70ff-4062-8ed6-d30d7db8f6f2
40d9988e-afaf-4a87-94fa-6c694fd8af0a,7667cdcf-7942-475c-9f6e-033b3066bdf4
7667cdcf-7942-475c-9f6e-033b3066bdf4,0ed1878e-e47d-4115-b7be-bc9ab2958c56
7667cdcf-7942-475c-9f6e-033b3066bdf4,ede557c0-08bd-4392-9458-581c80a2e6f4
7667cdcf-7942-475c-9f6e-033b3066bdf4,e4ee12a3-a26d-439d-b1f4-dbbb86eb517c
7667cdcf-7942-475c-9f6e-033b3066bdf4,0891cb7e-fd2f-41fe-ab85-e5ebb0b72364
7667cdcf-7942-475c-9f6e-033b3066bdf4,ff9591a1-7613-440c-bdd8-bad199fea11c
40d9988e-afaf-4a87-94fa-6c694fd8af0a,057dcbc9-3351-499c-a5b5-e2c0043abe50
057dcbc9-3351-499c-a5b5-e2c0043abe50,69d4b345-acd3-4f5b-8850-bb1580e5601a
057dcbc9-3351-499c-a5b5-e2c0043abe50,f853bb0a-2e65-4a82-9b2d-8d58d00ec7f5
057dcbc9-3351-499c-a5b5-e2c0043abe50,59336881-646c-4669-830d-461b58664bee
057dcbc9-3351-499c-a5b5-e2c0043abe50,f574903d-615b-47a6-9b80-f4354016b4b1
057dcbc9-3351-499c-a5b5-e2c0043abe50,e244724c-8233-423c-a80f-82fcd9296074
40d9988e-afaf-4a87-94fa-6c694fd8af0a,a4f54aff-55b6-431f-95b9-bb1e5d680092
a4f54aff-55b6-431f-95b9-bb1e5d680092,a0a23644-238a-4018-a719-c7ee784b60c1
a4f54aff-55b6-431f-95b9-bb1e5d680092,c7b21455-a2db-4c26-9ac2-945071a38ee9
a4f54aff-55b6-431f-95b9-bb1e5d680092,3a035d24-bf78-4089-8d6c-b897abac5825
a4f54aff-55b6-431f-95b9-bb1e5d680092,9377cf5b-e3e8-457b-9d2a-f48ebd3f1e22
a4f54aff-55b6-431f-95b9-bb1e5d680092,ce7869c2-16d1-499b-a7c6-a5d68d9f6157
56a2040c-879a-4069-b8c9-7b40d97495c6,3ca6965c-934b-4a39-ad88-a2482b194b40
3ca6965c-934b-4a39-ad88-a2482b194b40,a75f1375-4336-421b-9778-f15b4631d602
a75f1375-4336-421b-9778-f15b4631d602,3cc2fa8c-79a3-471f-9de3-e3d8f84b3bb4
a75f1375-4336-421b-9778-f15b4631d602,3031af7c-2b7e-4cd7-8d12-6162276209e1
a75f1375-4336-421b-9778-f15b4631d602,6dc9e23e-41df-4c58-a084-a9f178add0e3
a75f1375-4336-421b-9778-f15b4631d602,d4ccff3e-229e-4a72-b932-d65a65596f33
a75f1375-4336-421b-9778-f15b4631d602,48b3cb44-81d5-4733-a1a6-5822ab50a306
3ca6965c-934b-4a39-ad88-a2482b194b40,1b62028e-edbf-43e5-852d-d0b482307f88
1b62028e-edbf-43e5-852d-d0b482307f88,c4e555c9-9598-4ed9-824e-0197c1f208cc
1b62028e-edbf-43e5-852d-d0b482307f88,1bd9ea35-6ea9-4ff3-a502-a07617508509
1b62028e-edbf-43e5-852d-d0b482307f88,28c244c9-eeb9-4492-9f0a-9d3efef2f26a
1b62028e-edbf-43e5-852d-d0b482307f88,5f7de4f4-b1b5-43b4-9b92-2098d8804087
1b62028e-edbf-43e5-852d-d0b482307f88,be0a6af6-6260-4ed0-a751-0e0253a9aced
3ca6965c-934b-4a39-ad88-a2482b194b40,7619b4f7-597a-4915-aa46-39aa25fed235
7619b4f7-597a-4915-aa46-39aa25fed235,f968a41e-72e9-4dbe-bd9c-53f7a5881c24
7619b4f7-597a-4915-aa46-39aa25fed235,2dde0e37-2d9a-4799-9291-4578b2c6e3ad
7619b4f7-597a-4915-aa46-39aa25fed235,bf4c3634-dd2f-4648-8b9b-2c3190571cd5
7619b4f7-597a-4915-aa46-39aa25fed235,dcb24747-bcaf-4ed1-99b1-227f45d49c1b
7619b4f7-597a-4915-aa46-39aa25fed235,a053ad5a-4efd-46bd-8da5-3ac2bb9b1ba8
3ca6965c-934b-4a39-ad88-a2482b194b40,adbfb569-ee0b-4e73-9ef4-f3fb842ed974
adbfb569-ee0b-4e73-9ef4-f3fb842ed974,0b9d8729-0ec6-4d45-8c92-31211f89bf83
adbfb569-ee0b-4e73-9ef4-f3fb842ed974,d031c727-e97c-42c8-9a98-40f8bfa4f025
adbfb569-ee0b-4e73-9ef4-f3fb842ed974,a531ff49-4bd7-4378-b71e-0ce5abe052d7
adbfb569-ee0b-4e73-9ef4-f3fb842ed974,e1b6aa44-532d-44e9-a1e9-52fb110e4a87
adbfb569-ee0b-4e73-9ef4-f3fb842ed974,20c9cf20-af1e-4478-be5e-e373fdd4ed2e
3ca6965c-934b-4a39-ad88-a2482b194b40,e17340db-29b9-4d51-850a-0b7eeb9db8fb
e17340db-29b9-4d51-850a-0b7eeb9db8fb,f8498863-20b7-483a-92d2-b89834fc2395
e17340db-29b9-4d51-850a-0b7eeb9db8fb,059ea27a-3a34-4a45-9411-17b6879835e7
e17340db-29b9-4d51-850a-0b7eeb9db8fb,10646f93-8382-4e02-a82a-ee7a5ae897bb
e17340db-29b9-4d51-850a-0b7eeb9db8fb,e459673b-31a4-40a0-a417-60cf385fdb4a
e17340db-29b9-4d51-850a-0b7eeb9db8fb,dd1d793b-3d75-4580-886c-2ff3d810f6f4
fd600f5a-6631-4819-9bad-ad136a77da70,34b7c64f-2487-49a7-a67e-167cde4b8809
34b7c64f-2487-49a7-a67e-167cde4b8809,70c5941b-ba48-4959-9dc1-67e52e713aaa
70c5941b-ba48-4959-9dc1-67e52e713aaa,6f73aafe-66f2-469f-83b2-e183a5586fcc
6f73aafe-66f2-469f-83b2-e183a5586fcc,24be550b-e5d4-413c-a74e-5aab0ab06cdd
6f73aafe-66f2-469f-83b2-e183a5586fcc,b99c47eb-5403-4cea-8030-7da5ffd1784a
6f73aafe-66f2-469f-83b2-e183a5586fcc,2d28abd6-039d-4a9d-b12d-2001ef1120d9
6f73aafe-66f2-469f-83b2-e183a5586fcc,ba863709-38c3-4704-987c-32712795b104
6f73aafe-66f2-469f-83b2-e183a5586fcc,4b3dd8e7-80e7-4a38-bfad-12a07cbf5a4e
70c5941b-ba48-4959-9dc1-67e52e713aaa,eb34b557-8039-4f9d-9fbc-bb4974e0d737
eb34b557-8039-4f9d-9fbc-bb4974e0d737,ab4f49c3-7e4f-456f-a25a-52ac558a318b
eb34b557-8039-4f9d-9fbc-bb4974e0d737,4b9c5422-236f-4222-8a83-ef3a9ed67a72
eb34b557-8039-4f9d-9fbc-bb4974e0d737,7df539b9-2289-4e23-8774-7b54c2a28e21
eb34b557-8039-4f9d-9fbc-bb4974e0d737,0575de13-4103-4293-be3b-d06db674efb8
eb34b557-8039-4f9d-9fbc-bb4974e0d737,8b8fdb0a-8335-4412-8939-0b27a5fcd9f9
70c5941b-ba48-4959-9dc1-67e52e713aaa,d7326de5-763a-44cc-9ae2-af51f478bde6
d7326de5-763a-44cc-9ae2-af51f478bde6,f651ad23-9231-48e1-865a-07cbcb4c5ecd
d7326de5-763a-44cc-9ae2-af51f478bde6,3b95c370-d58d-491e-bbd4-749bb54169f4
d7326de5-763a-44cc-9ae2-af51f478bde6,33903f57-eb5e-411c-be31-16ccb23f93fc
d7326de5-763a-44cc-9ae2-af51f478bde6,20826b45-596d-4e04-9771-71fb38b2a90a
d7326de5-763a-44cc-9ae2-af51f478bde6,b4464fae-5168-4d85-961a-d0cd1920b79e
70c5941b-ba48-4959-9dc1-67e52e713aaa,f6581449-d61f-402c-aaaa-ffe5a34fc7ab
f6581449-d61f-402c-aaaa-ffe5a34fc7ab,a32a00cb-eef9-4ab9-8c78-6582a59785ce
f6581449-d61f-402c-aaaa-ffe5a34fc7ab,0fab9096-baa1-4d0c-91ea-98de54b8145b
f6581449-d61f-402c-aaaa-ffe5a34fc7ab,27bb75c9-3142-4f05-a343-f13fa057573e
f6581449-d61f-402c-aaaa-ffe5a34fc7ab,11917470-b5c2-4dd5-9744-d85058bb33e3
f6581449-d61f-402c-aaaa-ffe5a34fc7ab,5ff239eb-330b-41cd-82a3-110415bfc862
70c5941b-ba48-4959-9dc1-67e52e713aaa,be17cd7d-b2ea-4949-954c-a6752eed37f8
be17cd7d-b2ea-4949-954c-a6752eed37f8,2d4269e3-e292-4298-8e78-78cdb44742ef
be17cd7d-b2ea-4949-954c-a6752eed37f8,fdaa70d4-baa4-40cf-b438-c133ea1da278
be17cd7d-b2ea-4949-954c-a6752eed37f8,819249cd-a948-443b-8993-01329750e34a
be17cd7d-b2ea-4949-954c-a6752eed37f8,33dad498-cbb7-4f80-aaf3-e96c2f5e279a
be17cd7d-b2ea-4949-954c-a6752eed37f8,60ef0b38-0c19-4f6b-bea4-91cd7f6566fc
34b7c64f-2487-49a7-a67e-167cde4b8809,c7238787-5ab4-4c59-8a81-0b2c577f281c
c7238787-5ab4-4c59-8a81-0b2c577f281c,c45f0ef1-473e-48c7-ba3e-19b1f73f16aa
c45f0ef1-473e-48c7-ba3e-19b1f73f16aa,2dc8a13d-fde4-4a4e-8f08-e12026adddca
c45f0ef1-473e-48c7-ba3e-19b1f73f16aa,f5fcfb3c-884e-483e-bbb5-13b39e27b40d
c45f0ef1-473e-48c7-ba3e-19b1f73f16aa,0ea8d073-5630-4a21-b698-d9df6c710e2e
c45f0ef1-473e-48c7-ba3e-19b1f73f16aa,336c982c-a93f-4b64-9f10-86a076205f62
c45f0ef1-473e-48c7-ba3e-19b1f73f16aa,8c2a8608-7884-4bc2-8343-9be2ca5887d1
c7238787-5ab4-4c59-8a81-0b2c577f281c,d11c67ac-badd-4d4b-9aca-857d040319db
d11c67ac-badd-4d4b-9aca-857d040319db,7c3514de-e9c6-4aed-80d4-8ed6fac16409
d11c67ac-badd-4d4b-9aca-857d040319db,8174437e-0c56-4800-a2d3-78b7f79bbde0
d11c67ac-badd-4d4b-9aca-857d040319db,e3973573-e618-45ec-b4b7-5c02ed0667f9
d11c67ac-badd-4d4b-9aca-857d040319db,86b3405b-4363-46e1-b154-ab2828b990ea
d11c67ac-badd-4d4b-9aca-857d040319db,130444c6-50a9-4113-9865-871e1e552c29
c7238787-5ab4-4c59-8a81-0b2c577f281c,f11a21a7-0edd-436d-b855-e6c928efca7e
f11a21a7-0edd-436d-b855-e6c928efca7e,f97c02a1-cf0e-49b3-a314-9032741fe4c9
f11a21a7-0edd-436d-b855-e6c928efca7e,80eccce6-a721-4c25-a09e-75abf825dae1
f11a21a7-0edd-436d-b855-e6c928efca7e,396f5d17-7733-4d57-89c5-31ae1226888d
f11a21a7-0edd-436d-b855-e6c928efca7e,4f321706-1ebc-494c-8e38-89652a32c5ae
f11a21a7-0edd-436d-b855-e6c928efca7e,90a8b839-c839-409a-a418-391134578e7e
c7238787-5ab4-4c59-8a81-0b2c577f281c,96485d6d-dc67-4410-a729-4d645bf54d0c
96485d6d-dc67-4410-a729-4d645bf54d0c,f58352a6-513f-4bdc-8c05-d8dcdbe7a752
96485d6d-dc67-4410-a729-4d645bf54d0c,2659e7ff-c7b6-4d5c-ba07-120cfe8ae6d6
96485d6d-dc67-4410-a729-4d645bf54d0c,cb1cd362-f6c2-4c34-9066-2f6aafd1b5d9
96485d6d-dc67-4410-a729-4d645bf54d0c,3f23d562-be77-4767-84b1-fc787b520bd8
96485d6d-dc67-4410-a729-4d645bf54d0c,9d67a169-80ce-4321-a75e-f151f5277507
c7238787-5ab4-4c59-8a81-0b2c577f281c,921fbbbf-8c49-4737-a320-d53801b49402
921fbbbf-8c49-4737-a320-d53801b49402,70e629bf-3a8d-479e-bc2c-4a9bfbc0c513
921fbbbf-8c49-4737-a320-d53801b49402,0f40dd44-66c1-4b40-8a91-de19f786d007
921fbbbf-8c49-4737-a320-d53801b49402,92a8cd9d-3062-4e8d-8189-5d853fade6fb
921fbbbf-8c49-4737-a320-d53801b49402,6d6ab6ba-eb4f-46b4-8124-39c7d42821d3
921fbbbf-8c49-4737-a320-d53801b49402,baadcca1-c67d-4a47-b9c7-910924208073
34b7c64f-2487-49a7-a67e-167cde4b8809,3bdd5973-f78f-4b85-bd3d-071f61ffa7f4
3bdd5973-f78f-4b85-bd3d-071f61ffa7f4,ec722e54-59e7-40de-a7e2-f629c5675127
ec722e54-59e7-40de-a7e2-f629c5675127,87abce41-4b7f-4b04-ab55-1f330657bbc0
ec722e54-59e7-40de-a7e2-f629c5675127,de5c8ed4-50b2-449b-a37f-556422992b4b
ec722e54-59e7-40de-a7e2-f629c5675127,3b120b35-9636-47f0-af3b-d09577179cd3
ec722e54-59e7-40de-a7e2-f629c5675127,5672230e-43f9-4d83-ab45-034764ff100a
ec722e54-59e7-40de-a7e2-f629c5675127,6bd07e38-4f36-41e8-a46a-b8e25384f9a2
3bdd5973-f78f-4b85-bd3d-071f61ffa7f4,8d1318e4-8b37-4729-ba44-ff3ce5cbb883
8d1318e4-8b37-4729-ba44-ff3ce5cbb883,f321323d-c108-4e84-ba5b-81bf0e12b7e5
8d1318e4-8b37-4729-ba44-ff3ce5cbb883,a8bbee75-fb26-48df-bf0e-31197b54349a
8d1318e4-8b37-4729-ba44-ff3ce5cbb883,478c0468-a836-4079-b9a8-d03057bc2768
8d1318e4-8b37-4729-ba44-ff3ce5cbb883,b991675a-7bc8-4c9b-af1c-5b764689b3f9
8d1318e4-8b37-4729-ba44-ff3ce5cbb883,fab865c0-7abe-4362-b922-3fbcf0624da8
3bdd5973-f78f-4b85-bd3d-071f61ffa7f4,d06ad6e1-e4cd-477e-98a7-20814641d335
d06ad6e1-e4cd-477e-98a7-20814641d335,4ce38c67-3681-4592-bb35-81fa7f4f0759
d06ad6e1-e4cd-477e-98a7-20814641d335,65498a8b-f71c-4b93-aa9e-9721dddbf02d
d06ad6e1-e4cd-477e-98a7-20814641d335,2d935e87-ce78-4465-8739-3a765dc20427
d06ad6e1-e4cd-477e-98a7-20814641d335,0e3a4bb2-657e-4ec9-b942-8b7667dde4fd
d06ad6e1-e4cd-477e-98a7-20814641d335,b815fb92-1680-4322-97cc-eba240423dd1
3bdd5973-f78f-4b85-bd3d-071f61ffa7f4,777dfa83-9acf-454a-b05f-0b468791d1bf
777dfa83-9acf-454a-b05f-0b468791d1bf,05984b11-88b4-4833-90be-7d76353f255d
777dfa83-9acf-454a-b05f-0b468791d1bf,99747235-c2ab-441e-b6a7-514e46a44bcd
777dfa83-9acf-454a-b05f-0b468791d1bf,966b1f2e-0e0d-4df9-a491-70d0d49d1c36
777dfa83-9acf-454a-b05f-0b468791d1bf,910b1f0b-99b3-4acf-9a23-31a3def50b4e
777dfa83-9acf-454a-b05f-0b468791d1bf,1852fcd1-529d-4c47-b7d3-74cea04b8f86
3bdd5973-f78f-4b85-bd3d-071f61ffa7f4,1c28d515-3339-4550-b45c-e99686bb7b00
1c28d515-3339-4550-b45c-e99686bb7b00,2c32e869-e030-48c2-b427-b5c96c6d5a51
1c28d515-3339-4550-b45c-e99686bb7b00,b2af2e25-922d-4bf6-83d2-a7e65b14ad1e
1c28d515-3339-4550-b45c-e99686bb7b00,c0f784a1-b1dc-49e1-ae3b-47f51f11aa41
1c28d515-3339-4550-b45c-e99686bb7b00,a3c52557-127d-4972-aa70-e0d4c59a1888
1c28d515-3339-4550-b45c-e99686bb7b00,a6198f12-45d7-44cb-83e4-2ec21ed07c2d
34b7c64f-2487-49a7-a67e-167cde4b8809,2953189c-3d0b-4ad4-9168-763a390fe193
2953189c-3d0b-4ad4-9168-763a390fe193,e0ef882c-2fc5-4d9b-a444-df0a9d211e81
e0ef882c-2fc5-4d9b-a444-df0a9d211e81,6840b29a-2fa6-42f3-b918-54e67d972d37
e0ef882c-2fc5-4d9b-a444-df0a9d211e81,36432754-d029-4545-9501-8ad6fe758ad0
e0ef882c-2fc5-4d9b-a444-df0a9d211e81,8d9995ee-aeca-4d8b-a4b4-e8086a3c72b6
e0ef882c-2fc5-4d9b-a444-df0a9d211e81,b2f3bc77-6a0e-4f9c-80f6-7b6b46f43f4b
e0ef882c-2fc5-4d9b-a444-df0a9d211e81,f9b6a0b0-904a-4fe7-8ee6-673bc6665bbe
2953189c-3d0b-4ad4-9168-763a390fe193,2432e092-4157-4c5b-85aa-0a9af27ccc8f
2432e092-4157-4c5b-85aa-0a9af27ccc8f,98679ba9-fb09-4bfe-b29a-56b12b52f0ba
2432e092-4157-4c5b-85aa-0a9af27ccc8f,a93428b5-d97d-4203-9620-4a0208ff0375
2432e092-4157-4c5b-85aa-0a9af27ccc8f,a15a04ed-8e7a-4f52-800c-52f7e3923d1b
2432e092-4157-4c5b-85aa-0a9af27ccc8f,ee6fe209-9a6d-46d6-83ba-019b36838f4e
2432e092-4157-4c5b-85aa-0a9af27ccc8f,6029c11d-b045-45ca-81fb-b8d9e73619d3
2953189c-3d0b-4ad4-9168-763a390fe193,10ac73cd-00d2-4529-ae5b-ec64dd2e550a
10ac73cd-00d2-4529-ae5b-ec64dd2e550a,b86a83f9-c4fa-4273-964a-d6c6c0d7f0dc
10ac73cd-00d2-4529-ae5b-ec64dd2e550a,a174b840-d5a6-4b1f-9d33-247280011482
10ac73cd-00d2-4529-ae5b-ec64dd2e550a,2d21ef5b-3b27-45af-9ad1-84ea8a7d4101
10ac73cd-00d2-4529-ae5b-ec64dd2e550a,3750f44a-3399-4be7-bb01-04bdc22687c0
10ac73cd-00d2-4529-ae5b-ec64dd2e550a,c9399535-fff7-48e5-aea2-6f7b143155d4
2953189c-3d0b-4ad4-9168-763a390fe193,3b218dbf-2ba9-4611-b01f-b6c9946e2ece
3b218dbf-2ba9-4611-b01f-b6c9946e2ece,7ad3203a-42a8-4714-bb57-46f762d34471
3b218dbf-2ba9-4611-b01f-b6c9946e2ece,af06e314-1d35-4df1-9100-1e470d341b5f
3b218dbf-2ba9-4611-b01f-b6c9946e2ece,8af33d5d-2f71-4b04-aeb0-dc11e298aba0
3b218dbf-2ba9-4611-b01f-b6c9946e2ece,c20a65bb-0aed-41d9-94c7-fd6e57fd4d05
3b218dbf-2ba9-4611-b01f-b6c9946e2ece,b83bb8f6-1af6-4a88-b995-432bb815df03
2953189c-3d0b-4ad4-9168-763a390fe193,381b4efc-6e8b-4914-89c5-1646ae3894c0
381b4efc-6e8b-4914-89c5-1646ae3894c0,c3b44eb5-b42f-4b60-8ecc-8c403f3d9dc5
381b4efc-6e8b-4914-89c5-1646ae3894c0,38c89059-e912-4b6b-a322-e737c98bf0d3
381b4efc-6e8b-4914-89c5-1646ae3894c0,8be6c029-e98f-41c7-98b7-cb9455d9058c
381b4efc-6e8b-4914-89c5-1646ae3894c0,c1b4a008-3a14-4d2c-981c-930d50fa9ec4
381b4efc-6e8b-4914-89c5-1646ae3894c0,4dc22dc0-c06b-4e72-84ac-688bb6699b6f
34b7c64f-2487-49a7-a67e-167cde4b8809,b43fe4e4-8200-4f33-947c-2771246197c1
b43fe4e4-8200-4f33-947c-2771246197c1,c2bf6ee5-4031-4a1b-ae90-594b57f7d5ed
c2bf6ee5-4031-4a1b-ae90-594b57f7d5ed,02b8429f-e156-4438-9936-5c99b9177336
c2bf6ee5-4031-4a1b-ae90-594b57f7d5ed,b33fbb92-b4e2-4b38-ade9-43183c3e2bd8
c2bf6ee5-4031-4a1b-ae90-594b57f7d5ed,17441ad4-49b2-43e1-b5e5-0f4aa0079bfc
c2bf6ee5-4031-4a1b-ae90-594b57f7d5ed,1f1c8685-0146-4131-aeed-d25b2e84cc9e
c2bf6ee5-4031-4a1b-ae90-594b57f7d5ed,8062b1dc-0b8e-40bc-8290-eeb91f640172
b43fe4e4-8200-4f33-947c-2771246197c1,ec0187ad-af7f-4ca3-93ed-a05812ef5cc9
ec0187ad-af7f-4ca3-93ed-a05812ef5cc9,945bf0ab-354d-4ae6-b5ea-533a2570b3e8
ec0187ad-af7f-4ca3-93ed-a05812ef5cc9,44d6f86c-1149-4a01-8b18-fa4a3847ea20
ec0187ad-af7f-4ca3-93ed-a05812ef5cc9,d6fcbf69-94d9-458e-bd31-481cbdbc775e
ec0187ad-af7f-4ca3-93ed-a05812ef5cc9,5e535d18-45b0-4908-897b-6e7e46fd6d85
ec0187ad-af7f-4ca3-93ed-a05812ef5cc9,f4818133-72ba-4ee4-8357-026ba9e5b851
b43fe4e4-8200-4f33-947c-2771246197c1,ac562891-c908-43e5-90ad-dbe1e3b4a636
ac562891-c908-43e5-90ad-dbe1e3b4a636,26b56fcb-b69d-4e1e-b32c-8c0203c4e22f
ac562891-c908-43e5-90ad-dbe1e3b4a636,b5026582-ed87-4766-9ed4-9e8a5791e483
ac562891-c908-43e5-90ad-dbe1e3b4a636,f0ea04a0-d38a-4acd-9f48-6a140e17ba9a
ac562891-c908-43e5-90ad-dbe1e3b4a636,3c94acf3-3de2-40a7-a10a-6bb07a858fda
ac562891-c908-43e5-90ad-dbe1e3b4a636,ea585735-0d13-4928-a43a-e21c80864941
b43fe4e4-8200-4f33-947c-2771246197c1,b0f7aabb-6afa-4e2c-b2ff-ac9cb98a2cfe
b0f7aabb-6afa-4e2c-b2ff-ac9cb98a2cfe,16ebdca4-ed8a-4b18-9781-fab7164f2320
b0f7aabb-6afa-4e2c-b2ff-ac9cb98a2cfe,5563b638-15e5-48de-befb-f4b034e35e82
b0f7aabb-6afa-4e2c-b2ff-ac9cb98a2cfe,09f4a363-ad71-448a-80df-0abf58cd7646
b0f7aabb-6afa-4e2c-b2ff-ac9cb98a2cfe,d354a635-feed-44cb-b77e-1276ccffaea5
b0f7aabb-6afa-4e2c-b2ff-ac9cb98a2cfe,ec4a9c95-64f5-490a-b37b-52cd8b914571
b43fe4e4-8200-4f33-947c-2771246197c1,730ed895-a0bd-4c71-9f49-73eb2877571a
730ed895-a0bd-4c71-9f49-73eb2877571a,454b6621-34e5-4052-82f5-bd1dc5ca803b
730ed895-a0bd-4c71-9f49-73eb2877571a,720c5131-1582-4da5-89f8-28c14613406d
730ed895-a0bd-4c71-9f49-73eb2877571a,fee921c4-f137-4cef-802a-6e58e4392790
730ed895-a0bd-4c71-9f49-73eb2877571a,471cd636-efa5-4a9d-8e32-f68c25d9daa2
730ed895-a0bd-4c71-9f49-73eb2877571a,342c4bda-0951-4818-bf4e-fefeb111049d
fd600f5a-6631-4819-9bad-ad136a77da70,ee0153f2-15a4-4a4d-95bf-63e2bf8d05f2
ee0153f2-15a4-4a4d-95bf-63e2bf8d05f2,8f8c1b79-e220-4fe0-97d9-3bc9d3f597e9
8f8c1b79-e220-4fe0-97d9-3bc9d3f597e9,f793686f-3f64-4413-93e1-8c846981fa4b
f793686f-3f64-4413-93e1-8c846981fa4b,122aa6ef-ada9-4cc5-af0b-74e3bf817d7e
f793686f-3f64-4413-93e1-8c846981fa4b,9c9815f3-4b26-4e86-bcbf-dfce5ec8ab8c
f793686f-3f64-4413-93e1-8c846981fa4b,3ad74f7f-6d1e-4da1-8e23-f1c78b01a7eb
f793686f-3f64-4413-93e1-8c846981fa4b,cf25f400-4627-4b88-a4aa-c5d159eb5bd5
f793686f-3f64-4413-93e1-8c846981fa4b,98c7000a-5013-4681-a5f3-4bddf81129ed
8f8c1b79-e220-4fe0-97d9-3bc9d3f597e9,7cfae4c0-a8e8-4394-b0f6-014413bd574b
7cfae4c0-a8e8-4394-b0f6-014413bd574b,f4725d7a-574b-4dbc-aa46-370c7319e0a2
7cfae4c0-a8e8-4394-b0f6-014413bd574b,7c3ca5ee-90ab-4ed8-bf2c-00572983939b
7cfae4c0-a8e8-4394-b0f6-014413bd574b,dad64295-f1e6-45ec-840c-abba5c738147
7cfae4c0-a8e8-4394-b0f6-014413bd574b,94cbfe03-6903-4dbc-81c7-d3555c4fc459
7cfae4c0-a8e8-4394-b0f6-014413bd574b,6e3d8b10-1990-472d-9caa-bfafc6de5c28
8f8c1b79-e220-4fe0-97d9-3bc9d3f597e9,fbeb52c3-a71b-41d6-bf61-28c8b29a9c56
fbeb52c3-a71b-41d6-bf61-28c8b29a9c56,e88fc620-a65f-494c-849f-77bec50bb78d
fbeb52c3-a71b-41d6-bf61-28c8b29a9c56,1df4333d-5beb-48ee-a9e3-0ce7e6b99aef
fbeb52c3-a71b-41d6-bf61-28c8b29a9c56,c83ecef4-7120-4239-88d9-f3339f0a42c0
fbeb52c3-a71b-41d6-bf61-28c8b29a9c56,7d4e59ce-fc45-4839-8b87-1b4cd6dc94bc
fbeb52c3-a71b-41d6-bf61-28c8b29a9c56,2c9aa6df-4682-4268-b7ed-17f90eed1817
8f8c1b79-e220-4fe0-97d9-3bc9d3f597e9,b529972c-820f-4222-b2ac-c7579d73df4a
b529972c-820f-4222-b2ac-c7579d73df4a,0433fa01-3646-4f42-9920-9b0c9062177a
b529972c-820f-4222-b2ac-c7579d73df4a,580de168-058c-4346-9883-30ce76583cb1
b529972c-820f-4222-b2ac-c7579d73df4a,7c0ea5ad-fbd6-4dda-b59b-9cb6ebe2c1f1
b529972c-820f-4222-b2ac-c7579d73df4a,c3a58e6c-e176-4f9d-b3d9-454de38a3abf
b529972c-820f-4222-b2ac-c7579d73df4a,f0458992-c8ee-4af5-8470-46236d832b7b
8f8c1b79-e220-4fe0-97d9-3bc9d3f597e9,978d071d-3cd2-4e59-a3f0-d07cd689e88c
978d071d-3cd2-4e59-a3f0-d07cd689e88c,c8e99349-334d-4677-8f5a-c4d42744000d
978d071d-3cd2-4e59-a3f0-d07cd689e88c,bd7109be-9686-45dc-80fa-58aefd6ac200
978d071d-3cd2-4e59-a3f0-d07cd689e88c,e0591ac3-42cf-4213-ba8d-84989bafccdb
978d071d-3cd2-4e59-a3f0-d07cd689e88c,d7915691-90c7-419f-9932-987eea13f23e
978d071d-3cd2-4e59-a3f0-d07cd689e88c,cedcda21-be64-4cd6-bbc9-9b39b9e4add1
ee0153f2-15a4-4a4d-95bf-63e2bf8d05f2,a8b7184d-ba0e-4896-a144-4cfbe55baf61
a8b7184d-ba0e-4896-a144-4cfbe55baf61,037d1e1e-e484-4625-b07a-c83997c2ca9e
037d1e1e-e484-4625-b07a-c83997c2ca9e,c23de5db-9910-4929-9368-ab5a984d79c5
037d1e1e-e484-4625-b07a-c83997c2ca9e,9d76b172-5042-4a48-8f07-4046b18bb7da
037d1e1e-e484-4625-b07a-c83997c2ca9e,6b2d438d-55c1-4e19-9a5c-91d33c0976fd
037d1e1e-e484-4625-b07a-c83997c2ca9e,8ea5d31c-41d1-45ba-8f88-e115f6f63f0c
037d1e1e-e484-4625-b07a-c83997c2ca9e,60c14bfe-e860-4c72-ba8c-b4240a2bb55a
a8b7184d-ba0e-4896-a144-4cfbe55baf61,82f019f2-9804-4731-9743-10d7ab678329
82f019f2-9804-4731-9743-10d7ab678329,5240773a-41e8-4220-b951-138434abfc4d
82f019f2-9804-4731-9743-10d7ab678329,330cdae0-b093-44a5-88b5-5ccd74f2a6d6
82f019f2-9804-4731-9743-10d7ab678329,05f7b3e6-0802-40a3-a862-a76b000669e0
82f019f2-9804-4731-9743-10d7ab678329,9f1a9d37-11e3-478c-91f9-b0d46aae90e1
82f019f2-9804-4731-9743-10d7ab678329,564b24ef-2b32-45ca-a449-f567c314565c
a8b7184d-ba0e-4896-a144-4cfbe55baf61,71675027-0f55-46e5-a8a5-3fbea8608d87
71675027-0f55-46e5-a8a5-3fbea8608d87,915583f0-e63b-4e66-99fe-ef23c6d3b68f
71675027-0f55-46e5-a8a5-3fbea8608d87,aaacdd9d-1a24-44ae-817b-16397db0bef0
71675027-0f55-46e5-a8a5-3fbea8608d87,e1d5b48d-c0ff-4e8e-9192-c3be7cb1a062
71675027-0f55-46e5-a8a5-3fbea8608d87,2301b493-b7c1-42d1-9f58-bfd3fe1ffc9d
71675027-0f55-46e5-a8a5-3fbea8608d87,2d49b734-ef54-4d9d-92f7-d16ad64c732d
a8b7184d-ba0e-4896-a144-4cfbe55baf61,a0428589-b884-4131-9279-afb79aea1c2a
a0428589-b884-4131-9279-afb79aea1c2a,0dbabc78-9dc4-4e24-8b8a-6e8f7c7626c0
a0428589-b884-4131-9279-afb79aea1c2a,e4ede187-a1df-4a52-82ab-a0b6f3c012d7
a0428589-b884-4131-9279-afb79aea1c2a,0e17eefa-8ec1-4d95-bd19-c3ec5735bbdc
a0428589-b884-4131-9279-afb79aea1c2a,b7e26674-22f0-4de2-ba82-fbd5f1cb837c
a0428589-b884-4131-9279-afb79aea1c2a,09a68c99-47bc-48b5-8933-364f6cbbc755
a8b7184d-ba0e-4896-a144-4cfbe55baf61,c8776568-1c0c-485d-a48c-111ef3f7360a
c8776568-1c0c-485d-a48c-111ef3f7360a,8daf209e-b82e-4e66-a4f0-beb3688bb96f
c8776568-1c0c-485d-a48c-111ef3f7360a,00532322-f251-4f19-bc90-2f5595515a18
c8776568-1c0c-485d-a48c-111ef3f7360a,3222b47a-4a77-410e-a641-ad5215711d43
c8776568-1c0c-485d-a48c-111ef3f7360a,3a9d01c1-deb2-4e8c-a5fa-3c07eba19779
c8776568-1c0c-485d-a48c-111ef3f7360a,1c1e7e99-35be-4e47-989e-cbb1869ad43f
ee0153f2-15a4-4a4d-95bf-63e2bf8d05f2,4674e47d-3471-499e-bb70-d6904781a03c
4674e47d-3471-499e-bb70-d6904781a03c,77b3a1ce-3a2e-4f1c-a9d0-f40aca717723
77b3a1ce-3a2e-4f1c-a9d0-f40aca717723,c14051be-19de-4068-b2c1-52221a203639
77b3a1ce-3a2e-4f1c-a9d0-f40aca717723,4f36114b-2db1-415d-9be0-894299ed5d8e
77b3a1ce-3a2e-4f1c-a9d0-f40aca717723,21e2c76b-6c51-4bba-9f10-5ec82bcac995
77b3a1ce-3a2e-4f1c-a9d0-f40aca717723,04f7b44a-0bd1-4480-81b3-46f3210c4404
77b3a1ce-3a2e-4f1c-a9d0-f40aca717723,ee66b8d1-2ea3-4326-86f5-2044c6e4341f
4674e47d-3471-499e-bb70-d6904781a03c,4ec5d175-0dba-41b8-ba1c-00abca727d40
4ec5d175-0dba-41b8-ba1c-00abca727d40,6c2375c9-e1ed-4ac5-bb9a-37df1c8749f4
4ec5d175-0dba-41b8-ba1c-00abca727d40,d2e11311-e169-4c1e-bd5b-1946d6a94584
4ec5d175-0dba-41b8-ba1c-00abca727d40,7a527552-d82c-4317-9ed6-7065373de71d
4ec5d175-0dba-41b8-ba1c-00abca727d40,ae2ccd6d-29a9-4671-afb3-498e6e56f81d
4ec5d175-0dba-41b8-ba1c-00abca727d40,d98cc61e-4414-46ee-92be-753f68113b4d
4674e47d-3471-499e-bb70-d6904781a03c,bb5f3f27-3a1f-420b-9ea6-4eb989c7176a
bb5f3f27-3a1f-420b-9ea6-4eb989c7176a,55221d3f-6163-4a12-8525-60c03b2a8a1a
bb5f3f27-3a1f-420b-9ea6-4eb989c7176a,50f3986a-35e8-4a1a-afc0-638efc136513
bb5f3f27-3a1f-420b-9ea6-4eb989c7176a,0f926a7a-b08d-42fd-85f1-261a8cee01a8
bb5f3f27-3a1f-420b-9ea6-4eb989c7176a,63d8abf9-0f73-4571-8406-31c90daefb80
bb5f3f27-3a1f-420b-9ea6-4eb989c7176a,5384ef81-5f3f-4d33-9a3b-9acdfddbc91e
4674e47d-3471-499e-bb70-d6904781a03c,7a5e41fd-a8bb-4ffe-b382-68e6b129ad9a
7a5e41fd-a8bb-4ffe-b382-68e6b129ad9a,8e30904c-a96f-469a-8955-428dd0d309f6
7a5e41fd-a8bb-4ffe-b382-68e6b129ad9a,c2aadcfe-2931-4d08-b31c-af3b628e8fd8
7a5e41fd-a8bb-4ffe-b382-68e6b129ad9a,7cf96fb1-3ceb-4811-b9c4-a9225b6b45f4
7a5e41fd-a8bb-4ffe-b382-68e6b129ad9a,b4de6321-09d6-4940-b038-00417d84c53b
7a5e41fd-a8bb-4ffe-b382-68e6b129ad9a,8a397d93-389d-40b6-84bb-71721eb69d84
4674e47d-3471-499e-bb70-d6904781a03c,e438fa25-6410-4021-89a6-cc755ac2a54b
e438fa25-6410-4021-89a6-cc755ac2a54b,03804ef5-9eec-4fde-b781-ff1712649065
e438fa25-6410-4021-89a6-cc755ac2a54b,1e2d1413-17fe-469e-bac7-231b9f534fd1
e438fa25-6410-4021-89a6-cc755ac2a54b,7fc91004-8088-426a-8e17-e643cb6e39f7
e438fa25-6410-4021-89a6-cc755ac2a54b,6540a00c-da62-4e55-842f-f18c782c5a88
e438fa25-6410-4021-89a6-cc755ac2a54b,6931fdf1-a761-4c56-bb64-ba7366e1922d
ee0153f2-15a4-4a4d-95bf-63e2bf8d05f2,562f6fcf-084b-46da-9602-67f4a0b5330b
562f6fcf-084b-46da-9602-67f4a0b5330b,da5cc7db-364f-4322-8ba7-01fbfc4cf19d
da5cc7db-364f-4322-8ba7-01fbfc4cf19d,8b10a6bd-53e5-48b9-80cd-cdaddb039008
da5cc7db-364f-4322-8ba7-01fbfc4cf19d,6f123353-cdb5-4607-9a26-862c3a21fa14
da5cc7db-364f-4322-8ba7-01fbfc4cf19d,8c346bac-46d1-433f-942c-b195b0d7796e
da5cc7db-364f-4322-8ba7-01fbfc4cf19d,2dba622d-d5c7-420c-af88-e624d244cc6c
da5cc7db-364f-4322-8ba7-01fbfc4cf19d,b6d1fc3d-b458-4967-8870-521dc74a25e3
562f6fcf-084b-46da-9602-67f4a0b5330b,86385d70-825f-4e3a-bc1f-815cc151d0ac
86385d70-825f-4e3a-bc1f-815cc151d0ac,76f4760b-996b-4241-b5a0-e8059592b625
86385d70-825f-4e3a-bc1f-815cc151d0ac,aabd7ab3-78e5-4534-b03d-9f4afb1a210a
86385d70-825f-4e3a-bc1f-815cc151d0ac,39ad3fe3-f0da-432d-83b2-325709550e47
86385d70-825f-4e3a-bc1f-815cc151d0ac,03db800e-4130-479b-881c-2f15538c4c1e
86385d70-825f-4e3a-bc1f-815cc151d0ac,14ea79d1-cd61-45e7-adda-ad6a4cb62a9d
562f6fcf-084b-46da-9602-67f4a0b5330b,c9e3de20-927a-469e-92b7-86cb6babb865
c9e3de20-927a-469e-92b7-86cb6babb865,32bc67d1-7bdd-4eec-bfce-a10ea65ddf92
c9e3de20-927a-469e-92b7-86cb6babb865,f1607d85-e8db-4614-b552-5c0948a22f00
c9e3de20-927a-469e-92b7-86cb6babb865,e0fb4c4c-03a0-4495-a19e-8711314dd4ee
c9e3de20-927a-469e-92b7-86cb6babb865,3edbac18-1bbf-4c09-99e3-23ffe5929d0c
c9e3de20-927a-469e-92b7-86cb6babb865,63df8d2d-8dc5-4f93-9f87-285354935bfe
562f6fcf-084b-46da-9602-67f4a0b5330b,c80ed48b-c644-4f81-afaa-72b33a0ae776
c80ed48b-c644-4f81-afaa-72b33a0ae776,7c66479e-5ff8-47ad-855f-283ec8d90c23
c80ed48b-c644-4f81-afaa-72b33a0ae776,c5b93f16-b283-4563-bcbf-491a29e73904
c80ed48b-c644-4f81-afaa-72b33a0ae776,23cca2ca-3630-4d33-8e49-fb6e0d312d43
c80ed48b-c644-4f81-afaa-72b33a0ae776,7adad8e6-6ef4-4dcf-a72e-73c0b961a74d
c80ed48b-c644-4f81-afaa-72b33a0ae776,adbb3494-a03c-4211-a43c-6b6905e29fcf
562f6fcf-084b-46da-9602-67f4a0b5330b,dbb7130f-7536-4919-af69-8495cdf7aff8
dbb7130f-7536-4919-af69-8495cdf7aff8,02647409-058d-4662-b76d-dc061ae07eeb
dbb7130f-7536-4919-af69-8495cdf7aff8,27a72464-6919-405c-be3d-87ccf1d28bc3
dbb7130f-7536-4919-af69-8495cdf7aff8,f692ebad-1ba9-4645-acb8-b794559843a2
dbb7130f-7536-4919-af69-8495cdf7aff8,bf686e80-3ed1-4cde-a37f-19f6fa717ea3
dbb7130f-7536-4919-af69-8495cdf7aff8,e4dbc5e2-75d3-4e29-afff-9d48eb14de52
ee0153f2-15a4-4a4d-95bf-63e2bf8d05f2,757daf80-54ea-4e77-88ba-6d8332fbc1e4
757daf80-54ea-4e77-88ba-6d8332fbc1e4,04350c4d-75d8-48bd-a583-30573bf292f2
04350c4d-75d8-48bd-a583-30573bf292f2,a9b8e6f0-9131-48d4-95eb-ed03e7b2fd93
04350c4d-75d8-48bd-a583-30573bf292f2,93467176-eb47-48af-83c8-110a367c1d17
04350c4d-75d8-48bd-a583-30573bf292f2,29484c5b-098f-4a1d-9ab0-1ed319c81683
04350c4d-75d8-48bd-a583-30573bf292f2,bece8429-d20f-40f1-913e-d2a141b9a908
04350c4d-75d8-48bd-a583-30573bf292f2,16c049dd-6b66-43ca-92a5-3f12d2bfa045
757daf80-54ea-4e77-88ba-6d8332fbc1e4,5ffccf81-be33-497f-b422-890451241677
5ffccf81-be33-497f-b422-890451241677,5a8baa12-776d-4537-a9bf-d0f8f9604feb
5ffccf81-be33-497f-b422-890451241677,b135da33-fead-461f-a24b-a473f1de2747
5ffccf81-be33-497f-b422-890451241677,2de59318-4ffd-4031-a605-8e444e23d5f9
5ffccf81-be33-497f-b422-890451241677,43834d55-8486-4a7e-b4e8-05db6de4b913
5ffccf81-be33-497f-b422-890451241677,659ed4a8-b9ae-444c-be53-0ddcf12315ce
757daf80-54ea-4e77-88ba-6d8332fbc1e4,f8e65ccf-0ba9-4ea0-8e93-84dcff08e57b
f8e65ccf-0ba9-4ea0-8e93-84dcff08e57b,d0dcb124-46b3-42c5-8d48-a5c7b21a73b8
f8e65ccf-0ba9-4ea0-8e93-84dcff08e57b,5e0e9356-7416-4e69-b03a-6261ffa86a66
f8e65ccf-0ba9-4ea0-8e93-84dcff08e57b,f08ea1dc-04a0-478b-9f17-ec6e70ef19c7
f8e65ccf-0ba9-4ea0-8e93-84dcff08e57b,a135e82f-e92b-4b56-8a8b-f61867774c4c
f8e65ccf-0ba9-4ea0-8e93-84dcff08e57b,32dac809-4cd0-495b-8991-c61ea0f55667
757daf80-54ea-4e77-88ba-6d8332fbc1e4,aaf9d41a-3c03-4926-aa6b-87864b011777
aaf9d41a-3c03-4926-aa6b-87864b011777,4526853d-2f52-4c0a-9243-9e5358c2db46
aaf9d41a-3c03-4926-aa6b-87864b011777,5e190256-61e5-4fb1-b7a7-90afa3ea1ee9
aaf9d41a-3c03-4926-aa6b-87864b011777,8872506d-16d5-4d85-a989-727da95a99ba
aaf9d41a-3c03-4926-aa6b-87864b011777,425ad96b-df73-45e6-94de-4c2892e6ed17
aaf9d41a-3c03-4926-aa6b-87864b011777,e8bce216-debd-4643-9f4b-86f54f5c38fb
757daf80-54ea-4e77-88ba-6d8332fbc1e4,62d7f79c-072d-4d5e-b244-45a6ece63fe1
62d7f79c-072d-4d5e-b244-45a6ece63fe1,52ea7ff7-613e-40dc-97b5-8fc02f1abaff
62d7f79c-072d-4d5e-b244-45a6ece63fe1,8bac1571-24dc-49ed-ab86-d2da7958092d
62d7f79c-072d-4d5e-b244-45a6ece63fe1,4d0e05a3-27db-4728-aee2-48208b093b99
62d7f79c-072d-4d5e-b244-45a6ece63fe1,d4565ada-5ca2-4bad-aae9-d41511e2d9db
62d7f79c-072d-4d5e-b244-45a6ece63fe1,a6fe4581-d1c2-4388-a7ee-373f21262163
