first-list-item-uuid,fe9c8594-2da2-4b63-9365-250f641c256f,0
fe9c8594-2da2-4b63-9365-250f641c256f,122fe98b-eb84-4e67-bb9f-aea783bd544d,1
122fe98b-eb84-4e67-bb9f-aea783bd544d,fa3aa380-9582-4b7c-93ac-8a2a7fbc0746,2
fa3aa380-9582-4b7c-93ac-8a2a7fbc0746,625c3f02-76c0-4906-92c7-094c1e910bad,3
625c3f02-76c0-4906-92c7-094c1e910bad,a4b821fc-808b-46f3-ab2c-0b070ab0180f,4
a4b821fc-808b-46f3-ab2c-0b070ab0180f,5303b6e8-e50f-441c-9f97-d619f2eb6e6b,5
5303b6e8-e50f-441c-9f97-d619f2eb6e6b,94bb8c0b-2d2d-4715-9917-f400fd54b117,6
94bb8c0b-2d2d-4715-9917-f400fd54b117,5d9e6b13-5b9b-4ee6-a987-0b54ea07200c,7
5d9e6b13-5b9b-4ee6-a987-0b54ea07200c,db1f3c24-186a-490f-b8e0-91a5c9621174,8
db1f3c24-186a-490f-b8e0-91a5c9621174,3abf7cc2-a657-4b83-a080-33e1984a85d5,9
3abf7cc2-a657-4b83-a080-33e1984a85d5,2dd38e64-8b7c-494e-8d34-d37636b38f30,10
2dd38e64-8b7c-494e-8d34-d37636b38f30,d59e456c-e3e9-4352-814d-df3cebe8567b,11
d59e456c-e3e9-4352-814d-df3cebe8567b,986132e8-302c-49eb-a8e7-c421ae80ae29,12
986132e8-302c-49eb-a8e7-c421ae80ae29,a2f87f0b-71ff-4e70-b537-6e16f0d5ecd7,13
a2f87f0b-71ff-4e70-b537-6e16f0d5ecd7,a5a95080-cfc5-47bc-8afa-b72375253626,14
a5a95080-cfc5-47bc-8afa-b72375253626,a3e7331c-e0d9-48d0-b80b-ae2fd84d5131,15
a3e7331c-e0d9-48d0-b80b-ae2fd84d5131,8f8359d4-288c-42d5-b1a7-843b33060ea1,16
8f8359d4-288c-42d5-b1a7-843b33060ea1,943dcc95-9c40-4d56-9d2e-9bdc32a07851,17
943dcc95-9c40-4d56-9d2e-9bdc32a07851,e04aa91a-5e81-4793-aef0-1a7fd3915443,18
e04aa91a-5e81-4793-aef0-1a7fd3915443,0b706978-e672-4b38-aa0e-365223713235,19
0b706978-e672-4b38-aa0e-365223713235,8050d6f1-3425-47ba-af36-19c2fc681f21,20
8050d6f1-3425-47ba-af36-19c2fc681f21,1a52752f-64e2-4956-911e-7fb0b3e30e57,21
1a52752f-64e2-4956-911e-7fb0b3e30e57,d0ca3883-b678-42ef-a538-db840430c7ad,22
d0ca3883-b678-42ef-a538-db840430c7ad,909689c8-fcdf-4e9d-9a4f-ddbc8d281090,23
909689c8-fcdf-4e9d-9a4f-ddbc8d281090,90a1d63f-cc93-4f9b-bfec-896270ea96b8,24
90a1d63f-cc93-4f9b-bfec-896270ea96b8,0875bdfd-f8fe-4704-88d5-7f74fd1ccd48,25
0875bdfd-f8fe-4704-88d5-7f74fd1ccd48,f36ca794-4b71-46bf-b73d-ed61871a490c,26
f36ca794-4b71-46bf-b73d-ed61871a490c,92dcd6fd-7a4f-4a8d-ad4e-c520baa7847f,27
92dcd6fd-7a4f-4a8d-ad4e-c520baa7847f,e85d6a19-e68a-4484-a76a-b287b6264d42,28
e85d6a19-e68a-4484-a76a-b287b6264d42,a563b38b-17c8-46bd-9d33-96e6332bf053,29
a563b38b-17c8-46bd-9d33-96e6332bf053,5488ac1b-b0dc-46b8-a70e-76b2a1cc269c,30
5488ac1b-b0dc-46b8-a70e-76b2a1cc269c,9aa98b52-a5ea-4e2b-a16a-f7e790de1541,31
9aa98b52-a5ea-4e2b-a16a-f7e790de1541,23f2dc71-7fef-41cf-ba3b-cc519d76b499,32
23f2dc71-7fef-41cf-ba3b-cc519d76b499,38690419-11f4-45a8-90e8-bc282502317f,33
38690419-11f4-45a8-90e8-bc282502317f,5b4f9694-0967-4fb9-964f-1737dd43d9ab,34
5b4f9694-0967-4fb9-964f-1737dd43d9ab,56ebbfea-43ef-4ab2-99db-82666f1d7976,35
56ebbfea-43ef-4ab2-99db-82666f1d7976,73ea41dc-e9f2-4187-93bd-eaf81cfe5b74,36
73ea41dc-e9f2-4187-93bd-eaf81cfe5b74,2cd91dd0-79a8-47b4-b2f3-7774dcc49ed4,37
2cd91dd0-79a8-47b4-b2f3-7774dcc49ed4,37509566-7435-4f1d-804a-68cb1f776a73,38
37509566-7435-4f1d-804a-68cb1f776a73,cce44dc0-9c03-4fa0-91d9-ab11c7e3191b,39
cce44dc0-9c03-4fa0-91d9-ab11c7e3191b,891e2260-c57b-41bf-b356-c7b98e2457be,40
891e2260-c57b-41bf-b356-c7b98e2457be,f6a2da3d-d44b-4ffd-bb67-2cd914dd1dc4,41
f6a2da3d-d44b-4ffd-bb67-2cd914dd1dc4,da71030f-25ae-4c08-be5e-2a9d7cdf4208,42
da71030f-25ae-4c08-be5e-2a9d7cdf4208,91b984cd-b0c0-4adb-adb4-174a1bd2cc82,43
91b984cd-b0c0-4adb-adb4-174a1bd2cc82,8c324249-6d6f-4307-8759-66ac83bf6eed,44
8c324249-6d6f-4307-8759-66ac83bf6eed,78641d4a-037a-47e9-8ffd-0291d30b55cb,45
78641d4a-037a-47e9-8ffd-0291d30b55cb,a95e2702-8324-43e0-b60a-17d7c6e5e55a,46
a95e2702-8324-43e0-b60a-17d7c6e5e55a,19259139-d448-40a6-940c-3f8702138864,47
19259139-d448-40a6-940c-3f8702138864,c045e7e5-43fd-47bd-9b2e-c53a3ec637fa,48
c045e7e5-43fd-47bd-9b2e-c53a3ec637fa,e413ab72-9ad9-4e74-be22-7b26b57c81cb,49
e413ab72-9ad9-4e74-be22-7b26b57c81cb,021302b8-995a-41bb-9878-c1ef66a8c362,50
021302b8-995a-41bb-9878-c1ef66a8c362,9bc4ee24-79d7-403f-8fd7-448e21ad6b2d,51
9bc4ee24-79d7-403f-8fd7-448e21ad6b2d,1449d247-3519-4b98-a8bc-694f5bd1a933,52
1449d247-3519-4b98-a8bc-694f5bd1a933,a1c1a3f7-13d5-45e5-bb72-cb129e5dd1fb,53
a1c1a3f7-13d5-45e5-bb72-cb129e5dd1fb,2b2d2540-72b2-4324-b182-ebd5f5bd62d5,54
2b2d2540-72b2-4324-b182-ebd5f5bd62d5,4b47e70f-79b9-47ca-816a-a45c5a74da61,55
4b47e70f-79b9-47ca-816a-a45c5a74da61,6cb474db-dcc1-4627-adf5-fb17e8b88c57,56
6cb474db-dcc1-4627-adf5-fb17e8b88c57,d43ca605-bb28-4493-b976-e67462d0331d,57
d43ca605-bb28-4493-b976-e67462d0331d,2a67409c-7869-4ba8-9da4-ba14d00a345d,58
2a67409c-7869-4ba8-9da4-ba14d00a345d,e6a688b0-0fa1-445a-ae81-aeb1aaf54f3f,59
e6a688b0-0fa1-445a-ae81-aeb1aaf54f3f,20fa2463-5c51-4bc5-802a-89b378f663ec,60
20fa2463-5c51-4bc5-802a-89b378f663ec,44470ba3-8227-46c7-b548-5d4392f5237d,61
44470ba3-8227-46c7-b548-5d4392f5237d,4d0640a9-f77b-4577-a0d4-f0c5ba0e99f6,62
4d0640a9-f77b-4577-a0d4-f0c5ba0e99f6,c21ffe61-adaf-4355-a3de-6e2a1e411e93,63
c21ffe61-adaf-4355-a3de-6e2a1e411e93,278c84de-69d4-481e-8179-e4438e94ed95,64
278c84de-69d4-481e-8179-e4438e94ed95,bec727da-1219-4502-8672-4037cf551270,65
bec727da-1219-4502-8672-4037cf551270,883b4f9c-202a-4f18-975d-e922c25762d3,66
883b4f9c-202a-4f18-975d-e922c25762d3,e3116f02-7d15-4272-b396-f114e0794685,67
e3116f02-7d15-4272-b396-f114e0794685,552cfa34-6ceb-49a6-b9a7-a6be43b5eb04,68
552cfa34-6ceb-49a6-b9a7-a6be43b5eb04,00d3c459-9ec7-47cf-a27a-82f90e24ab87,69
00d3c459-9ec7-47cf-a27a-82f90e24ab87,39aca7f4-c6a3-41b5-bde5-4f0e1e41ccdf,70
39aca7f4-c6a3-41b5-bde5-4f0e1e41ccdf,e5fe405d-1a16-4974-aa31-149f0ea1b7df,71
e5fe405d-1a16-4974-aa31-149f0ea1b7df,2e71dbe8-c8b0-4ea6-8356-ad6b865753f7,72
2e71dbe8-c8b0-4ea6-8356-ad6b865753f7,d7fca75f-4405-4319-994d-6caa954d3923,73
d7fca75f-4405-4319-994d-6caa954d3923,2a78e328-a276-4a66-90aa-609907763c19,74
2a78e328-a276-4a66-90aa-609907763c19,51037deb-52e6-49fa-bf49-1305cf3ad21a,75
51037deb-52e6-49fa-bf49-1305cf3ad21a,d0c272c6-ffa8-4933-a9b3-2be8904eda21,76
d0c272c6-ffa8-4933-a9b3-2be8904eda21,a97d415c-cff6-468b-b769-90d333561abe,77
a97d415c-cff6-468b-b769-90d333561abe,02a08b9c-dff1-48b3-b812-c5ab0c97040e,78
02a08b9c-dff1-48b3-b812-c5ab0c97040e,7c2ff732-d977-46e5-842b-4ca300a2d0ac,79
7c2ff732-d977-46e5-842b-4ca300a2d0ac,3173112c-78e5-49a8-9735-cdb4703711c3,80
3173112c-78e5-49a8-9735-cdb4703711c3,bc95abe4-a7ab-49eb-a582-e811aaa30cf8,81
bc95abe4-a7ab-49eb-a582-e811aaa30cf8,21a716c1-639c-4628-9ff9-36f617d9fdf6,82
21a716c1-639c-4628-9ff9-36f617d9fdf6,f2bb42d0-2d52-47bd-9ba8-52e958470bbc,83
f2bb42d0-2d52-47bd-9ba8-52e958470bbc,1aa69e99-dfb1-474f-9254-2aa2e1a706f8,84
1aa69e99-dfb1-474f-9254-2aa2e1a706f8,ed921273-a240-4fb7-8d01-7490ede040c8,85
ed921273-a240-4fb7-8d01-7490ede040c8,3317f190-d33d-428a-a9dd-4a8b3a311f7c,86
3317f190-d33d-428a-a9dd-4a8b3a311f7c,e2a68657-486f-48ec-8ef8-3b639f681633,87
e2a68657-486f-48ec-8ef8-3b639f681633,29c06263-d5dd-45ef-b7b2-5b59e709ee53,88
29c06263-d5dd-45ef-b7b2-5b59e709ee53,7c2f2f3e-5ca0-40d7-8dc9-209e80db46fc,89
7c2f2f3e-5ca0-40d7-8dc9-209e80db46fc,a1edfeaf-c5af-419c-92c5-b89e33c3e7cf,90
a1edfeaf-c5af-419c-92c5-b89e33c3e7cf,bf088419-a3da-473e-8d91-cadd3afc0977,91
bf088419-a3da-473e-8d91-cadd3afc0977,a064b109-4bae-4227-bd6d-ef7e263631aa,92
a064b109-4bae-4227-bd6d-ef7e263631aa,e5d65bad-7d7e-4cda-be3a-6d9e24712314,93
e5d65bad-7d7e-4cda-be3a-6d9e24712314,24203c1e-6da8-4450-9258-a63355b57f4b,94
24203c1e-6da8-4450-9258-a63355b57f4b,9c11c5ee-b22c-44a0-bf9a-31e1a3e8be99,95
9c11c5ee-b22c-44a0-bf9a-31e1a3e8be99,51b1616a-136b-4ed3-83e8-88daa0364113,96
51b1616a-136b-4ed3-83e8-88daa0364113,f638dc8b-d2f4-4deb-967e-7dbe3427e061,97
f638dc8b-d2f4-4deb-967e-7dbe3427e061,9bd49502-346a-490a-adfd-63efa09b7c54,98
9bd49502-346a-490a-adfd-63efa09b7c54,27723fdd-0173-49d9-a6a2-53d19a4fc735,99
27723fdd-0173-49d9-a6a2-53d19a4fc735,7c58c2da-dc70-4ba9-b330-affa7e3ab3cd,100
7c58c2da-dc70-4ba9-b330-affa7e3ab3cd,957d0691-6784-4980-b1af-19d328b9ffef,101
957d0691-6784-4980-b1af-19d328b9ffef,5dde5cf3-82ff-48a8-b025-b6a9a7fc5a1a,102
5dde5cf3-82ff-48a8-b025-b6a9a7fc5a1a,3cc0b0ed-caef-474d-9e4a-59917ef3ca02,103
3cc0b0ed-caef-474d-9e4a-59917ef3ca02,d997dcbe-d168-431f-8d12-c23bd3c49a65,104
d997dcbe-d168-431f-8d12-c23bd3c49a65,f7f9560f-c5e5-4195-90c3-f055a8a20109,105
f7f9560f-c5e5-4195-90c3-f055a8a20109,137486bd-53b2-41b6-bb93-1ae4b9c6a2e3,106
137486bd-53b2-41b6-bb93-1ae4b9c6a2e3,92ca9d19-f1f8-401b-9608-fac64448dc86,107
92ca9d19-f1f8-401b-9608-fac64448dc86,09cc32c3-854a-4ead-bfeb-62c1479b6575,108
09cc32c3-854a-4ead-bfeb-62c1479b6575,99c4e726-1a6f-49c9-ab95-40558d69bedd,109
99c4e726-1a6f-49c9-ab95-40558d69bedd,ea5d8b8a-ab7d-4d62-9d85-f8b50f4f6dbe,110
ea5d8b8a-ab7d-4d62-9d85-f8b50f4f6dbe,e5b5b518-40b9-4835-94be-0cc454c73ec2,111
e5b5b518-40b9-4835-94be-0cc454c73ec2,71696553-ed55-499a-a61c-ad7dacb1f40b,112
71696553-ed55-499a-a61c-ad7dacb1f40b,db2174c3-8362-4e86-a4db-949cd38912c9,113
db2174c3-8362-4e86-a4db-949cd38912c9,1e29643e-c973-472e-87b8-b645702fad96,114
1e29643e-c973-472e-87b8-b645702fad96,5ffce0f9-0d71-4eca-bcea-0e55415a7383,115
5ffce0f9-0d71-4eca-bcea-0e55415a7383,48ff1f7d-bad1-49b7-97d5-6e3fa0084ed0,116
48ff1f7d-bad1-49b7-97d5-6e3fa0084ed0,49bcf0a9-3c03-4ed2-b567-2fc74e2f6fc0,117
49bcf0a9-3c03-4ed2-b567-2fc74e2f6fc0,2d97c973-d79a-47c0-a73d-735d390ef73a,118
2d97c973-d79a-47c0-a73d-735d390ef73a,43ed2428-ba91-422c-af9e-b85509558625,119
43ed2428-ba91-422c-af9e-b85509558625,52e658d2-eadf-430d-995a-76a4a264fdeb,120
52e658d2-eadf-430d-995a-76a4a264fdeb,f7d2e263-963a-42e4-882b-6dec1a4c9cd7,121
f7d2e263-963a-42e4-882b-6dec1a4c9cd7,b26f6fa5-7cce-4487-a51d-ead6e87e033e,122
b26f6fa5-7cce-4487-a51d-ead6e87e033e,d7960ebe-7426-46ef-abac-6b3b282d7ea6,123
d7960ebe-7426-46ef-abac-6b3b282d7ea6,002fc077-d22a-47f1-8289-a618081b899e,124
002fc077-d22a-47f1-8289-a618081b899e,13361229-68c4-422e-b7db-e530b161ede1,125
13361229-68c4-422e-b7db-e530b161ede1,70fb3a06-d5ab-44cf-a293-1cb05801d470,126
70fb3a06-d5ab-44cf-a293-1cb05801d470,aa432a27-4aac-4335-9e46-754ba042bee5,127
aa432a27-4aac-4335-9e46-754ba042bee5,a9b26fc4-6ace-4ddc-aabd-b13261da9adb,128
a9b26fc4-6ace-4ddc-aabd-b13261da9adb,874198b1-025a-4361-aee8-ce30e28e0507,129
874198b1-025a-4361-aee8-ce30e28e0507,f380552b-ecf8-4da0-8305-a22123339efc,130
f380552b-ecf8-4da0-8305-a22123339efc,37ae5e72-747e-4185-a17c-334fe119c1ed,131
37ae5e72-747e-4185-a17c-334fe119c1ed,3bc59c24-c4ae-4ffd-81ff-de8d34395391,132
3bc59c24-c4ae-4ffd-81ff-de8d34395391,30032822-06a7-49cd-b23b-e0ad21e29fdc,133
30032822-06a7-49cd-b23b-e0ad21e29fdc,6d79a63f-127e-4f8e-9d59-b5582568703e,134
6d79a63f-127e-4f8e-9d59-b5582568703e,568f332d-522d-4495-adbf-23598b375a9a,135
568f332d-522d-4495-adbf-23598b375a9a,86a02232-890f-4647-825f-c106e6f74874,136
86a02232-890f-4647-825f-c106e6f74874,bc261bd7-6b0c-4350-96ec-bc33e8c87f6d,137
bc261bd7-6b0c-4350-96ec-bc33e8c87f6d,56a81096-4be5-425f-94eb-3874fa2da16e,138
56a81096-4be5-425f-94eb-3874fa2da16e,7c42c08c-01db-4aea-bc37-fddb1b6f48ba,139
7c42c08c-01db-4aea-bc37-fddb1b6f48ba,4ca5a187-a591-44f5-b36f-dbcae5b22f29,140
4ca5a187-a591-44f5-b36f-dbcae5b22f29,0ae4a513-3704-4aea-96d8-d1681a9a2008,141
0ae4a513-3704-4aea-96d8-d1681a9a2008,1e4f7732-6e28-4a89-bcfb-4c758cbd3704,142
1e4f7732-6e28-4a89-bcfb-4c758cbd3704,d1817e0e-506d-43af-9b58-bb31738d1ac2,143
d1817e0e-506d-43af-9b58-bb31738d1ac2,039aec67-ddf7-48f4-82f5-de4b5868c840,144
039aec67-ddf7-48f4-82f5-de4b5868c840,8e9fcd29-b1dd-4ee4-9df4-03a3ab192c73,145
8e9fcd29-b1dd-4ee4-9df4-03a3ab192c73,b8fde251-16b1-4864-b860-c8cc329c111a,146
b8fde251-16b1-4864-b860-c8cc329c111a,da7f8c58-cb01-419d-af79-facc23a4f049,147
da7f8c58-cb01-419d-af79-facc23a4f049,c63c4707-818d-45ae-afbc-6256d705cb1f,148
c63c4707-818d-45ae-afbc-6256d705cb1f,1629555f-1066-45c7-9120-9a4d3f668e13,149
1629555f-1066-45c7-9120-9a4d3f668e13,dbd143d1-face-483c-81f4-775bce18d8fc,150
dbd143d1-face-483c-81f4-775bce18d8fc,6bc8ed2d-a4a5-4856-ba9e-6f3ca63c6889,151
6bc8ed2d-a4a5-4856-ba9e-6f3ca63c6889,04a6e605-8e77-4930-88ee-e9cb61005f4f,152
04a6e605-8e77-4930-88ee-e9cb61005f4f,77fe2a48-abd6-4557-ad79-18ce7fd1ee4f,153
77fe2a48-abd6-4557-ad79-18ce7fd1ee4f,6696c842-b681-46c0-a4dd-094429eb69ec,154
6696c842-b681-46c0-a4dd-094429eb69ec,c8afe8a4-4a04-4f7e-9d7b-4d2f0ca06fe9,155
c8afe8a4-4a04-4f7e-9d7b-4d2f0ca06fe9,97f36e53-5283-4dd2-85b1-c2b3ae5bac2b,156
97f36e53-5283-4dd2-85b1-c2b3ae5bac2b,1414aaa1-f6dc-4069-a833-6033cb5fb2f7,157
1414aaa1-f6dc-4069-a833-6033cb5fb2f7,1191dee5-035c-48fd-bb17-4fb514bcf580,158
1191dee5-035c-48fd-bb17-4fb514bcf580,673237b1-7b6b-46bc-8a06-3b268b20a7c0,159
673237b1-7b6b-46bc-8a06-3b268b20a7c0,a0df89f1-81df-4d65-a9fd-34e915a8fc20,160
a0df89f1-81df-4d65-a9fd-34e915a8fc20,f5749c61-5dcd-4a38-9307-f9c0d3e2a94c,161
f5749c61-5dcd-4a38-9307-f9c0d3e2a94c,e8949368-5757-41e8-b080-5f726ccb6fd6,162
e8949368-5757-41e8-b080-5f726ccb6fd6,282e38d7-aff8-42d7-8562-e2bc9daa2672,163
282e38d7-aff8-42d7-8562-e2bc9daa2672,54527098-625d-4049-8809-a8d90ed3f1b6,164
54527098-625d-4049-8809-a8d90ed3f1b6,3caceb3e-bb59-4fcf-9ee8-8dd865836ca1,165
3caceb3e-bb59-4fcf-9ee8-8dd865836ca1,fa061f10-7f55-4445-8292-e98a9575b6a2,166
fa061f10-7f55-4445-8292-e98a9575b6a2,89240d4a-423b-453b-8887-cca13c228f15,167
89240d4a-423b-453b-8887-cca13c228f15,4ac92a98-68ce-4d89-ba64-a16140db68e0,168
4ac92a98-68ce-4d89-ba64-a16140db68e0,fe7a88ef-89ff-49d8-9f45-577a5bce5208,169
fe7a88ef-89ff-49d8-9f45-577a5bce5208,34f2a361-2432-4c8d-8123-d1b6aa2954f6,170
34f2a361-2432-4c8d-8123-d1b6aa2954f6,3c27a0b7-19e8-4dc8-abc3-ec2f5956d03d,171
3c27a0b7-19e8-4dc8-abc3-ec2f5956d03d,2d1a7390-7262-418a-a6e7-79b4a69cf11d,172
2d1a7390-7262-418a-a6e7-79b4a69cf11d,88cce0ed-f7d2-4eb1-9190-024f78162c66,173
88cce0ed-f7d2-4eb1-9190-024f78162c66,fa2e92d5-9cf4-475f-aed2-eb15a97e3b07,174
fa2e92d5-9cf4-475f-aed2-eb15a97e3b07,e2c76b95-312e-46f3-ab37-7df48e22f296,175
e2c76b95-312e-46f3-ab37-7df48e22f296,93d27c71-938a-48ca-a131-86b73ce9ed3e,176
93d27c71-938a-48ca-a131-86b73ce9ed3e,019abd30-77b7-4802-8384-36633f40ce05,177
019abd30-77b7-4802-8384-36633f40ce05,019454f9-a701-4942-9c62-4492b25fb708,178
019454f9-a701-4942-9c62-4492b25fb708,ef5b98e8-8b3c-4c8a-b80c-544946f83e5a,179
ef5b98e8-8b3c-4c8a-b80c-544946f83e5a,9e26075d-81c0-4085-807d-59e41d8f9382,180
9e26075d-81c0-4085-807d-59e41d8f9382,af9d7d1b-3f5f-4edd-89cd-551c011b92e8,181
af9d7d1b-3f5f-4edd-89cd-551c011b92e8,06406ee8-7fc7-48a5-af73-a30ccc3d5933,182
06406ee8-7fc7-48a5-af73-a30ccc3d5933,ccb7f20e-decb-40ed-9d96-8b8375bc5e80,183
ccb7f20e-decb-40ed-9d96-8b8375bc5e80,c2b12bbb-dc10-4c7f-b99f-131b9a50d7f9,184
c2b12bbb-dc10-4c7f-b99f-131b9a50d7f9,d5edc10e-83e6-4cc3-9d5b-0d8db7a2f76e,185
d5edc10e-83e6-4cc3-9d5b-0d8db7a2f76e,fda00c07-9270-4bdf-b232-30969eb54012,186
fda00c07-9270-4bdf-b232-30969eb54012,c50ac1b1-b75a-4dc5-a9a0-57616292ebc5,187
c50ac1b1-b75a-4dc5-a9a0-57616292ebc5,aa2731a2-8a93-434a-bd5a-911585aef6af,188
aa2731a2-8a93-434a-bd5a-911585aef6af,bcc43880-0f43-4a67-87bf-a0748a0defeb,189
bcc43880-0f43-4a67-87bf-a0748a0defeb,08cc2b9b-a0a5-46c4-acd8-f50282acce28,190
08cc2b9b-a0a5-46c4-acd8-f50282acce28,cb228422-ff96-494e-b9ce-5cf7d9eecfc5,191
cb228422-ff96-494e-b9ce-5cf7d9eecfc5,2312f313-96dc-488f-a88c-6ba9722c20c8,192
2312f313-96dc-488f-a88c-6ba9722c20c8,792aafe6-bc31-4ba8-b96f-0e601d1a74fd,193
792aafe6-bc31-4ba8-b96f-0e601d1a74fd,4f01391f-27c4-4806-9820-09c79c0f878b,194
4f01391f-27c4-4806-9820-09c79c0f878b,359a8627-64a3-4feb-ba8e-8247986d5cfd,195
359a8627-64a3-4feb-ba8e-8247986d5cfd,729e1bca-e1de-4a95-921a-dd106238613e,196
729e1bca-e1de-4a95-921a-dd106238613e,a82ff6de-6308-4764-ba2c-0613d6dee96d,197
a82ff6de-6308-4764-ba2c-0613d6dee96d,0f1865a5-e094-4cd7-8f59-3b4ad15eb63f,198
0f1865a5-e094-4cd7-8f59-3b4ad15eb63f,b1657981-f5c1-4e6e-bb93-0b2903b720e1,199
b1657981-f5c1-4e6e-bb93-0b2903b720e1,2a3935ea-c095-4d13-b9d6-5a73f8629126,200
2a3935ea-c095-4d13-b9d6-5a73f8629126,cd1baabc-0534-4f85-b4a9-28bbc54f6d2f,201
cd1baabc-0534-4f85-b4a9-28bbc54f6d2f,9d82b5fc-b294-4150-96b5-6eff3098cea2,202
9d82b5fc-b294-4150-96b5-6eff3098cea2,464ff36a-4cd0-4577-8b1d-b078721974aa,203
464ff36a-4cd0-4577-8b1d-b078721974aa,408151e7-d655-4342-aec7-96c169d928c3,204
408151e7-d655-4342-aec7-96c169d928c3,da50b9de-1130-49fb-bf50-cad20556bb5d,205
da50b9de-1130-49fb-bf50-cad20556bb5d,9eba963c-09d9-457d-8a6f-30e3dbd9388e,206
9eba963c-09d9-457d-8a6f-30e3dbd9388e,eb6bda7e-db0f-4e0e-a8b4-16ae4f3c67ed,207
eb6bda7e-db0f-4e0e-a8b4-16ae4f3c67ed,a482c778-eda5-4c27-9d35-1ead29ea61d3,208
a482c778-eda5-4c27-9d35-1ead29ea61d3,365ed125-f1e5-4278-971f-45f5b288c116,209
365ed125-f1e5-4278-971f-45f5b288c116,2df79db0-3399-4173-86b9-5aefeff1fe65,210
2df79db0-3399-4173-86b9-5aefeff1fe65,88c6b7c2-fb80-4dca-965e-27d111d1c112,211
88c6b7c2-fb80-4dca-965e-27d111d1c112,41736ffd-c8d1-4e51-a19a-f80eb797b4d5,212
41736ffd-c8d1-4e51-a19a-f80eb797b4d5,0aaaca3e-8a37-4237-8666-85c665872f93,213
0aaaca3e-8a37-4237-8666-85c665872f93,e47886bf-ad33-4b38-8fe0-f2c405d5fd2c,214
e47886bf-ad33-4b38-8fe0-f2c405d5fd2c,4624312c-1602-40b8-af7a-63d63708c97e,215
4624312c-1602-40b8-af7a-63d63708c97e,aea030e6-3a53-4977-b0bc-395f70005519,216
aea030e6-3a53-4977-b0bc-395f70005519,1e3de19c-c77d-41fc-8dc5-239d7ad0b9dc,217
1e3de19c-c77d-41fc-8dc5-239d7ad0b9dc,02b55bfd-4cef-4e5e-8375-5ded364b92b9,218
02b55bfd-4cef-4e5e-8375-5ded364b92b9,7f434172-3903-461d-92f2-cbeb2699f201,219
7f434172-3903-461d-92f2-cbeb2699f201,1c86e8e6-3d73-41be-9653-64c972f06a98,220
1c86e8e6-3d73-41be-9653-64c972f06a98,c5546d91-6442-4430-a1af-4bdaf7b4a396,221
c5546d91-6442-4430-a1af-4bdaf7b4a396,c1c6b4f1-a6a9-465c-8f5b-3173d90e3d54,222
c1c6b4f1-a6a9-465c-8f5b-3173d90e3d54,8f1cfd4a-4f96-4fa0-8ccb-e873931a5402,223
8f1cfd4a-4f96-4fa0-8ccb-e873931a5402,da27a578-fed5-4479-a0b9-0f49b8bdaf7b,224
da27a578-fed5-4479-a0b9-0f49b8bdaf7b,b9c39cf7-c2f6-4862-8cab-0d893a1ab7d3,225
b9c39cf7-c2f6-4862-8cab-0d893a1ab7d3,88b94121-1a1f-4675-837c-344a0cba7dc9,226
88b94121-1a1f-4675-837c-344a0cba7dc9,871c2b20-37b2-4f0c-b608-beddb602a77c,227
871c2b20-37b2-4f0c-b608-beddb602a77c,857e4729-a728-4835-9514-59e73f5be05d,228
857e4729-a728-4835-9514-59e73f5be05d,972f32e7-e05a-4c4a-8012-9a23e52ee229,229
972f32e7-e05a-4c4a-8012-9a23e52ee229,f146a8ab-4f9f-4b69-ac2f-ae7b08d6eac6,230
f146a8ab-4f9f-4b69-ac2f-ae7b08d6eac6,c4050b2f-88d9-4129-8b66-24d66a003b53,231
c4050b2f-88d9-4129-8b66-24d66a003b53,a98b9aa4-fe13-4b8c-add3-180ba2b484c0,232
a98b9aa4-fe13-4b8c-add3-180ba2b484c0,40e94759-8f93-4655-970c-05ab15e910da,233
40e94759-8f93-4655-970c-05ab15e910da,0c41284d-6906-461e-9ea1-e2df1def6560,234
0c41284d-6906-461e-9ea1-e2df1def6560,c5c27d96-c371-4c2b-8a62-e11a8fb21fec,235
c5c27d96-c371-4c2b-8a62-e11a8fb21fec,27b3a6ab-4462-4e1e-9545-ed71c427a9c0,236
27b3a6ab-4462-4e1e-9545-ed71c427a9c0,749ecf4a-454e-4450-b032-af6c31de6262,237
749ecf4a-454e-4450-b032-af6c31de6262,7025b9b4-06de-47ea-ac05-d2577016ddf0,238
7025b9b4-06de-47ea-ac05-d2577016ddf0,5dd2f3c9-6c0b-427a-832f-a8f56618ab76,239
5dd2f3c9-6c0b-427a-832f-a8f56618ab76,93504c95-26cf-4bfe-95aa-f2299f4fc0b5,240
93504c95-26cf-4bfe-95aa-f2299f4fc0b5,a7e089b8-82b9-4515-839a-da2c50e5174e,241
a7e089b8-82b9-4515-839a-da2c50e5174e,d85e0533-daa8-44b8-b9db-28f7981d9283,242
d85e0533-daa8-44b8-b9db-28f7981d9283,d1b28154-1319-42cc-bd1f-957fb172aec9,243
d1b28154-1319-42cc-bd1f-957fb172aec9,44d2f606-036e-47f6-9e8b-a01927910097,244
44d2f606-036e-47f6-9e8b-a01927910097,dad1bf8c-5e6e-46c6-acbd-8ec02babf4e4,245
dad1bf8c-5e6e-46c6-acbd-8ec02babf4e4,704e164f-2448-4893-8a55-0ec2cd401229,246
704e164f-2448-4893-8a55-0ec2cd401229,b091bb0d-6982-4dd5-8ac0-7b999dc38a6b,247
b091bb0d-6982-4dd5-8ac0-7b999dc38a6b,d73053d8-9fce-47a3-b850-4f1b2f2da4b4,248
d73053d8-9fce-47a3-b850-4f1b2f2da4b4,ee9d7ce3-8211-4b3c-9e41-1619aae81089,249
ee9d7ce3-8211-4b3c-9e41-1619aae81089,4158e7de-124a-47c3-9bd8-55777293c19e,250
4158e7de-124a-47c3-9bd8-55777293c19e,b1ca229a-aa74-41b6-8e24-d0814be4df25,251
b1ca229a-aa74-41b6-8e24-d0814be4df25,b7bddb59-c67e-40e3-84af-b681aaeac4e6,252
b7bddb59-c67e-40e3-84af-b681aaeac4e6,62213e14-a596-4d2a-a4c6-15a2d02de94e,253
62213e14-a596-4d2a-a4c6-15a2d02de94e,74ac93c3-35bd-4747-9e0e-7655cb7880e2,254
74ac93c3-35bd-4747-9e0e-7655cb7880e2,f8c52dd3-3deb-4420-a2f6-095854993a12,255
f8c52dd3-3deb-4420-a2f6-095854993a12,0f16f27f-da97-41b1-b85f-240d15e86a8e,256
0f16f27f-da97-41b1-b85f-240d15e86a8e,cb41705d-e1fc-4b2a-a083-f290521b3252,257
cb41705d-e1fc-4b2a-a083-f290521b3252,14a96f21-bf35-4ff7-afbc-02632f6aa0df,258
14a96f21-bf35-4ff7-afbc-02632f6aa0df,55d15584-23f5-420f-8b37-b15d2196f155,259
55d15584-23f5-420f-8b37-b15d2196f155,54e95755-4cf4-4fb5-9450-190af2de4d52,260
54e95755-4cf4-4fb5-9450-190af2de4d52,9c1f8637-4dcd-4ffd-8618-26696e94027c,261
9c1f8637-4dcd-4ffd-8618-26696e94027c,de298698-a7f0-4bbd-b32a-7921800fb594,262
de298698-a7f0-4bbd-b32a-7921800fb594,65f4b303-7088-4acf-ac49-84394f7638a4,263
65f4b303-7088-4acf-ac49-84394f7638a4,e9780791-98de-4aa2-a1e9-faa8b8dc7268,264
e9780791-98de-4aa2-a1e9-faa8b8dc7268,8ab94371-8d8a-4cc6-9bcb-cd559bbb18d9,265
8ab94371-8d8a-4cc6-9bcb-cd559bbb18d9,a522c50d-22b5-4482-9870-5705a91cd4d7,266
a522c50d-22b5-4482-9870-5705a91cd4d7,c64d1327-b4a8-4827-84a9-fc7498afaade,267
c64d1327-b4a8-4827-84a9-fc7498afaade,6f5c12c6-8bf9-4d34-8a60-52b9c6e735cf,268
6f5c12c6-8bf9-4d34-8a60-52b9c6e735cf,82ffe46a-1a3f-48b8-97ca-9353e4fc0158,269
82ffe46a-1a3f-48b8-97ca-9353e4fc0158,4f2f43af-b66d-430c-bed3-e97ed1f1ea79,270
4f2f43af-b66d-430c-bed3-e97ed1f1ea79,20dc366b-720e-496c-9074-ddc147f95887,271
20dc366b-720e-496c-9074-ddc147f95887,1f4807f7-aa19-40d5-b336-9471475b684f,272
1f4807f7-aa19-40d5-b336-9471475b684f,30193ffe-e2bc-406c-92c0-7ff008fcfb2f,273
30193ffe-e2bc-406c-92c0-7ff008fcfb2f,90ae22f6-2b8c-4e9e-9fd7-3daaddd4611d,274
90ae22f6-2b8c-4e9e-9fd7-3daaddd4611d,24895668-ff57-467b-9741-9643be4dfed6,275
24895668-ff57-467b-9741-9643be4dfed6,0a494f98-f7cc-47dd-9a3c-51765f68e943,276
0a494f98-f7cc-47dd-9a3c-51765f68e943,eed8a342-a09c-499c-a6cf-cd6c8f0268d4,277
eed8a342-a09c-499c-a6cf-cd6c8f0268d4,6195b851-bd9f-4b0a-bb91-074ad2d750bf,278
6195b851-bd9f-4b0a-bb91-074ad2d750bf,624ba07c-53f9-40d9-9b16-7604fc7e7399,279
624ba07c-53f9-40d9-9b16-7604fc7e7399,25448448-5313-47ca-8c6b-a31cff704433,280
25448448-5313-47ca-8c6b-a31cff704433,db9cb745-13f6-4eaa-9eb5-69e29c270452,281
db9cb745-13f6-4eaa-9eb5-69e29c270452,492a06ea-5831-45be-aabf-8fa0ab263890,282
492a06ea-5831-45be-aabf-8fa0ab263890,a007ca7e-2d5f-40ac-a4e3-cd331426f631,283
a007ca7e-2d5f-40ac-a4e3-cd331426f631,76fcbc2a-e7dc-4e74-b9d2-0fd3b94df34e,284
76fcbc2a-e7dc-4e74-b9d2-0fd3b94df34e,c425191b-85ad-4d07-aaeb-45e0571fee41,285
c425191b-85ad-4d07-aaeb-45e0571fee41,435cd141-0770-49a8-a4aa-2b4d129f5ff3,286
435cd141-0770-49a8-a4aa-2b4d129f5ff3,0646836c-9e0b-4f18-9d78-fe3dd1847e21,287
0646836c-9e0b-4f18-9d78-fe3dd1847e21,06b98aaa-054e-43c3-a8bf-5ebaa61239a5,288
06b98aaa-054e-43c3-a8bf-5ebaa61239a5,b3f9f37c-c96e-4094-94e5-88cea1cb3b20,289
b3f9f37c-c96e-4094-94e5-88cea1cb3b20,0a258096-d536-4eb6-8dd2-894e3be26ab2,290
0a258096-d536-4eb6-8dd2-894e3be26ab2,6e356827-47b0-4ea9-9b26-69429a06c2ff,291
6e356827-47b0-4ea9-9b26-69429a06c2ff,1aea16c4-1ec1-4d14-b02a-6b895bcc549d,292
1aea16c4-1ec1-4d14-b02a-6b895bcc549d,726d0696-bd1b-4ef6-bf0f-bc01c8717bc2,293
726d0696-bd1b-4ef6-bf0f-bc01c8717bc2,ecb19fb8-345c-4cad-981a-5beff2fdd3db,294
ecb19fb8-345c-4cad-981a-5beff2fdd3db,d57c493d-36d4-40d7-9647-6744099e2e2f,295
d57c493d-36d4-40d7-9647-6744099e2e2f,efd541c5-753f-405c-a007-095c19ec6d40,296
efd541c5-753f-405c-a007-095c19ec6d40,36c77070-6c44-4626-af34-6d520e11c915,297
36c77070-6c44-4626-af34-6d520e11c915,91ccfe32-f9a3-4389-b536-93dd01b206c7,298
91ccfe32-f9a3-4389-b536-93dd01b206c7,5486af8b-69ae-4f59-8ba3-e044297300a6,299
5486af8b-69ae-4f59-8ba3-e044297300a6,ac96f58c-a8f3-45ca-bb3b-885c362dc154,300
ac96f58c-a8f3-45ca-bb3b-885c362dc154,a0c3fb0e-c935-45a8-9a01-cf3cfa89bb3b,301
a0c3fb0e-c935-45a8-9a01-cf3cfa89bb3b,a747c378-d318-45a8-a56d-d9e25f388616,302
a747c378-d318-45a8-a56d-d9e25f388616,b11fcca9-40ef-471e-8511-7cf1480351f2,303
b11fcca9-40ef-471e-8511-7cf1480351f2,259e1422-778e-434f-91dc-3cb45001f43d,304
259e1422-778e-434f-91dc-3cb45001f43d,adc65f1c-cf92-456c-9df7-d2d6e165883b,305
adc65f1c-cf92-456c-9df7-d2d6e165883b,c3742891-9619-4ff1-8409-a87b9108d571,306
c3742891-9619-4ff1-8409-a87b9108d571,0bebff8e-88d9-4a58-bc5d-4061cb0677a9,307
0bebff8e-88d9-4a58-bc5d-4061cb0677a9,f80ce785-a8e7-48b4-a832-bd77b6c50218,308
f80ce785-a8e7-48b4-a832-bd77b6c50218,46edcd22-df1f-458c-b7be-39c4efe96e85,309
46edcd22-df1f-458c-b7be-39c4efe96e85,73e1665c-bc07-41a3-8304-184c511cfa0f,310
73e1665c-bc07-41a3-8304-184c511cfa0f,cb686bde-4f0d-4311-833b-2b6e94d1e0cc,311
cb686bde-4f0d-4311-833b-2b6e94d1e0cc,9c1a348b-75d9-48de-89da-cc839d8c259f,312
9c1a348b-75d9-48de-89da-cc839d8c259f,491f7519-ece4-43b3-b5f8-7fbfc5253fcc,313
491f7519-ece4-43b3-b5f8-7fbfc5253fcc,df4fe89e-7a82-429a-8c38-f23c9d49f80a,314
df4fe89e-7a82-429a-8c38-f23c9d49f80a,ba4e6e6b-a5f9-4b01-89ad-8cbadb41c776,315
ba4e6e6b-a5f9-4b01-89ad-8cbadb41c776,3aa14c49-b0c0-4093-9056-6ac7559814ff,316
3aa14c49-b0c0-4093-9056-6ac7559814ff,345c44bd-ef05-4370-aefb-03a8c81556ec,317
345c44bd-ef05-4370-aefb-03a8c81556ec,0187a4e9-16fa-4fe6-9b0d-4cd4ea5237d5,318
0187a4e9-16fa-4fe6-9b0d-4cd4ea5237d5,d2ebe422-089f-4db0-a819-4d3469031f34,319
d2ebe422-089f-4db0-a819-4d3469031f34,dd021835-457d-4eb0-bd30-2923df65cc9f,320
dd021835-457d-4eb0-bd30-2923df65cc9f,c47d88c0-02b9-4b16-aa4f-5fdef396d40b,321
c47d88c0-02b9-4b16-aa4f-5fdef396d40b,a4b459ab-f65b-4272-83ba-699651e08d01,322
a4b459ab-f65b-4272-83ba-699651e08d01,a6543ee8-564e-4c3c-bf78-0c3f1c405bb8,323
a6543ee8-564e-4c3c-bf78-0c3f1c405bb8,c45c15d1-ae88-44c2-87c0-b2d7cbdaecb9,324
c45c15d1-ae88-44c2-87c0-b2d7cbdaecb9,c5c66e0d-62ee-4755-9624-ea67edcd70cd,325
c5c66e0d-62ee-4755-9624-ea67edcd70cd,9f2b7199-1094-4530-a95d-738875da2fb0,326
9f2b7199-1094-4530-a95d-738875da2fb0,87270efc-4d34-476b-bdb0-5e6cd649055f,327
87270efc-4d34-476b-bdb0-5e6cd649055f,7052bd42-7d05-4304-a3c9-8b308149178c,328
7052bd42-7d05-4304-a3c9-8b308149178c,d602f670-7033-4048-a992-9c4a99334d8c,329
d602f670-7033-4048-a992-9c4a99334d8c,d1c575fd-902b-4a51-bce6-c77d56266926,330
d1c575fd-902b-4a51-bce6-c77d56266926,edcc382d-7ec4-487a-9c9d-3d354dd7b2ba,331
edcc382d-7ec4-487a-9c9d-3d354dd7b2ba,babbcc55-073d-40d1-8a0a-609d4bb917a3,332
babbcc55-073d-40d1-8a0a-609d4bb917a3,9c4a3569-0839-430a-949e-0fbb095e87ee,333
9c4a3569-0839-430a-949e-0fbb095e87ee,3a2c9b95-9c05-443f-be12-05db102bbfc8,334
3a2c9b95-9c05-443f-be12-05db102bbfc8,ba695d84-b4b6-45a6-8d94-07b1363eb3c2,335
ba695d84-b4b6-45a6-8d94-07b1363eb3c2,5bc61bdd-c4b9-4af3-8c95-0d70f3588e87,336
5bc61bdd-c4b9-4af3-8c95-0d70f3588e87,d3c488e2-107e-466b-8210-9cc39a8aa24a,337
d3c488e2-107e-466b-8210-9cc39a8aa24a,c21c7aa9-6a91-4b3f-86ea-ad2579d5fb7d,338
c21c7aa9-6a91-4b3f-86ea-ad2579d5fb7d,4a35f271-b527-479c-8734-6a3bcab06290,339
4a35f271-b527-479c-8734-6a3bcab06290,1e904b99-eb5b-46a7-bb55-82dafab10591,340
1e904b99-eb5b-46a7-bb55-82dafab10591,aacd18aa-7ba9-4e13-9980-d26e3d05886f,341
aacd18aa-7ba9-4e13-9980-d26e3d05886f,3f54d381-2a7f-4373-9a58-f4fbcc274418,342
3f54d381-2a7f-4373-9a58-f4fbcc274418,237a8ce0-e8ec-4351-8413-b87e48f1a2b3,343
237a8ce0-e8ec-4351-8413-b87e48f1a2b3,f0602a02-247d-4e2d-ad95-28c4aa39888b,344
f0602a02-247d-4e2d-ad95-28c4aa39888b,213945aa-aa25-44f4-b464-b005ca4d324d,345
213945aa-aa25-44f4-b464-b005ca4d324d,dfc35e34-dee5-4304-b069-09d727a17a93,346
dfc35e34-dee5-4304-b069-09d727a17a93,653978fa-ee55-4dd4-8fb9-136bd46493a0,347
653978fa-ee55-4dd4-8fb9-136bd46493a0,8fd581b2-993d-4a16-bf6a-3c31388694fe,348
8fd581b2-993d-4a16-bf6a-3c31388694fe,0c7eaa7d-02f2-4f36-98e5-9c2bdb5bbb8c,349
0c7eaa7d-02f2-4f36-98e5-9c2bdb5bbb8c,5583d09b-ce9b-4210-b50d-4a5946903681,350
5583d09b-ce9b-4210-b50d-4a5946903681,7cca8dc2-b7dc-4cec-9643-1d3b826a5dea,351
7cca8dc2-b7dc-4cec-9643-1d3b826a5dea,65bfb573-354c-48e8-8524-0115efc17c48,352
65bfb573-354c-48e8-8524-0115efc17c48,1a3b6871-e8fe-460c-9663-9d88b1ca0807,353
1a3b6871-e8fe-460c-9663-9d88b1ca0807,d16a6deb-3b10-4331-bfe6-d591d2106f33,354
d16a6deb-3b10-4331-bfe6-d591d2106f33,b08edccf-ea51-4c9e-a5a9-ca41f5445b41,355
b08edccf-ea51-4c9e-a5a9-ca41f5445b41,85d44c82-56bd-4d09-ba31-37685ec2ba4f,356
85d44c82-56bd-4d09-ba31-37685ec2ba4f,046041f1-f63a-454e-801d-17478a6df674,357
046041f1-f63a-454e-801d-17478a6df674,3aebcc4e-43ce-48d1-9eac-192f46d630aa,358
3aebcc4e-43ce-48d1-9eac-192f46d630aa,0f340668-7bb7-46f0-8c2c-0da31d06a811,359
0f340668-7bb7-46f0-8c2c-0da31d06a811,70c09ab5-1ee7-49f3-9e4a-0d8069c49c3e,360
70c09ab5-1ee7-49f3-9e4a-0d8069c49c3e,19f56d73-5d9e-4919-a494-db70e90ded71,361
19f56d73-5d9e-4919-a494-db70e90ded71,f7cdd7b0-56de-4683-867a-040bc8d65830,362
f7cdd7b0-56de-4683-867a-040bc8d65830,d1786d2e-f9fb-4b37-81ec-9b4c208858b0,363
d1786d2e-f9fb-4b37-81ec-9b4c208858b0,5b6f7581-922b-4108-8c7d-9c645e6f30e4,364
5b6f7581-922b-4108-8c7d-9c645e6f30e4,be93d407-b2ad-4334-876e-e01d86e71ca9,365
be93d407-b2ad-4334-876e-e01d86e71ca9,afc6beb9-c9a4-4a71-a366-906cf96681c2,366
afc6beb9-c9a4-4a71-a366-906cf96681c2,44f70b5a-dc2e-4ab9-996c-fe98df0eec37,367
44f70b5a-dc2e-4ab9-996c-fe98df0eec37,545b0311-ad21-45ab-8bf1-1e4d8e9cbbe0,368
545b0311-ad21-45ab-8bf1-1e4d8e9cbbe0,abef59e8-df5e-42ec-b109-c7809318cfd7,369
abef59e8-df5e-42ec-b109-c7809318cfd7,fc977295-40d4-4c7b-a7b3-3da85576820c,370
fc977295-40d4-4c7b-a7b3-3da85576820c,ffe42e04-17e6-40cd-828c-012fe28f8113,371
ffe42e04-17e6-40cd-828c-012fe28f8113,cd889922-d535-453a-8a65-70ad04762709,372
cd889922-d535-453a-8a65-70ad04762709,d4204556-e0fa-4bf2-8889-b21eef943674,373
d4204556-e0fa-4bf2-8889-b21eef943674,bff5c38b-e38e-4f5f-a912-00597d233a4d,374
bff5c38b-e38e-4f5f-a912-00597d233a4d,c658ef4d-5af4-41a7-9780-bae92bf14a2e,375
c658ef4d-5af4-41a7-9780-bae92bf14a2e,78f1d3c9-2a24-4c83-81de-61ef27fc5e0c,376
78f1d3c9-2a24-4c83-81de-61ef27fc5e0c,a0f7de4e-cbb0-4933-9f5f-04c0235b1b92,377
a0f7de4e-cbb0-4933-9f5f-04c0235b1b92,cfc1b3df-8995-4158-8310-fc7d2a7d6551,378
cfc1b3df-8995-4158-8310-fc7d2a7d6551,93c82f79-dd22-4571-b162-568e83081940,379
93c82f79-dd22-4571-b162-568e83081940,17aac3f6-d09f-4e56-b87a-daee2b10bf64,380
17aac3f6-d09f-4e56-b87a-daee2b10bf64,7e260159-cedd-466e-9d64-6dbf17ef11fc,381
7e260159-cedd-466e-9d64-6dbf17ef11fc,ba9b8367-04b7-492a-b0bd-7ca961349450,382
ba9b8367-04b7-492a-b0bd-7ca961349450,7c685a91-c438-45cc-bfb3-d71ed1ebdd02,383
7c685a91-c438-45cc-bfb3-d71ed1ebdd02,ba91bfe7-6c9c-49f8-99f2-4167aaec3c16,384
ba91bfe7-6c9c-49f8-99f2-4167aaec3c16,922ea663-35ae-4d51-8e45-6f8061647219,385
922ea663-35ae-4d51-8e45-6f8061647219,c811c0b3-121b-4b2d-b068-1ab1005b03a2,386
c811c0b3-121b-4b2d-b068-1ab1005b03a2,8f1c3630-e24c-4ece-af03-66af990390a7,387
8f1c3630-e24c-4ece-af03-66af990390a7,a1e4e411-305a-4c5d-ac3e-1958c9504f02,388
a1e4e411-305a-4c5d-ac3e-1958c9504f02,aec9a977-56eb-4d52-bccb-e80bfe54a993,389
aec9a977-56eb-4d52-bccb-e80bfe54a993,64cad6fe-6806-45ef-94c8-8973201d2252,390
64cad6fe-6806-45ef-94c8-8973201d2252,a6973e4a-86e0-4698-b6c7-57f6f6d45976,391
a6973e4a-86e0-4698-b6c7-57f6f6d45976,4f32bfe9-1eca-4cbd-a658-ef2a63044f5b,392
4f32bfe9-1eca-4cbd-a658-ef2a63044f5b,d312da10-020f-450d-9567-eaa2872c4d4c,393
d312da10-020f-450d-9567-eaa2872c4d4c,0d038ef3-4dda-466c-89d5-fe517bc4ef9a,394
0d038ef3-4dda-466c-89d5-fe517bc4ef9a,ea98cb93-f6f6-40ff-9539-714b88b663a0,395
ea98cb93-f6f6-40ff-9539-714b88b663a0,cb28c5fc-af54-4229-ab34-af754a9a3a91,396
cb28c5fc-af54-4229-ab34-af754a9a3a91,fad7ccfc-0b8e-4fbd-85c4-eb409e58efaf,397
fad7ccfc-0b8e-4fbd-85c4-eb409e58efaf,388f4bb9-b172-41a6-a23c-a14c136c225b,398
388f4bb9-b172-41a6-a23c-a14c136c225b,5dcee945-c564-4d50-81ee-eb89c2524fc5,399
5dcee945-c564-4d50-81ee-eb89c2524fc5,a225288d-2ae0-4ddc-9048-603aa5b87cd6,400
a225288d-2ae0-4ddc-9048-603aa5b87cd6,2f70c1e9-d84b-41a0-9dc7-5d50af208078,401
2f70c1e9-d84b-41a0-9dc7-5d50af208078,a9c4368d-ab21-418c-9d42-94644dda3dbd,402
a9c4368d-ab21-418c-9d42-94644dda3dbd,1fd3db40-d16e-40d5-aad4-fb4f409c3b3d,403
1fd3db40-d16e-40d5-aad4-fb4f409c3b3d,36e4ba30-920a-41d7-9582-5bd68c63ecd6,404
36e4ba30-920a-41d7-9582-5bd68c63ecd6,d29df4c7-db62-4644-84c4-e0b69fed258d,405
d29df4c7-db62-4644-84c4-e0b69fed258d,e934ffe0-0b61-4060-ac74-657b35c719d8,406
e934ffe0-0b61-4060-ac74-657b35c719d8,18ae0695-9284-4020-af80-9ffeec548dea,407
18ae0695-9284-4020-af80-9ffeec548dea,91b52f55-4164-4cf2-b00c-1e96bdfe8650,408
91b52f55-4164-4cf2-b00c-1e96bdfe8650,3106ac45-ca0f-4c04-9798-cd6296f3c9ac,409
3106ac45-ca0f-4c04-9798-cd6296f3c9ac,7994e855-cad1-4e02-95ba-f0e00bc5a8c0,410
7994e855-cad1-4e02-95ba-f0e00bc5a8c0,78c24103-fada-4aa6-864b-51b221473a4b,411
78c24103-fada-4aa6-864b-51b221473a4b,a6eba670-05f1-4106-a793-32c6e813fd8a,412
a6eba670-05f1-4106-a793-32c6e813fd8a,8e1cfbcf-d627-48b7-88ee-f512254b995a,413
8e1cfbcf-d627-48b7-88ee-f512254b995a,d668708b-772c-4b06-aeb6-d64349d19f84,414
d668708b-772c-4b06-aeb6-d64349d19f84,94752af4-277e-4018-ba49-3421ece305ca,415
94752af4-277e-4018-ba49-3421ece305ca,485c454e-c5ca-42b3-b697-5ab10db95c51,416
485c454e-c5ca-42b3-b697-5ab10db95c51,e1e5798f-3217-4c13-8cfa-f025d816a73f,417
e1e5798f-3217-4c13-8cfa-f025d816a73f,4e4ba98b-ea48-4140-be9d-162ead6ca79f,418
4e4ba98b-ea48-4140-be9d-162ead6ca79f,a57cd230-aef7-4374-9267-733b0da44e30,419
a57cd230-aef7-4374-9267-733b0da44e30,d2d92c05-c0de-4037-9913-a80df9791086,420
d2d92c05-c0de-4037-9913-a80df9791086,dcbdcdac-2e34-4736-bfdf-e6af75d569b0,421
dcbdcdac-2e34-4736-bfdf-e6af75d569b0,7d91ba72-ab49-4289-8564-6d799dcfb14d,422
7d91ba72-ab49-4289-8564-6d799dcfb14d,e463ff2c-0b5b-4a3f-b019-7547b2e6b342,423
e463ff2c-0b5b-4a3f-b019-7547b2e6b342,7d0b03c7-bbc7-4740-993f-d1b57d95f4d2,424
7d0b03c7-bbc7-4740-993f-d1b57d95f4d2,4d7f1a6e-f181-43aa-8b67-3622f13986c9,425
4d7f1a6e-f181-43aa-8b67-3622f13986c9,1799ea30-5077-4739-9004-965b136f1f7f,426
1799ea30-5077-4739-9004-965b136f1f7f,fccddab3-7fda-4740-8809-ce634fca5306,427
fccddab3-7fda-4740-8809-ce634fca5306,06ac601c-f5f0-4d07-9caa-5ac7016d4f92,428
06ac601c-f5f0-4d07-9caa-5ac7016d4f92,53cf5784-f06b-4b09-84e6-244986c169c9,429
53cf5784-f06b-4b09-84e6-244986c169c9,b250b2d8-add5-4cb0-a0bd-59ad56d12895,430
b250b2d8-add5-4cb0-a0bd-59ad56d12895,2c09a61e-7a5f-4f94-aeb2-a854351f2a38,431
2c09a61e-7a5f-4f94-aeb2-a854351f2a38,cc167d25-bc5d-443b-bd96-6964fee493b7,432
cc167d25-bc5d-443b-bd96-6964fee493b7,d33d910a-dfc2-41cb-8923-04d54e3a3387,433
d33d910a-dfc2-41cb-8923-04d54e3a3387,8299ae58-301a-4cce-b7f4-f1f179b23d74,434
8299ae58-301a-4cce-b7f4-f1f179b23d74,a75f01f9-4b7d-4f6a-98d9-491be181523f,435
a75f01f9-4b7d-4f6a-98d9-491be181523f,fafbdb5f-5bf1-47c1-8f96-290555bda78b,436
fafbdb5f-5bf1-47c1-8f96-290555bda78b,7f083adc-506c-4887-90ed-f952da330a89,437
7f083adc-506c-4887-90ed-f952da330a89,bd4c6199-7878-46dd-b8ef-6667945e525e,438
bd4c6199-7878-46dd-b8ef-6667945e525e,e5808716-5f76-41a2-bbb8-d21b01b7d4b9,439
e5808716-5f76-41a2-bbb8-d21b01b7d4b9,96040505-507a-48a2-9dca-4242622033e4,440
96040505-507a-48a2-9dca-4242622033e4,84e4a7b4-30bc-4b15-8009-52968f209893,441
84e4a7b4-30bc-4b15-8009-52968f209893,a23d0c62-623d-4a6d-8ecb-066839be05eb,442
a23d0c62-623d-4a6d-8ecb-066839be05eb,9b664132-e588-4817-af84-2017ad2187d0,443
9b664132-e588-4817-af84-2017ad2187d0,ab5e1f38-8f76-4ea3-a9e5-7a2178856604,444
ab5e1f38-8f76-4ea3-a9e5-7a2178856604,5960cc82-7e53-48fa-b9c6-0627f50b9172,445
5960cc82-7e53-48fa-b9c6-0627f50b9172,4162e27f-4d35-41e7-a746-ee4b291c5aa1,446
4162e27f-4d35-41e7-a746-ee4b291c5aa1,d8161ea7-d7fe-4eb2-b355-7d9f5440e777,447
d8161ea7-d7fe-4eb2-b355-7d9f5440e777,256e4ba8-2d1e-4d5f-aba3-dccfb893d9f3,448
256e4ba8-2d1e-4d5f-aba3-dccfb893d9f3,3317993a-49ec-41ef-8a28-223a88e63eee,449
3317993a-49ec-41ef-8a28-223a88e63eee,a7ee2a4e-65db-4db2-8cdf-2acc76fb0392,450
a7ee2a4e-65db-4db2-8cdf-2acc76fb0392,d7dcc729-7dd5-41b6-b0ef-79f1d9f96fb1,451
d7dcc729-7dd5-41b6-b0ef-79f1d9f96fb1,8314c115-b6fb-4f92-88f8-16ff83780ad0,452
8314c115-b6fb-4f92-88f8-16ff83780ad0,ae9fa11e-3225-4a4c-aeea-9ead2aab3adb,453
ae9fa11e-3225-4a4c-aeea-9ead2aab3adb,f877d58b-3ceb-4fef-8eee-acff173828b5,454
f877d58b-3ceb-4fef-8eee-acff173828b5,5f875ca5-17f1-49de-b69c-6e62daeb3424,455
5f875ca5-17f1-49de-b69c-6e62daeb3424,e940be41-09de-4851-95ea-9f46761c69a9,456
e940be41-09de-4851-95ea-9f46761c69a9,2e34badb-2f75-425c-8f76-7bfe252ec35d,457
2e34badb-2f75-425c-8f76-7bfe252ec35d,3cfd14e7-143b-4b2d-bc93-e83f5e24dda6,458
3cfd14e7-143b-4b2d-bc93-e83f5e24dda6,205c941a-92b1-40c7-9778-f108afa1699b,459
205c941a-92b1-40c7-9778-f108afa1699b,225403f4-7a50-41c1-85ff-2a0315c994de,460
225403f4-7a50-41c1-85ff-2a0315c994de,0bc790fb-5e1a-4f97-8bbf-6c518ce94762,461
0bc790fb-5e1a-4f97-8bbf-6c518ce94762,92732bbd-db23-4e0c-b6bf-bb6723506f7d,462
92732bbd-db23-4e0c-b6bf-bb6723506f7d,a9bcfe3e-b157-48d8-87e7-ac4d177afad4,463
a9bcfe3e-b157-48d8-87e7-ac4d177afad4,b7fc3062-0128-4109-8ede-e7f385d58d67,464
b7fc3062-0128-4109-8ede-e7f385d58d67,84af0354-1c4a-4cc7-a00a-2110a70b7af0,465
84af0354-1c4a-4cc7-a00a-2110a70b7af0,b0756e24-377e-4631-9e07-c07aa3b319f6,466
b0756e24-377e-4631-9e07-c07aa3b319f6,6a7760be-5b8e-45c2-b81c-1ee28268caaf,467
6a7760be-5b8e-45c2-b81c-1ee28268caaf,a31f69be-65cd-46ff-aec7-ed744db2735b,468
a31f69be-65cd-46ff-aec7-ed744db2735b,534b7563-3cdd-4a77-9746-ca695fffd3e5,469
534b7563-3cdd-4a77-9746-ca695fffd3e5,f44b3dac-a7d4-45a4-b116-cec619b1117a,470
f44b3dac-a7d4-45a4-b116-cec619b1117a,935129e6-064c-4e34-8701-802caa5d9b8c,471
935129e6-064c-4e34-8701-802caa5d9b8c,80998a6c-9f36-4097-b0b9-3bf2a0f044b6,472
80998a6c-9f36-4097-b0b9-3bf2a0f044b6,df56faf0-987c-46ea-9ce0-6933c269b14d,473
df56faf0-987c-46ea-9ce0-6933c269b14d,572514a0-fe57-4244-b403-6db0d3f6f509,474
572514a0-fe57-4244-b403-6db0d3f6f509,da4e7432-8aff-47e2-9ee6-129cc3fdd31a,475
da4e7432-8aff-47e2-9ee6-129cc3fdd31a,2663a9f1-38ce-4f4d-a34b-0deac5dc19b7,476
2663a9f1-38ce-4f4d-a34b-0deac5dc19b7,ade1e55e-b96e-465f-a7e6-4e335a25db22,477
ade1e55e-b96e-465f-a7e6-4e335a25db22,7bbcec0a-4505-42f1-8646-63c002658be0,478
7bbcec0a-4505-42f1-8646-63c002658be0,ccd57deb-3c95-4bc2-8ad0-c32aba47f408,479
ccd57deb-3c95-4bc2-8ad0-c32aba47f408,ff54f935-cbd2-4ad3-944c-22a1fa742747,480
ff54f935-cbd2-4ad3-944c-22a1fa742747,9b59890e-d056-4aaf-9916-7e0b3796c8dd,481
9b59890e-d056-4aaf-9916-7e0b3796c8dd,05b03cd9-6bcb-4937-be4f-9d23a95d48c4,482
05b03cd9-6bcb-4937-be4f-9d23a95d48c4,5fac8961-532b-4e87-ad65-fa4fac0b57b2,483
5fac8961-532b-4e87-ad65-fa4fac0b57b2,b1b417f4-82cf-4fd5-8a56-bb8bff2c2791,484
b1b417f4-82cf-4fd5-8a56-bb8bff2c2791,74abaf76-cfb8-4936-8b88-d7b46035e11d,485
74abaf76-cfb8-4936-8b88-d7b46035e11d,0a07aa5c-d599-4432-9974-b16dd590d0ec,486
0a07aa5c-d599-4432-9974-b16dd590d0ec,80f10b55-579f-4ba4-845c-81a4a2561a6c,487
80f10b55-579f-4ba4-845c-81a4a2561a6c,c37d08ce-6ba8-4f05-956d-fd986ab928d0,488
c37d08ce-6ba8-4f05-956d-fd986ab928d0,7e29490b-ea2f-4030-be9a-003fc875e1eb,489
7e29490b-ea2f-4030-be9a-003fc875e1eb,663f145f-1791-4dbe-a777-dfe94ac7fc1b,490
663f145f-1791-4dbe-a777-dfe94ac7fc1b,835872a4-38f1-434d-80dc-c26297012883,491
835872a4-38f1-434d-80dc-c26297012883,75c1e929-5576-46fc-a443-146b7f693e5c,492
75c1e929-5576-46fc-a443-146b7f693e5c,3c67e18a-b577-47db-a286-cc44347892da,493
3c67e18a-b577-47db-a286-cc44347892da,e1fa1a65-9781-403f-a4dd-d73446da0e43,494
e1fa1a65-9781-403f-a4dd-d73446da0e43,4bb2b9b8-da6f-4931-a90c-ed84db253531,495
4bb2b9b8-da6f-4931-a90c-ed84db253531,06f84c85-c9c9-42dc-8eb2-4839e568d44f,496
06f84c85-c9c9-42dc-8eb2-4839e568d44f,1b3f346a-fca5-470b-a0b4-8af37ab730d0,497
1b3f346a-fca5-470b-a0b4-8af37ab730d0,7f143745-c16f-44d8-b67e-daf773ff4c65,498
7f143745-c16f-44d8-b67e-daf773ff4c65,7bda393f-f66e-4ed7-80f5-c075663ca8c3,499
