first-list-item-uuid,bf49c057-0a84-4ebb-ac1e-0fdf876a4cfa,0
bf49c057-0a84-4ebb-ac1e-0fdf876a4cfa,3f47ce17-d2f6-43f4-b947-104f9df99b85,1
3f47ce17-d2f6-43f4-b947-104f9df99b85,86b2b0aa-9079-4c09-9571-40a6a927161c,2
86b2b0aa-9079-4c09-9571-40a6a927161c,6dc5a9fb-3f4f-4283-b48b-949117993bfa,3
6dc5a9fb-3f4f-4283-b48b-949117993bfa,6d865976-aab3-46af-9752-6d7e89549f66,4
6d865976-aab3-46af-9752-6d7e89549f66,70edad42-b24a-41f8-a223-b66478ab9cea,5
70edad42-b24a-41f8-a223-b66478ab9cea,d73d4659-4501-4f69-802f-fda4e8774050,6
d73d4659-4501-4f69-802f-fda4e8774050,334f0d36-3fa1-4777-8a2b-c230a7d20bb8,7
334f0d36-3fa1-4777-8a2b-c230a7d20bb8,f33a2c90-be08-4e4e-a2c9-3fa38f115676,8
f33a2c90-be08-4e4e-a2c9-3fa38f115676,444f799b-2929-4e34-ac11-40593988473d,9
444f799b-2929-4e34-ac11-40593988473d,08422784-aa86-4bc7-a3a4-801cb6deb64c,10
08422784-aa86-4bc7-a3a4-801cb6deb64c,c347a1bb-8be0-4b8c-97b1-6cd91632ac6d,11
c347a1bb-8be0-4b8c-97b1-6cd91632ac6d,a8cd6a41-e17d-4dea-8641-92146532be48,12
a8cd6a41-e17d-4dea-8641-92146532be48,072b387d-dcf8-4bc3-8a9d-dee518f41414,13
072b387d-dcf8-4bc3-8a9d-dee518f41414,61d526f4-c1f5-40fc-bbd8-0d21d4274577,14
61d526f4-c1f5-40fc-bbd8-0d21d4274577,34e96086-c2af-490d-bdb7-49125875b6cc,15
34e96086-c2af-490d-bdb7-49125875b6cc,bf59ad2e-ff0f-48a5-ab61-26f5d6563b7a,16
bf59ad2e-ff0f-48a5-ab61-26f5d6563b7a,e6002e78-cee7-459e-9ad9-4cda643be53a,17
e6002e78-cee7-459e-9ad9-4cda643be53a,961dcc90-f5e8-46e0-8878-b6fa20989bfa,18
961dcc90-f5e8-46e0-8878-b6fa20989bfa,4663a26e-30dd-41f9-8ca0-1a525be6c843,19
4663a26e-30dd-41f9-8ca0-1a525be6c843,5db0e048-4426-4b40-8b0b-98d445cc2f7d,20
5db0e048-4426-4b40-8b0b-98d445cc2f7d,00867fe3-8f19-4661-a305-ec626146dcd0,21
00867fe3-8f19-4661-a305-ec626146dcd0,894460c0-849e-47ff-b3ab-1e4f5f1031fe,22
894460c0-849e-47ff-b3ab-1e4f5f1031fe,da28fe90-edf3-48a5-a184-7c5fededf78d,23
da28fe90-edf3-48a5-a184-7c5fededf78d,b54262fa-fff5-4397-9a4b-4fdef3864978,24
b54262fa-fff5-4397-9a4b-4fdef3864978,0dbdec31-422c-40e7-b60f-1f45eaba9663,25
0dbdec31-422c-40e7-b60f-1f45eaba9663,13537a30-7fb3-4da7-ac4a-ecc2a32b5ccf,26
13537a30-7fb3-4da7-ac4a-ecc2a32b5ccf,7695dda2-662d-46d2-a615-fcd12337213a,27
7695dda2-662d-46d2-a615-fcd12337213a,5b0fa0c6-4182-4b87-b59e-d6e9237469dc,28
5b0fa0c6-4182-4b87-b59e-d6e9237469dc,3885cbd8-223e-498e-9f7b-de5574f1a22e,29
3885cbd8-223e-498e-9f7b-de5574f1a22e,6e8b768e-46f4-459b-968c-66e4899ab8a9,30
6e8b768e-46f4-459b-968c-66e4899ab8a9,86b510c7-4dc0-48c8-8ad1-3846bb046571,31
86b510c7-4dc0-48c8-8ad1-3846bb046571,94b24654-557f-45af-8094-aae62da6353e,32
94b24654-557f-45af-8094-aae62da6353e,7ca8a9c1-c27e-43eb-802e-b078d07af625,33
7ca8a9c1-c27e-43eb-802e-b078d07af625,3c8610f1-b42f-48b3-9c51-9f404fbb5450,34
3c8610f1-b42f-48b3-9c51-9f404fbb5450,5339e29d-8451-4062-907b-94bfaa86afa4,35
5339e29d-8451-4062-907b-94bfaa86afa4,3af7a728-b1c4-456f-854c-face4006b0d8,36
3af7a728-b1c4-456f-854c-face4006b0d8,4d3d25c9-ff36-483d-b357-39cf77d72b2d,37
4d3d25c9-ff36-483d-b357-39cf77d72b2d,5b7123c3-9dcf-4ea0-8d2d-4aae54efc47f,38
5b7123c3-9dcf-4ea0-8d2d-4aae54efc47f,2d728f9b-9889-4dc1-bcdc-e63cb3a9c296,39
2d728f9b-9889-4dc1-bcdc-e63cb3a9c296,53ef315d-8832-41d5-a7b1-ca36db1127a5,40
53ef315d-8832-41d5-a7b1-ca36db1127a5,fde13940-f9d2-413c-a5b3-b62f7b344e41,41
fde13940-f9d2-413c-a5b3-b62f7b344e41,d08d38d3-563e-4e32-80b0-ddffad1d6889,42
d08d38d3-563e-4e32-80b0-ddffad1d6889,ace86406-a58e-4bbb-88ba-b9dcd82bbc9d,43
ace86406-a58e-4bbb-88ba-b9dcd82bbc9d,15e0b1c5-26d1-46b4-86da-b0ae239ac2c6,44
15e0b1c5-26d1-46b4-86da-b0ae239ac2c6,cea831d9-d32f-427e-b3e3-894371a2b992,45
cea831d9-d32f-427e-b3e3-894371a2b992,7d3745bc-82cd-44c2-a65d-48e7994d9091,46
7d3745bc-82cd-44c2-a65d-48e7994d9091,36fb1194-422f-4c91-927d-fbb3f1a74212,47
36fb1194-422f-4c91-927d-fbb3f1a74212,5538aeba-0d64-4fba-b213-b932cf5f4e33,48
5538aeba-0d64-4fba-b213-b932cf5f4e33,5cd31495-34c5-4c88-988f-e0be2bf32632,49
5cd31495-34c5-4c88-988f-e0be2bf32632,43176dae-ff8a-4eda-86e4-710261037750,50
43176dae-ff8a-4eda-86e4-710261037750,6d24871c-91a4-4a1f-bf8e-ef43d50e5bd6,51
6d24871c-91a4-4a1f-bf8e-ef43d50e5bd6,24a19b07-7386-4c6e-8e11-1d763a060afa,52
24a19b07-7386-4c6e-8e11-1d763a060afa,61fadfe3-cf06-45f7-99bd-991819519093,53
61fadfe3-cf06-45f7-99bd-991819519093,59eff55c-93ec-41cc-ab30-695af17d7d4a,54
59eff55c-93ec-41cc-ab30-695af17d7d4a,e9d87d6a-a400-4a38-b6aa-ccd7794e2fa3,55
e9d87d6a-a400-4a38-b6aa-ccd7794e2fa3,dd7a82f9-b8fb-4ab7-ac96-9a14d00e9c1e,56
dd7a82f9-b8fb-4ab7-ac96-9a14d00e9c1e,ba113db0-d4c8-4601-b355-4e20499d9b96,57
ba113db0-d4c8-4601-b355-4e20499d9b96,a7caf183-8970-4d8c-aa4c-333839163cfb,58
a7caf183-8970-4d8c-aa4c-333839163cfb,ee3a7dc7-f71c-40e7-97bf-2b8d9004e224,59
ee3a7dc7-f71c-40e7-97bf-2b8d9004e224,3391fb7c-cd21-4777-8348-06a4f254b257,60
3391fb7c-cd21-4777-8348-06a4f254b257,fe874009-d47d-47c7-ac8e-5b5e3591d950,61
fe874009-d47d-47c7-ac8e-5b5e3591d950,98ee5975-f7c9-4cf3-a3c6-d838682c2bc6,62
98ee5975-f7c9-4cf3-a3c6-d838682c2bc6,f1ddc522-b34d-48e2-9e21-2814b8ca4b5f,63
f1ddc522-b34d-48e2-9e21-2814b8ca4b5f,6fc87d3c-2e81-479a-86ff-5b61ce349433,64
6fc87d3c-2e81-479a-86ff-5b61ce349433,810be961-13d4-425f-8a40-32df11fd448c,65
810be961-13d4-425f-8a40-32df11fd448c,244b1555-4729-4fa2-bfe5-bc2c7eb42d16,66
244b1555-4729-4fa2-bfe5-bc2c7eb42d16,c28ce5e9-e277-41d0-bb05-ab3a0a1c90c7,67
c28ce5e9-e277-41d0-bb05-ab3a0a1c90c7,0663049c-3011-43f5-a7ce-80aed3a5048d,68
0663049c-3011-43f5-a7ce-80aed3a5048d,7ef14614-2c8a-449e-99bd-eead30c63718,69
7ef14614-2c8a-449e-99bd-eead30c63718,78ec5ccc-1992-4a95-b42d-88e573c85723,70
78ec5ccc-1992-4a95-b42d-88e573c85723,7af85bbd-ff0a-4ea8-bd41-2b240106c829,71
7af85bbd-ff0a-4ea8-bd41-2b240106c829,cf4f9a15-2296-4913-b274-ddd7d34baf16,72
cf4f9a15-2296-4913-b274-ddd7d34baf16,b1171b61-c28e-4acf-a86d-8cca5f786ab1,73
b1171b61-c28e-4acf-a86d-8cca5f786ab1,95d524f6-dc8a-42f2-a952-8160e791ba0c,74
95d524f6-dc8a-42f2-a952-8160e791ba0c,1a445207-bce3-4db0-9730-bcad235f6db1,75
1a445207-bce3-4db0-9730-bcad235f6db1,c19fa7b6-8b96-4075-9bc9-5b66efad087f,76
c19fa7b6-8b96-4075-9bc9-5b66efad087f,5659d5af-ba0e-4a6b-9c7c-6bb0efb1ad71,77
5659d5af-ba0e-4a6b-9c7c-6bb0efb1ad71,006d8549-b034-4e6a-91d0-39afb00343e1,78
006d8549-b034-4e6a-91d0-39afb00343e1,383e3d94-7e55-47b2-a690-5200bf46df83,79
383e3d94-7e55-47b2-a690-5200bf46df83,0a3ffa16-1bcd-4df9-8147-b8cb5e37ce51,80
0a3ffa16-1bcd-4df9-8147-b8cb5e37ce51,b18fb40c-cef5-473e-859c-c297eacbc625,81
b18fb40c-cef5-473e-859c-c297eacbc625,a40f2e22-4e53-46d4-a3d1-a3612836dd3e,82
a40f2e22-4e53-46d4-a3d1-a3612836dd3e,359e5c03-739b-40ad-8abc-0fac3f432913,83
359e5c03-739b-40ad-8abc-0fac3f432913,ffcf3b2a-6f4e-4793-a17a-3e4364bce339,84
ffcf3b2a-6f4e-4793-a17a-3e4364bce339,be6e883d-025d-40d6-9d8e-2289c0a914bd,85
be6e883d-025d-40d6-9d8e-2289c0a914bd,13a22e07-f3e5-4dae-9075-e940fb41b7fb,86
13a22e07-f3e5-4dae-9075-e940fb41b7fb,2f58b305-63c8-4a93-ac69-ca3102944f53,87
2f58b305-63c8-4a93-ac69-ca3102944f53,6574bc00-09d1-4e5f-8759-d529ab0dbeac,88
6574bc00-09d1-4e5f-8759-d529ab0dbeac,5bc22ddc-1375-4ba5-9f85-bce35594052c,89
5bc22ddc-1375-4ba5-9f85-bce35594052c,f7cd6f98-91c3-4853-8f25-e2529560fac6,90
f7cd6f98-91c3-4853-8f25-e2529560fac6,92dcb0ae-6f90-4056-bfaf-48dcfb8173cd,91
92dcb0ae-6f90-4056-bfaf-48dcfb8173cd,e949ddb1-fef3-4ba5-bbf9-58adf89eba73,92
e949ddb1-fef3-4ba5-bbf9-58adf89eba73,0d35a947-1a0f-4144-b14c-02d25087dda9,93
0d35a947-1a0f-4144-b14c-02d25087dda9,77846ca3-f6ad-4594-bc7c-fab71540d025,94
77846ca3-f6ad-4594-bc7c-fab71540d025,72abb5a5-d75a-4a15-ac1f-8110c2a6521e,95
72abb5a5-d75a-4a15-ac1f-8110c2a6521e,3accb30c-6d29-4011-a0c8-c0cdb76d9c1d,96
3accb30c-6d29-4011-a0c8-c0cdb76d9c1d,62b498e7-5f46-4c81-98a0-dd7ca9ba4a6c,97
62b498e7-5f46-4c81-98a0-dd7ca9ba4a6c,1db14e61-b7f9-4737-8751-57f818221798,98
1db14e61-b7f9-4737-8751-57f818221798,d6dbae83-f754-4e44-b060-f69c9c3bc4e5,99
d6dbae83-f754-4e44-b060-f69c9c3bc4e5,640eeb16-25af-4cee-be27-a2be3f64eb2c,100
640eeb16-25af-4cee-be27-a2be3f64eb2c,de2a2b56-653f-4f2c-bcfa-8bda823fec9a,101
de2a2b56-653f-4f2c-bcfa-8bda823fec9a,298d23f0-74b9-4848-9173-076ec79f5ff5,102
298d23f0-74b9-4848-9173-076ec79f5ff5,128f6900-88df-4c15-a231-2987db9be5bf,103
128f6900-88df-4c15-a231-2987db9be5bf,c21730ab-b013-479f-86c3-327697284a00,104
c21730ab-b013-479f-86c3-327697284a00,98227a92-b41d-4ec3-8826-4423b74afad0,105
98227a92-b41d-4ec3-8826-4423b74afad0,d4f72a51-42a0-449b-a83e-3c45c3bc0c83,106
d4f72a51-42a0-449b-a83e-3c45c3bc0c83,67c34507-b7dd-46a7-aad6-1be8c7f88fe3,107
67c34507-b7dd-46a7-aad6-1be8c7f88fe3,9a45266a-dae1-425e-9473-37cfa8b8369b,108
9a45266a-dae1-425e-9473-37cfa8b8369b,625f412e-313d-47a6-a059-34d75d51b90b,109
625f412e-313d-47a6-a059-34d75d51b90b,c62bc0b0-db99-4655-a752-237829bbb4bb,110
c62bc0b0-db99-4655-a752-237829bbb4bb,2999f249-aa74-4178-8ca4-058ffb827c34,111
2999f249-aa74-4178-8ca4-058ffb827c34,08b28c55-8dfd-464f-a9f0-46e9fe7993ea,112
08b28c55-8dfd-464f-a9f0-46e9fe7993ea,fbe85266-6cca-40de-bdb6-942eddd8043d,113
fbe85266-6cca-40de-bdb6-942eddd8043d,42a7b9c0-cbd7-4786-80fe-0beebdaaf0e0,114
42a7b9c0-cbd7-4786-80fe-0beebdaaf0e0,e7ecd9d2-14e8-4000-9cc6-3d64eaf1bc73,115
e7ecd9d2-14e8-4000-9cc6-3d64eaf1bc73,7a0ba40a-6918-4145-8231-9b766303d0da,116
7a0ba40a-6918-4145-8231-9b766303d0da,cad03756-cf6c-463f-b79c-fdcc21a70fd3,117
cad03756-cf6c-463f-b79c-fdcc21a70fd3,f60c19d6-f0ee-4c80-9dc7-62493dc66cdb,118
f60c19d6-f0ee-4c80-9dc7-62493dc66cdb,7de4396e-aa67-4451-bc1f-720bc76b8c70,119
7de4396e-aa67-4451-bc1f-720bc76b8c70,7e20f19d-4d04-4376-bb6a-f6958bf74a08,120
7e20f19d-4d04-4376-bb6a-f6958bf74a08,d0e731fc-026b-43d0-8015-97269bae4e20,121
d0e731fc-026b-43d0-8015-97269bae4e20,5d0ed695-65c2-4ceb-a9e8-32273210c7d2,122
5d0ed695-65c2-4ceb-a9e8-32273210c7d2,765cd6a5-b3a6-4e02-9282-cda5a455f3a5,123
765cd6a5-b3a6-4e02-9282-cda5a455f3a5,217e6e2e-0ca0-4423-8750-36268b3e4e86,124
217e6e2e-0ca0-4423-8750-36268b3e4e86,49601347-d3b3-4ec1-9280-dce662f5a0b0,125
49601347-d3b3-4ec1-9280-dce662f5a0b0,7f958a51-f33b-4240-9f1f-e41739d46512,126
7f958a51-f33b-4240-9f1f-e41739d46512,60606be0-55da-4602-a3d0-d3fdb0821a71,127
60606be0-55da-4602-a3d0-d3fdb0821a71,9680d3ac-c29b-4177-bed0-d8dc444e1021,128
9680d3ac-c29b-4177-bed0-d8dc444e1021,fbc23a34-4e9e-426f-8273-b20371189758,129
fbc23a34-4e9e-426f-8273-b20371189758,f3456726-a384-4202-b41b-1e9c1a790ec7,130
f3456726-a384-4202-b41b-1e9c1a790ec7,7e97e4c5-fa36-423e-b36b-568aaef2454f,131
7e97e4c5-fa36-423e-b36b-568aaef2454f,a6743165-0e3c-452c-ae1f-8cc18c1f82ab,132
a6743165-0e3c-452c-ae1f-8cc18c1f82ab,dc64e8f6-1d55-4275-89b4-a5a208b15503,133
dc64e8f6-1d55-4275-89b4-a5a208b15503,ed5a8442-14cf-4d35-9d38-315247deb875,134
ed5a8442-14cf-4d35-9d38-315247deb875,88ffc192-f0e4-4b3b-b511-0b09aeb56fd1,135
88ffc192-f0e4-4b3b-b511-0b09aeb56fd1,5a1b6c67-0882-49c9-9971-d096e255cfeb,136
5a1b6c67-0882-49c9-9971-d096e255cfeb,7bb622b0-01f1-4480-8ba2-550fb26b62db,137
7bb622b0-01f1-4480-8ba2-550fb26b62db,19d4144f-395c-4ea7-926f-a90c0725d6a7,138
19d4144f-395c-4ea7-926f-a90c0725d6a7,be2b84ae-4bc6-4d5a-87c7-386be5a31200,139
be2b84ae-4bc6-4d5a-87c7-386be5a31200,f705f161-22f7-42ea-8ee3-0bd033850ea4,140
f705f161-22f7-42ea-8ee3-0bd033850ea4,99ae7883-af5a-4573-a408-49cbcb4445ed,141
99ae7883-af5a-4573-a408-49cbcb4445ed,cd6244ed-d458-480d-951f-4b5f91a1cfc7,142
cd6244ed-d458-480d-951f-4b5f91a1cfc7,c4be7187-169c-4215-ab63-79d483798e7e,143
c4be7187-169c-4215-ab63-79d483798e7e,6d6cbbf9-c3ff-4a4c-addf-ff00e90c75b9,144
6d6cbbf9-c3ff-4a4c-addf-ff00e90c75b9,59c06f23-5c31-44da-9f5f-8e62be2128e5,145
59c06f23-5c31-44da-9f5f-8e62be2128e5,4b49433f-ae41-4cb3-93a2-e4e9bb51a1f7,146
4b49433f-ae41-4cb3-93a2-e4e9bb51a1f7,15240433-95ed-47c0-a736-a6613f3d3ec7,147
15240433-95ed-47c0-a736-a6613f3d3ec7,fcbeb10c-2bcb-4912-b987-8df94aa1dc39,148
fcbeb10c-2bcb-4912-b987-8df94aa1dc39,4584695a-3669-4f52-b87e-a5c3457ba49d,149
4584695a-3669-4f52-b87e-a5c3457ba49d,9a1fa1d7-bcf3-46d1-bfc7-32139df5c4d5,150
9a1fa1d7-bcf3-46d1-bfc7-32139df5c4d5,29b81dfa-28f2-4d7c-80a1-004871cab5c2,151
29b81dfa-28f2-4d7c-80a1-004871cab5c2,bc63aa36-7eb0-4bc8-9f61-70d31d6b961b,152
bc63aa36-7eb0-4bc8-9f61-70d31d6b961b,8c05714d-e1c5-4186-9772-8d52c3247de0,153
8c05714d-e1c5-4186-9772-8d52c3247de0,c4f3dfb4-40c4-4b57-b56a-045638c1f8fd,154
c4f3dfb4-40c4-4b57-b56a-045638c1f8fd,81b78463-275b-4172-8233-645f9a88f1a2,155
81b78463-275b-4172-8233-645f9a88f1a2,7cfb0369-17f7-4155-bd4b-b9b8afe47998,156
7cfb0369-17f7-4155-bd4b-b9b8afe47998,db4162e8-8587-4e59-8cbc-cb4fdd827a72,157
db4162e8-8587-4e59-8cbc-cb4fdd827a72,4d06013d-f385-4361-9013-d9e86f2b548a,158
4d06013d-f385-4361-9013-d9e86f2b548a,84f07ea1-d31c-441a-bc20-48e67b452b18,159
84f07ea1-d31c-441a-bc20-48e67b452b18,ac602a69-7d4e-4dcd-a592-c868a5d548b6,160
ac602a69-7d4e-4dcd-a592-c868a5d548b6,3aadcdc6-3bc4-47bb-9984-d1d97ab0f1e0,161
3aadcdc6-3bc4-47bb-9984-d1d97ab0f1e0,e7223379-d1e3-4441-9be3-12a3bb20808d,162
e7223379-d1e3-4441-9be3-12a3bb20808d,c10edd66-6bf5-4297-b8cb-16827127cd5b,163
c10edd66-6bf5-4297-b8cb-16827127cd5b,c40c14b8-744f-4d41-a8c5-16ad674cb5ae,164
c40c14b8-744f-4d41-a8c5-16ad674cb5ae,737d9e3c-41dd-44da-bb7b-7f4be1eb51ef,165
737d9e3c-41dd-44da-bb7b-7f4be1eb51ef,54e81b23-2e23-4090-aceb-b0f4fc0633f5,166
54e81b23-2e23-4090-aceb-b0f4fc0633f5,2e9986d4-3b7f-46fc-b530-562a75f7f040,167
2e9986d4-3b7f-46fc-b530-562a75f7f040,cbe5c4dc-1c37-4672-b3ec-9b9d02ec17f4,168
cbe5c4dc-1c37-4672-b3ec-9b9d02ec17f4,cb8f2aa0-0115-4124-be31-ad6c5d3f9bca,169
cb8f2aa0-0115-4124-be31-ad6c5d3f9bca,0a6ac107-4910-4a2c-a7ec-188be5149c3c,170
0a6ac107-4910-4a2c-a7ec-188be5149c3c,8f12fab4-4ad3-4577-85c2-c8c4dbb43244,171
8f12fab4-4ad3-4577-85c2-c8c4dbb43244,ab8cd64c-b58c-4252-a7dc-90cc4a7a46cf,172
ab8cd64c-b58c-4252-a7dc-90cc4a7a46cf,976f372b-0f5f-4723-9093-48dfad49f622,173
976f372b-0f5f-4723-9093-48dfad49f622,cd1efcf8-56a1-4aa3-ab1d-dd8bc5182d47,174
cd1efcf8-56a1-4aa3-ab1d-dd8bc5182d47,091757cf-6c2d-4e81-9237-deb75c389c45,175
091757cf-6c2d-4e81-9237-deb75c389c45,454a8932-3864-4d6d-9360-6e84bb1c171c,176
454a8932-3864-4d6d-9360-6e84bb1c171c,12d77e98-0bdf-47c0-aebf-f505a06f1d4b,177
12d77e98-0bdf-47c0-aebf-f505a06f1d4b,dd6737aa-582f-485c-b899-b3156c3d0f59,178
dd6737aa-582f-485c-b899-b3156c3d0f59,081ca85e-ba2a-4250-b3a2-42f3f2547bdb,179
081ca85e-ba2a-4250-b3a2-42f3f2547bdb,c25e0ef1-8e79-460a-800b-4f1afe8ac4d7,180
c25e0ef1-8e79-460a-800b-4f1afe8ac4d7,cd728e3d-e919-422b-82a3-8467f2254a1c,181
cd728e3d-e919-422b-82a3-8467f2254a1c,83ed35e5-26ca-4bf3-8e8c-78ebdb8f1acd,182
83ed35e5-26ca-4bf3-8e8c-78ebdb8f1acd,7a974c33-d615-4e7e-b3e4-fe3b7cd87d5a,183
7a974c33-d615-4e7e-b3e4-fe3b7cd87d5a,d1f71d34-8516-4c8a-96bb-e7a7c3d0aa8b,184
d1f71d34-8516-4c8a-96bb-e7a7c3d0aa8b,146bd91b-6846-45ec-8de6-a3d8c200b6f6,185
146bd91b-6846-45ec-8de6-a3d8c200b6f6,c8d64cb5-0205-4c3d-8cb7-546d5f4c1394,186
c8d64cb5-0205-4c3d-8cb7-546d5f4c1394,8df1b16a-e910-4723-807f-a08624e071df,187
8df1b16a-e910-4723-807f-a08624e071df,108ee4be-4c55-4600-b907-a206be6b8b3b,188
108ee4be-4c55-4600-b907-a206be6b8b3b,a7e7e434-90d2-4180-8cbd-b02e2f595242,189
a7e7e434-90d2-4180-8cbd-b02e2f595242,aab5a3fb-c9ae-46d5-8199-09a3cdd6462f,190
aab5a3fb-c9ae-46d5-8199-09a3cdd6462f,625009f6-ff1d-4295-a6c8-431f8830d86b,191
625009f6-ff1d-4295-a6c8-431f8830d86b,15183316-3aaf-4144-a270-4fcac845b1dd,192
15183316-3aaf-4144-a270-4fcac845b1dd,0890dcb0-5140-4e2c-a5a8-0a0d9841825b,193
0890dcb0-5140-4e2c-a5a8-0a0d9841825b,dd5610c4-e531-433d-9b7e-1b2f0abdd795,194
dd5610c4-e531-433d-9b7e-1b2f0abdd795,8a4ba7ae-5b6d-490c-a8b1-28f4e3cdf412,195
8a4ba7ae-5b6d-490c-a8b1-28f4e3cdf412,d0d7a70b-903a-4257-8f03-9b3fc23a2f6a,196
d0d7a70b-903a-4257-8f03-9b3fc23a2f6a,6a132f57-abe9-45ba-919b-dd9f6d307a66,197
6a132f57-abe9-45ba-919b-dd9f6d307a66,af6e3022-233b-4a39-bfba-60daeaed34a6,198
af6e3022-233b-4a39-bfba-60daeaed34a6,569411e1-f867-4b2a-b367-e5af9e12668e,199
569411e1-f867-4b2a-b367-e5af9e12668e,50dc8925-cce7-43ac-a287-4b948b51d6fe,200
50dc8925-cce7-43ac-a287-4b948b51d6fe,a6e4e51f-f9ff-48b6-93fa-98bb1e1edf59,201
a6e4e51f-f9ff-48b6-93fa-98bb1e1edf59,bbbe79db-1f50-40dd-b426-c805c8c2db50,202
bbbe79db-1f50-40dd-b426-c805c8c2db50,55741220-c3b8-4a01-8ec0-3718dfe3087e,203
55741220-c3b8-4a01-8ec0-3718dfe3087e,df39db38-b8a9-40ea-b79c-b00a0e06c127,204
df39db38-b8a9-40ea-b79c-b00a0e06c127,d8a5c8b1-2a15-47ac-8f2e-a67247941909,205
d8a5c8b1-2a15-47ac-8f2e-a67247941909,e80726e0-9366-420e-9da0-2c1d7f71fe75,206
e80726e0-9366-420e-9da0-2c1d7f71fe75,bdb6e1b6-45a4-4ead-8b8b-0cf0ed362845,207
bdb6e1b6-45a4-4ead-8b8b-0cf0ed362845,5eae94d3-faf2-4845-ba6c-c2252832e5bb,208
5eae94d3-faf2-4845-ba6c-c2252832e5bb,36c650a3-1edc-4fbf-8825-3e911cfc777d,209
36c650a3-1edc-4fbf-8825-3e911cfc777d,7d9721a7-f7c4-401d-9e7b-f575afb6f4b9,210
7d9721a7-f7c4-401d-9e7b-f575afb6f4b9,9c537daa-20ed-4626-b1dd-a698671b356a,211
9c537daa-20ed-4626-b1dd-a698671b356a,83f012c2-587c-4555-9b86-8fc11fb0544c,212
83f012c2-587c-4555-9b86-8fc11fb0544c,ba2e5bf6-88f4-4823-aed1-c06a2e8f91b0,213
ba2e5bf6-88f4-4823-aed1-c06a2e8f91b0,1a65f90a-640a-49e0-bd63-000d8164ec69,214
1a65f90a-640a-49e0-bd63-000d8164ec69,66bf4b08-2bf3-4066-87dd-be949585e70e,215
66bf4b08-2bf3-4066-87dd-be949585e70e,05792594-b266-4907-9dbf-063a8e877cd9,216
05792594-b266-4907-9dbf-063a8e877cd9,f8bce9cf-0884-4a77-8cbc-2b895dcf978d,217
f8bce9cf-0884-4a77-8cbc-2b895dcf978d,16b74f9b-646c-40e3-968a-69e453932049,218
16b74f9b-646c-40e3-968a-69e453932049,0887b13e-0472-4c1a-975d-184f97332ba0,219
0887b13e-0472-4c1a-975d-184f97332ba0,e3177dce-89e8-43e3-82fa-cdd78e6b6adb,220
e3177dce-89e8-43e3-82fa-cdd78e6b6adb,6e680953-9605-4e5a-bd7b-548526adcaea,221
6e680953-9605-4e5a-bd7b-548526adcaea,cdb9d498-4845-4829-a8f4-c46a3aa0675a,222
cdb9d498-4845-4829-a8f4-c46a3aa0675a,72dacd7a-92db-4749-905d-465e8294959e,223
72dacd7a-92db-4749-905d-465e8294959e,62af49fd-562f-4298-8125-829dc2b0291e,224
62af49fd-562f-4298-8125-829dc2b0291e,38acd5d6-18ef-4582-9acd-8578c487f574,225
38acd5d6-18ef-4582-9acd-8578c487f574,61c1f570-820f-45a7-b15c-6e22c0595d64,226
61c1f570-820f-45a7-b15c-6e22c0595d64,102220b4-f14e-4d64-8194-cc3509e6bae8,227
102220b4-f14e-4d64-8194-cc3509e6bae8,81b66b97-51c7-469e-ab10-21f99ae3f783,228
81b66b97-51c7-469e-ab10-21f99ae3f783,66476474-8e4a-40b8-ab1f-18ded72bafa8,229
66476474-8e4a-40b8-ab1f-18ded72bafa8,9f873cf9-5a70-4095-9fc9-25ed8c1c3824,230
9f873cf9-5a70-4095-9fc9-25ed8c1c3824,ca0e1e25-f770-4190-a055-58812b29fa0b,231
ca0e1e25-f770-4190-a055-58812b29fa0b,9aed7f05-f47a-4ab8-a545-9ba603493528,232
9aed7f05-f47a-4ab8-a545-9ba603493528,f6360a68-c1f4-433a-a02d-ccc8840cefc1,233
f6360a68-c1f4-433a-a02d-ccc8840cefc1,393829f3-6881-4081-9247-6e9cc52ece82,234
393829f3-6881-4081-9247-6e9cc52ece82,ab147246-491d-4442-b059-c30639dd99e5,235
ab147246-491d-4442-b059-c30639dd99e5,64b3163b-6756-4e40-8122-c11f6bb206a8,236
64b3163b-6756-4e40-8122-c11f6bb206a8,7030cd68-87d0-445c-8fac-f2bce252ff24,237
7030cd68-87d0-445c-8fac-f2bce252ff24,62d65c61-d1fa-4517-8cdc-4bb7529a5392,238
62d65c61-d1fa-4517-8cdc-4bb7529a5392,16202600-6fe8-4b75-8b7a-beb726f77a1f,239
16202600-6fe8-4b75-8b7a-beb726f77a1f,7299ffae-84ce-4d46-b04e-8fda8624fd73,240
7299ffae-84ce-4d46-b04e-8fda8624fd73,10bd9cc9-2474-482f-b675-d6f93a3d4e2c,241
10bd9cc9-2474-482f-b675-d6f93a3d4e2c,5a34af2b-96dc-4132-8dd2-085251bd46da,242
5a34af2b-96dc-4132-8dd2-085251bd46da,f688369f-8d43-467b-a1b0-5fa19b3bcda3,243
f688369f-8d43-467b-a1b0-5fa19b3bcda3,c6d3ce0e-bc18-461b-84f0-500f5383b3a0,244
c6d3ce0e-bc18-461b-84f0-500f5383b3a0,afebe550-8aba-4eb4-bda3-ff6e56acfb6b,245
afebe550-8aba-4eb4-bda3-ff6e56acfb6b,9e8eb6e6-6820-4ee1-b1bf-43c59f747a09,246
9e8eb6e6-6820-4ee1-b1bf-43c59f747a09,8f0ee31e-cf06-4df5-a7cf-e5ffa180ce6d,247
8f0ee31e-cf06-4df5-a7cf-e5ffa180ce6d,5aa21c34-e091-47f0-b897-c242eafb044e,248
5aa21c34-e091-47f0-b897-c242eafb044e,61259d14-716d-4d7a-a8c7-b52d1d8ff6f2,249
61259d14-716d-4d7a-a8c7-b52d1d8ff6f2,290bece2-0359-447c-bc22-4e9cf606e39b,250
290bece2-0359-447c-bc22-4e9cf606e39b,94e75a57-7d0e-4b73-b078-5011ccf45d14,251
94e75a57-7d0e-4b73-b078-5011ccf45d14,a5aa3cb8-9550-4a28-b0b8-e5cb33f723d3,252
a5aa3cb8-9550-4a28-b0b8-e5cb33f723d3,100c50bf-7e47-4bbd-b9ff-e3eff6bce93d,253
100c50bf-7e47-4bbd-b9ff-e3eff6bce93d,58cb7ab3-1a57-4a21-a2e3-9d43ef92dabf,254
58cb7ab3-1a57-4a21-a2e3-9d43ef92dabf,0758a057-352e-4bd0-8001-21c7d53362d1,255
0758a057-352e-4bd0-8001-21c7d53362d1,41769551-7247-4d78-9ea1-78ff385d35ee,256
41769551-7247-4d78-9ea1-78ff385d35ee,19ed86b8-717b-44f3-9cf3-1c58659bbdc0,257
19ed86b8-717b-44f3-9cf3-1c58659bbdc0,e2672d0d-3310-4b69-8924-0d327e688465,258
e2672d0d-3310-4b69-8924-0d327e688465,93f7162d-679c-4f39-b6fc-7b28434911d5,259
93f7162d-679c-4f39-b6fc-7b28434911d5,5878304d-3a07-41b3-8c42-6d5e1cadac10,260
5878304d-3a07-41b3-8c42-6d5e1cadac10,0789e227-18a0-43cd-82d5-6cf8612bf8f4,261
0789e227-18a0-43cd-82d5-6cf8612bf8f4,9a1a8811-aca1-48c2-a058-23e7321ae6de,262
9a1a8811-aca1-48c2-a058-23e7321ae6de,e7f00a9f-8629-461c-a73b-930dbbbecebd,263
e7f00a9f-8629-461c-a73b-930dbbbecebd,5cf6ab92-2b74-46ef-bdc5-cab0416f1440,264
5cf6ab92-2b74-46ef-bdc5-cab0416f1440,14f27b62-3891-45ae-bc5f-8ac68dabf72e,265
14f27b62-3891-45ae-bc5f-8ac68dabf72e,952f8623-5016-4550-bf09-e3b87343769a,266
952f8623-5016-4550-bf09-e3b87343769a,ee32fb04-9b12-493b-9668-85e2d8356f33,267
ee32fb04-9b12-493b-9668-85e2d8356f33,f54ea0f3-7e94-455d-aaa5-adff3de2460b,268
f54ea0f3-7e94-455d-aaa5-adff3de2460b,ee8f3727-4ae2-4637-84ad-38fe0ae662a6,269
ee8f3727-4ae2-4637-84ad-38fe0ae662a6,686f07e3-27e4-481b-a8f1-a0fa82f82181,270
686f07e3-27e4-481b-a8f1-a0fa82f82181,73843696-eaa2-45f1-b658-8775fc1d27dd,271
73843696-eaa2-45f1-b658-8775fc1d27dd,56f608f2-ab31-4b68-887d-94718fe91bc8,272
56f608f2-ab31-4b68-887d-94718fe91bc8,a8fc98ef-b726-47f0-a6fd-1cc44579a586,273
a8fc98ef-b726-47f0-a6fd-1cc44579a586,a8de276f-2749-4ca3-981c-8a15f7de5f5a,274
a8de276f-2749-4ca3-981c-8a15f7de5f5a,0862b543-4a06-4f72-95f4-78631745f888,275
0862b543-4a06-4f72-95f4-78631745f888,d2937798-bfc2-461b-b32a-343b4de6b949,276
d2937798-bfc2-461b-b32a-343b4de6b949,f1cfa6e8-4e0f-453f-a145-27cff18342e0,277
f1cfa6e8-4e0f-453f-a145-27cff18342e0,111b5c40-2680-42c8-ac31-c3514210b157,278
111b5c40-2680-42c8-ac31-c3514210b157,b796d14f-44b7-494b-ab93-bc702e5efd3b,279
b796d14f-44b7-494b-ab93-bc702e5efd3b,7a2c5b74-b0ca-48ed-bb99-d50c001c02e9,280
7a2c5b74-b0ca-48ed-bb99-d50c001c02e9,650e6a04-6bdf-4971-83dd-320b025584cf,281
650e6a04-6bdf-4971-83dd-320b025584cf,8b910bb2-2ce8-427f-a2bc-cab5dd62860d,282
8b910bb2-2ce8-427f-a2bc-cab5dd62860d,ee3f6974-a393-46d1-86c2-48592a354804,283
ee3f6974-a393-46d1-86c2-48592a354804,333405d0-7b33-4e34-a990-2a3d374d5c0f,284
333405d0-7b33-4e34-a990-2a3d374d5c0f,8ba61613-2d06-4845-8244-b55e858c70e7,285
8ba61613-2d06-4845-8244-b55e858c70e7,5c48b2b1-6d95-4036-a531-5f42bcf0e70e,286
5c48b2b1-6d95-4036-a531-5f42bcf0e70e,9205a83d-ea33-4056-abf4-35a2d8388b52,287
9205a83d-ea33-4056-abf4-35a2d8388b52,af22ffce-6d72-4c42-8616-f1d644ecd1dc,288
af22ffce-6d72-4c42-8616-f1d644ecd1dc,46d6226d-2a82-4463-bd94-099746e80043,289
46d6226d-2a82-4463-bd94-099746e80043,0e9c649a-3f91-4c7f-8843-124bf29c191f,290
0e9c649a-3f91-4c7f-8843-124bf29c191f,4d716ef8-2516-45ac-afa0-fc928e374b11,291
4d716ef8-2516-45ac-afa0-fc928e374b11,40f843b2-52c2-410a-a424-83eba99c33d2,292
40f843b2-52c2-410a-a424-83eba99c33d2,650cfd4b-8a1d-461c-b94f-e5ee0cea64d5,293
650cfd4b-8a1d-461c-b94f-e5ee0cea64d5,c540d0e5-1869-4051-9741-ff8cd4c5cdd3,294
c540d0e5-1869-4051-9741-ff8cd4c5cdd3,0415648c-33a4-42f4-9f54-fe5e24b58d65,295
0415648c-33a4-42f4-9f54-fe5e24b58d65,5b8ce3d9-c934-459d-a34e-981b089b9877,296
5b8ce3d9-c934-459d-a34e-981b089b9877,cfbf10de-11dd-4679-b072-2db8fa189032,297
cfbf10de-11dd-4679-b072-2db8fa189032,de274263-fccd-4986-8004-019528c2c782,298
de274263-fccd-4986-8004-019528c2c782,404259cc-77f8-4536-bde5-ff8a79dc705c,299
404259cc-77f8-4536-bde5-ff8a79dc705c,97a86833-960a-4c38-97c0-aa438c161428,300
97a86833-960a-4c38-97c0-aa438c161428,4b3ea111-264d-4f6e-8973-e72039a8df4a,301
4b3ea111-264d-4f6e-8973-e72039a8df4a,ef9c4441-ed12-4287-8e57-78e5925503eb,302
ef9c4441-ed12-4287-8e57-78e5925503eb,eb667518-8f2d-4394-ac85-166f824a67c4,303
eb667518-8f2d-4394-ac85-166f824a67c4,58c8df43-d73b-493f-8335-511bdb09bd67,304
58c8df43-d73b-493f-8335-511bdb09bd67,80f93797-bcc9-4bfc-aef7-8aaffc9a5852,305
80f93797-bcc9-4bfc-aef7-8aaffc9a5852,99045c40-6115-4557-9a2c-8ce03802af80,306
99045c40-6115-4557-9a2c-8ce03802af80,c1cda952-4019-4548-a8fa-3c4ff65ea9ad,307
c1cda952-4019-4548-a8fa-3c4ff65ea9ad,0c811f2a-e157-4cb1-82f3-0d6594cf0e40,308
0c811f2a-e157-4cb1-82f3-0d6594cf0e40,92cf70e1-59aa-4549-9479-752bb01dce46,309
92cf70e1-59aa-4549-9479-752bb01dce46,3d18b95b-ad81-4ea7-bf32-e2345aa4f883,310
3d18b95b-ad81-4ea7-bf32-e2345aa4f883,1a0f9870-0c85-47cf-bdee-59dbb0c9d16b,311
1a0f9870-0c85-47cf-bdee-59dbb0c9d16b,4470e6f5-0c3e-4df7-af37-17af5f29805c,312
4470e6f5-0c3e-4df7-af37-17af5f29805c,d956fe18-6dfe-4a04-bc3d-022e3b8226fb,313
d956fe18-6dfe-4a04-bc3d-022e3b8226fb,66a82ebd-f8da-4d88-ab17-ece75d586971,314
66a82ebd-f8da-4d88-ab17-ece75d586971,c2b5075b-d337-4b76-aae3-6fa178aa8aa0,315
c2b5075b-d337-4b76-aae3-6fa178aa8aa0,d494841b-e761-4f6a-b4b3-85b0fb70e3bd,316
d494841b-e761-4f6a-b4b3-85b0fb70e3bd,32834c68-3331-4863-be6e-4a4ea517beb0,317
32834c68-3331-4863-be6e-4a4ea517beb0,779d868b-f071-41fb-b96e-5b0fa02dcaf6,318
779d868b-f071-41fb-b96e-5b0fa02dcaf6,3e38a463-63b7-4f4d-b198-15acef524a91,319
3e38a463-63b7-4f4d-b198-15acef524a91,05ce8c0a-ce65-473a-8c82-8d504c3e1ae2,320
05ce8c0a-ce65-473a-8c82-8d504c3e1ae2,4b8442b7-872d-4b0b-901d-e90f85d2674a,321
4b8442b7-872d-4b0b-901d-e90f85d2674a,7bf9bb20-f95e-468c-905a-e885fb13664a,322
7bf9bb20-f95e-468c-905a-e885fb13664a,c94a2988-2bc5-4752-8064-4b60a44048dc,323
c94a2988-2bc5-4752-8064-4b60a44048dc,c82d7d5e-1a87-48c7-ac6c-e16ba9fecae9,324
c82d7d5e-1a87-48c7-ac6c-e16ba9fecae9,55a253e0-f8ee-407b-b058-3141d05c3160,325
55a253e0-f8ee-407b-b058-3141d05c3160,fdbc1290-2e13-4b2c-ba01-ae52b0831f9e,326
fdbc1290-2e13-4b2c-ba01-ae52b0831f9e,a93bce74-e979-4d42-802d-9eccdd885a5f,327
a93bce74-e979-4d42-802d-9eccdd885a5f,093faf22-eb2b-4a46-9d22-ecaed2a518e6,328
093faf22-eb2b-4a46-9d22-ecaed2a518e6,a568c76d-b958-4543-b9ec-db7536480f23,329
a568c76d-b958-4543-b9ec-db7536480f23,b0f943ce-bb54-4296-8797-6ab6d6c4cda4,330
b0f943ce-bb54-4296-8797-6ab6d6c4cda4,8782f664-e2d2-4963-94a5-e21037ee2602,331
8782f664-e2d2-4963-94a5-e21037ee2602,c29c45b0-2c0a-4c0c-911b-51211a2ffaa1,332
c29c45b0-2c0a-4c0c-911b-51211a2ffaa1,ee78e3c3-1440-40ba-8433-c9e93163da5c,333
ee78e3c3-1440-40ba-8433-c9e93163da5c,5dd7010d-9710-41e4-8938-14351649f10d,334
5dd7010d-9710-41e4-8938-14351649f10d,ec12c34b-c866-4229-bce1-e7fa0c927246,335
ec12c34b-c866-4229-bce1-e7fa0c927246,8c01800d-068a-46f9-b0d0-5a1a1bf1ae8a,336
8c01800d-068a-46f9-b0d0-5a1a1bf1ae8a,dcfd37c6-f66b-4ed3-9d93-4dbc527a9429,337
dcfd37c6-f66b-4ed3-9d93-4dbc527a9429,16afe6d3-799b-4f44-b829-64649ab2303d,338
16afe6d3-799b-4f44-b829-64649ab2303d,a06e1e9e-06c5-4729-9dbe-88f0d4e543af,339
a06e1e9e-06c5-4729-9dbe-88f0d4e543af,e4fba5a6-5e7a-49be-809f-7433622088a7,340
e4fba5a6-5e7a-49be-809f-7433622088a7,fed7045f-cf93-472e-a49e-a7b1a6226894,341
fed7045f-cf93-472e-a49e-a7b1a6226894,5066fd59-ea01-47aa-8ca2-18cb0169c6cd,342
5066fd59-ea01-47aa-8ca2-18cb0169c6cd,3e603cb9-2d2d-4d9a-b2db-4a4a74160c11,343
3e603cb9-2d2d-4d9a-b2db-4a4a74160c11,6dfc969e-cc13-4889-8a57-3287681f11ef,344
6dfc969e-cc13-4889-8a57-3287681f11ef,48596314-3b92-43d1-a4ea-d70d34c2fa78,345
48596314-3b92-43d1-a4ea-d70d34c2fa78,87ee051c-0a61-4594-bbc7-d47da606498d,346
87ee051c-0a61-4594-bbc7-d47da606498d,3e34b5c6-21b7-4695-92eb-9ee2ec722bdd,347
3e34b5c6-21b7-4695-92eb-9ee2ec722bdd,84034b7e-00b4-447b-8d0c-6fec6ea62ddc,348
84034b7e-00b4-447b-8d0c-6fec6ea62ddc,671fe67a-8086-4932-8f53-3477b4e79b96,349
671fe67a-8086-4932-8f53-3477b4e79b96,34ab0469-1d24-4708-a8ee-168ae6ed63a9,350
34ab0469-1d24-4708-a8ee-168ae6ed63a9,4ac3a056-87ff-4f6a-8e1d-301b71112416,351
4ac3a056-87ff-4f6a-8e1d-301b71112416,5afc87ab-6953-4db4-a27e-a953fdbc047a,352
5afc87ab-6953-4db4-a27e-a953fdbc047a,e68b47aa-b2e0-40bb-bb12-c1edad6b4746,353
e68b47aa-b2e0-40bb-bb12-c1edad6b4746,595ed49d-896d-46d5-b108-b7c7627efd13,354
595ed49d-896d-46d5-b108-b7c7627efd13,0477477e-425b-452a-8bb3-d472659dc63d,355
0477477e-425b-452a-8bb3-d472659dc63d,6e13b9c9-4cf1-493b-a79b-023c0dcca13b,356
6e13b9c9-4cf1-493b-a79b-023c0dcca13b,d6669513-73e0-482f-b3c6-1c14b4ba175c,357
d6669513-73e0-482f-b3c6-1c14b4ba175c,56c57045-6aec-4899-89dd-857fc43293c1,358
56c57045-6aec-4899-89dd-857fc43293c1,a624566c-090d-42e7-b532-780585cc4d89,359
a624566c-090d-42e7-b532-780585cc4d89,01b12b20-c143-4679-a5f0-9b06abd1b054,360
01b12b20-c143-4679-a5f0-9b06abd1b054,d40ccf7e-2e00-4fa4-842d-5ce2a2cd3a72,361
d40ccf7e-2e00-4fa4-842d-5ce2a2cd3a72,5699f040-a6dc-419e-9f22-129110a188ff,362
5699f040-a6dc-419e-9f22-129110a188ff,e1ff5aaa-b95a-4d22-98d5-b84f76a20349,363
e1ff5aaa-b95a-4d22-98d5-b84f76a20349,274c0307-6e9b-4b92-943a-4b9917df3d54,364
274c0307-6e9b-4b92-943a-4b9917df3d54,b6352726-fade-4734-8f92-add9d7a09a41,365
b6352726-fade-4734-8f92-add9d7a09a41,a2c8d999-1519-4d8a-8fb8-e9c608214012,366
a2c8d999-1519-4d8a-8fb8-e9c608214012,fe428f78-0fa3-4e36-8042-408e17ed68b7,367
fe428f78-0fa3-4e36-8042-408e17ed68b7,372be166-9df5-4214-b621-f35d5453ec63,368
372be166-9df5-4214-b621-f35d5453ec63,ad25c80b-f7e8-4907-bb33-6a038ffb7268,369
ad25c80b-f7e8-4907-bb33-6a038ffb7268,470941af-6a91-4cf8-b466-f8ee96f97bc2,370
470941af-6a91-4cf8-b466-f8ee96f97bc2,18edd8ad-020e-44c6-a91b-a0b4d903e296,371
18edd8ad-020e-44c6-a91b-a0b4d903e296,bf4b6109-edc0-4d05-871d-6c4741eb251a,372
bf4b6109-edc0-4d05-871d-6c4741eb251a,c9f6bd3b-a98d-4497-a6ab-8c08455bdd75,373
c9f6bd3b-a98d-4497-a6ab-8c08455bdd75,08ad977e-42ae-4958-876a-b64c98f94a00,374
08ad977e-42ae-4958-876a-b64c98f94a00,c0d73150-721b-4d67-8038-8aee462b58f5,375
c0d73150-721b-4d67-8038-8aee462b58f5,3ba7cbb6-d9d2-4afd-9e80-31a5ac804038,376
3ba7cbb6-d9d2-4afd-9e80-31a5ac804038,7724f67d-6186-42d7-abf2-14dd71d19341,377
7724f67d-6186-42d7-abf2-14dd71d19341,e3cdf716-d48a-4eb3-95c2-48985c76350b,378
e3cdf716-d48a-4eb3-95c2-48985c76350b,58ed305f-fe75-40d3-aab9-9aa0d351a4d0,379
58ed305f-fe75-40d3-aab9-9aa0d351a4d0,6a536247-f754-4c82-9a94-86cdc2980aae,380
6a536247-f754-4c82-9a94-86cdc2980aae,6ec41d8d-ca83-4ab9-a762-fcf282c27c56,381
6ec41d8d-ca83-4ab9-a762-fcf282c27c56,27c7d059-7e9b-4071-a988-5655e4512c99,382
27c7d059-7e9b-4071-a988-5655e4512c99,bd7bcca5-3718-467e-908d-e4fc5b7060f0,383
bd7bcca5-3718-467e-908d-e4fc5b7060f0,2c88ce34-3cd6-42a3-8aed-83091c894290,384
2c88ce34-3cd6-42a3-8aed-83091c894290,e5c3f685-7cb9-40f7-8667-31e8408b7583,385
e5c3f685-7cb9-40f7-8667-31e8408b7583,456526c1-d14a-44a0-9b51-87333e74c2ac,386
456526c1-d14a-44a0-9b51-87333e74c2ac,4329c240-3a70-4245-93f8-682fdc92d8ba,387
4329c240-3a70-4245-93f8-682fdc92d8ba,ca2969e0-6a83-47b2-839e-f770dbbdbddb,388
ca2969e0-6a83-47b2-839e-f770dbbdbddb,1d61d7f4-8524-402d-8f92-8a776dfc2bd8,389
1d61d7f4-8524-402d-8f92-8a776dfc2bd8,c430730b-1d58-46aa-b1db-245c450cd6c3,390
c430730b-1d58-46aa-b1db-245c450cd6c3,95bd01fd-17dd-46b3-a0a3-60577aa06f39,391
95bd01fd-17dd-46b3-a0a3-60577aa06f39,de8cfca7-2878-41ed-8c8c-bb21196f4896,392
de8cfca7-2878-41ed-8c8c-bb21196f4896,3ab45010-20c2-4e35-84cc-1a268d960a11,393
3ab45010-20c2-4e35-84cc-1a268d960a11,b67cbb49-be84-4e9c-b78a-6464d0302828,394
b67cbb49-be84-4e9c-b78a-6464d0302828,141cbbb0-522d-400e-a194-a48402c0bf9b,395
141cbbb0-522d-400e-a194-a48402c0bf9b,e82fb709-e0d7-47f5-937e-84edb429a4e3,396
e82fb709-e0d7-47f5-937e-84edb429a4e3,bdf1fd33-d5c4-41a0-82d4-c8fdb0e447a6,397
bdf1fd33-d5c4-41a0-82d4-c8fdb0e447a6,035150d5-870e-472f-b334-f50631d5677e,398
035150d5-870e-472f-b334-f50631d5677e,ae0783f6-2276-4a76-b577-0825ec44bd3b,399
ae0783f6-2276-4a76-b577-0825ec44bd3b,0fb0a075-0752-4da6-9676-d692b798ed65,400
0fb0a075-0752-4da6-9676-d692b798ed65,59d6d3e3-d7b2-4bf5-a1f6-65c54ac5451c,401
59d6d3e3-d7b2-4bf5-a1f6-65c54ac5451c,39b67aa2-f0da-4534-9639-caa7f90bbcd2,402
39b67aa2-f0da-4534-9639-caa7f90bbcd2,bec96e0e-521f-4f1e-b292-d914200d6d12,403
bec96e0e-521f-4f1e-b292-d914200d6d12,4b42b7aa-f2c9-4963-8c06-8f7534dd55ad,404
4b42b7aa-f2c9-4963-8c06-8f7534dd55ad,18616556-21ff-4de8-a31d-90511cbd2558,405
18616556-21ff-4de8-a31d-90511cbd2558,8bc03d31-2355-4c49-a3c9-a3f807af3cac,406
8bc03d31-2355-4c49-a3c9-a3f807af3cac,6f9e954e-a4ab-4c41-a50d-c570bf8e98fb,407
6f9e954e-a4ab-4c41-a50d-c570bf8e98fb,0ec06e32-4765-4fa5-8c6f-3a64a28000a8,408
0ec06e32-4765-4fa5-8c6f-3a64a28000a8,6e8d4ddf-d4f4-4831-800f-a0a1ea1c2d6a,409
6e8d4ddf-d4f4-4831-800f-a0a1ea1c2d6a,d3b7030b-49c1-4edc-87b2-47a6b89c0ee5,410
d3b7030b-49c1-4edc-87b2-47a6b89c0ee5,2bad6e88-18d1-4a9d-a8cf-09e7979c479b,411
2bad6e88-18d1-4a9d-a8cf-09e7979c479b,457b6002-c130-43e3-a9bb-dc6af35830f8,412
457b6002-c130-43e3-a9bb-dc6af35830f8,b8597c52-a40d-4dd0-a1d2-0c1b4c48e042,413
b8597c52-a40d-4dd0-a1d2-0c1b4c48e042,e9d6ef88-7c3b-4b2d-b52e-05078ede235b,414
e9d6ef88-7c3b-4b2d-b52e-05078ede235b,286c65e0-f043-4911-829c-b7df523f5f6d,415
286c65e0-f043-4911-829c-b7df523f5f6d,c8dcb49a-34ef-4834-b146-af85bc1e495a,416
c8dcb49a-34ef-4834-b146-af85bc1e495a,7ce686e7-49cf-4bd8-be60-6b6fee3598ab,417
7ce686e7-49cf-4bd8-be60-6b6fee3598ab,a879735c-bf4f-4087-be61-79e5513bb156,418
a879735c-bf4f-4087-be61-79e5513bb156,5ad506dd-1f3c-4f58-87c3-317a683d0368,419
5ad506dd-1f3c-4f58-87c3-317a683d0368,759e4859-ec0f-475c-96f5-9fdea84a1b1b,420
759e4859-ec0f-475c-96f5-9fdea84a1b1b,e3cb0711-0776-48ee-bb24-24a017a32f0a,421
e3cb0711-0776-48ee-bb24-24a017a32f0a,c9d35f55-3456-4b09-9708-4c38984b17f1,422
c9d35f55-3456-4b09-9708-4c38984b17f1,2dc8d82e-32a8-4231-880d-5771361bc93a,423
2dc8d82e-32a8-4231-880d-5771361bc93a,2e36df3a-7119-4e44-aa7f-6ce2a420c660,424
2e36df3a-7119-4e44-aa7f-6ce2a420c660,da0dd0a1-4bfb-4e02-bd9f-3832a54bf4c0,425
da0dd0a1-4bfb-4e02-bd9f-3832a54bf4c0,372a576b-2fd8-42a9-bffa-0df5871458aa,426
372a576b-2fd8-42a9-bffa-0df5871458aa,62fe4be9-080d-40f1-8410-471968991f99,427
62fe4be9-080d-40f1-8410-471968991f99,114e802a-6601-42c0-af92-2dd9a66e58ac,428
114e802a-6601-42c0-af92-2dd9a66e58ac,bec5d44e-f3d9-4681-bb65-2a6ff1c85daf,429
bec5d44e-f3d9-4681-bb65-2a6ff1c85daf,7befb322-5dd1-49d0-bad2-a97912e0dfaa,430
7befb322-5dd1-49d0-bad2-a97912e0dfaa,f98bd474-6205-407e-9931-688c83e5f209,431
f98bd474-6205-407e-9931-688c83e5f209,feb8a817-ce5a-4894-ae92-d6b1dc5cc4f4,432
feb8a817-ce5a-4894-ae92-d6b1dc5cc4f4,71f02187-417d-41dd-a9ca-ae1609b805ee,433
71f02187-417d-41dd-a9ca-ae1609b805ee,848fa369-3461-4a6d-a038-28fa9b5028ef,434
848fa369-3461-4a6d-a038-28fa9b5028ef,b97d0149-0ce5-48f6-864d-dda30d7962ef,435
b97d0149-0ce5-48f6-864d-dda30d7962ef,34fcc42d-c88d-4ff3-ad6d-eaa5e191730d,436
34fcc42d-c88d-4ff3-ad6d-eaa5e191730d,c96b532f-c2bd-450d-ba0e-b6ba3f7a26a1,437
c96b532f-c2bd-450d-ba0e-b6ba3f7a26a1,7d41b957-c158-48d6-a708-265e11590dd2,438
7d41b957-c158-48d6-a708-265e11590dd2,30747603-bb99-426c-83f2-4b0b17300205,439
30747603-bb99-426c-83f2-4b0b17300205,2cc02734-165c-44af-a8df-9c92e16b9663,440
2cc02734-165c-44af-a8df-9c92e16b9663,6ee4315e-a750-4937-b9aa-28fa49bd1e09,441
6ee4315e-a750-4937-b9aa-28fa49bd1e09,61837140-d862-4229-b194-1f245edf6370,442
61837140-d862-4229-b194-1f245edf6370,2fed73e1-5803-49cb-8ed2-dd22f7e692bd,443
2fed73e1-5803-49cb-8ed2-dd22f7e692bd,be86d12a-bb54-48cb-8255-9fb1fcc04706,444
be86d12a-bb54-48cb-8255-9fb1fcc04706,72b6846b-7ad0-49d0-9c4b-bed459eba758,445
72b6846b-7ad0-49d0-9c4b-bed459eba758,13b173ec-9252-4d64-9109-326779adb1ae,446
13b173ec-9252-4d64-9109-326779adb1ae,bfd4ab55-1f8f-48fd-8ce0-92497e5d1203,447
bfd4ab55-1f8f-48fd-8ce0-92497e5d1203,984b059a-0ea9-4218-8562-40871c35ace9,448
984b059a-0ea9-4218-8562-40871c35ace9,4ed05277-1311-4134-9a69-595f928818bf,449
4ed05277-1311-4134-9a69-595f928818bf,3edaa6d5-34a4-4043-a425-4ebab9e8df9f,450
3edaa6d5-34a4-4043-a425-4ebab9e8df9f,2d4f7973-72bf-48e3-9ced-3d89c2df45d3,451
2d4f7973-72bf-48e3-9ced-3d89c2df45d3,144ab01e-0f5b-46e8-b861-f10843fa3571,452
144ab01e-0f5b-46e8-b861-f10843fa3571,b7e0367a-100f-4491-8793-852e5a3cb045,453
b7e0367a-100f-4491-8793-852e5a3cb045,0a9af990-2448-44e6-9534-e4971ff3ad4b,454
0a9af990-2448-44e6-9534-e4971ff3ad4b,40b538f4-476e-4f0d-917a-198764e5ed28,455
40b538f4-476e-4f0d-917a-198764e5ed28,0b57e9e5-af67-4dbd-9b39-0ae020552b8d,456
0b57e9e5-af67-4dbd-9b39-0ae020552b8d,7fe9cf57-1601-46be-83b7-4a190cc4ca6f,457
7fe9cf57-1601-46be-83b7-4a190cc4ca6f,19dba56d-7825-49b1-9424-7cc6a27f7585,458
19dba56d-7825-49b1-9424-7cc6a27f7585,7ee8e8d1-4a09-4c57-bd0e-2dfa7f9804e1,459
7ee8e8d1-4a09-4c57-bd0e-2dfa7f9804e1,7f94f395-e404-4600-9523-8a558452beec,460
7f94f395-e404-4600-9523-8a558452beec,d1b9f123-35b8-4738-8b6a-92ed95c03baa,461
d1b9f123-35b8-4738-8b6a-92ed95c03baa,2ff970a8-e8be-46f8-8c74-9bd35716a324,462
2ff970a8-e8be-46f8-8c74-9bd35716a324,b6bc6459-e783-4c75-a638-84fe37f6cce0,463
b6bc6459-e783-4c75-a638-84fe37f6cce0,eb1515fc-a222-4362-ae2d-30dbf7960d03,464
eb1515fc-a222-4362-ae2d-30dbf7960d03,2cb396a8-3544-48d3-985c-ba56e5bad7b6,465
2cb396a8-3544-48d3-985c-ba56e5bad7b6,8b5fa1a1-4460-432a-9e0a-de28c4703a03,466
8b5fa1a1-4460-432a-9e0a-de28c4703a03,b47066f8-9d8c-49be-b186-91f1b89dc0cf,467
b47066f8-9d8c-49be-b186-91f1b89dc0cf,4bb20630-0e60-475b-ab9a-255a45a3f0cd,468
4bb20630-0e60-475b-ab9a-255a45a3f0cd,e81d3525-fdba-429c-8970-8590bc9a9c12,469
e81d3525-fdba-429c-8970-8590bc9a9c12,7852efd9-c8d1-4b03-97b9-9425c14694e4,470
7852efd9-c8d1-4b03-97b9-9425c14694e4,591791f6-5e38-4650-a1f6-6a19520a2ad2,471
591791f6-5e38-4650-a1f6-6a19520a2ad2,33202c4f-da66-43b7-90e3-2fbde5ef4769,472
33202c4f-da66-43b7-90e3-2fbde5ef4769,f92d1e19-1c23-402c-af4f-724439cfc26a,473
f92d1e19-1c23-402c-af4f-724439cfc26a,e43a34bb-4843-4410-8f59-09e386931d27,474
e43a34bb-4843-4410-8f59-09e386931d27,7bdf7a90-4c01-44a8-a196-c54c26975432,475
7bdf7a90-4c01-44a8-a196-c54c26975432,1b204a0b-efa0-4553-a19a-266ec5500b44,476
1b204a0b-efa0-4553-a19a-266ec5500b44,75533253-ce55-4542-87a0-ea4731167681,477
75533253-ce55-4542-87a0-ea4731167681,cdf48402-1f1d-49d1-bb2a-c660df61aa35,478
cdf48402-1f1d-49d1-bb2a-c660df61aa35,4178279a-7310-440c-b0a6-268c832ae2a9,479
4178279a-7310-440c-b0a6-268c832ae2a9,34766fe7-2fb4-4229-863d-bf3d72595350,480
34766fe7-2fb4-4229-863d-bf3d72595350,0683b760-8dae-46d9-ba41-d1b0ed12aff4,481
0683b760-8dae-46d9-ba41-d1b0ed12aff4,09c9f1bf-a878-4c38-8834-5cb0e39dc100,482
09c9f1bf-a878-4c38-8834-5cb0e39dc100,6e0ae8dc-d9b4-4f94-9bb9-4bd10f2fc07e,483
6e0ae8dc-d9b4-4f94-9bb9-4bd10f2fc07e,671e9b83-77dd-400f-9f12-14fd18364686,484
671e9b83-77dd-400f-9f12-14fd18364686,1c7ccfb4-554c-4e92-aec5-12bb2c9d1c20,485
1c7ccfb4-554c-4e92-aec5-12bb2c9d1c20,3b93d100-eaf5-482d-8e7b-0308ee169154,486
3b93d100-eaf5-482d-8e7b-0308ee169154,218e7dc8-ef80-4a8e-a0ae-998a25fd649d,487
218e7dc8-ef80-4a8e-a0ae-998a25fd649d,1f870543-4199-4c0e-972b-6aa49a488cf2,488
1f870543-4199-4c0e-972b-6aa49a488cf2,5eba2eb9-1b47-437c-afd0-bcac08775b7c,489
5eba2eb9-1b47-437c-afd0-bcac08775b7c,68179cdb-1162-4741-ab5a-fa88dbe9d635,490
68179cdb-1162-4741-ab5a-fa88dbe9d635,30a1ca77-9da0-4643-bf7c-790e8b9c84e0,491
30a1ca77-9da0-4643-bf7c-790e8b9c84e0,10718f42-6958-4137-adf8-123d0f3a9644,492
10718f42-6958-4137-adf8-123d0f3a9644,67f60703-8b27-4837-99cf-552c9cb90855,493
67f60703-8b27-4837-99cf-552c9cb90855,cfb73fa6-acc1-4f7f-8ebb-aa177807ff17,494
cfb73fa6-acc1-4f7f-8ebb-aa177807ff17,af25dde3-512a-45cb-834b-0d97ce960194,495
af25dde3-512a-45cb-834b-0d97ce960194,0367f503-bd4d-49bc-b359-8d30220ff756,496
0367f503-bd4d-49bc-b359-8d30220ff756,1b9b4dd8-fe5a-414e-99b8-c1c050b0020d,497
1b9b4dd8-fe5a-414e-99b8-c1c050b0020d,3d19c4a0-3600-41d9-99ab-7e03085b45f0,498
3d19c4a0-3600-41d9-99ab-7e03085b45f0,00c405a4-9634-4d18-a19b-9d5302a35939,499
