59149de8-4f3f-4411-adc7-56f6d6db452a,8788abda-21a6-4e3e-9231-9378fa074353,
7e4ca5b5-c37d-4cc7-839d-baa532b715ff,c878a3fb-6fd2-4f34-89c3-4cd410f03d68,
9cb5fb5f-d26e-4d43-a6a7-e545e40fc839,e38d310a-77ff-4783-b3a5-d8ed9f46698a,
8bcba1e0-a077-4323-87a5-c9afeff6a1f8,7fdc9da0-f2ba-408e-b9c9-0428146815b1,
b7b8f97d-f848-448e-b1f0-8c27acad351a,a0a198dd-5255-425e-9da7-410aeda1d3f7,
bbe8d7f4-35a7-4036-896a-939b7431c214,2c07b077-a9b6-4a25-b8b0-e00b06f045dc,
abcc328d-d92c-441f-8638-05cedcd05040,a9e1a898-f868-4d78-be92-e617794fc839,
b67af8b8-5f7a-4d71-8be2-b5e5a94ad719,5ae90394-b9c3-4d6d-8844-d7fb446ae843,
f0d5f451-e6fb-4f82-8473-6dfd2e9b1f81,371812f3-f27d-4845-a804-3fa43ff810d3,
19ed5723-0dab-4911-acdf-f0b3cddfef88,292a7f90-d0e8-4c32-a62e-2419a0524e37,
f80bafc5-be4f-42b7-ab40-bdf32248802c,bde2d635-ce49-4bf0-97bb-833baa6a4679,
bbada008-cee1-424c-9ef5-72c73b79fdc1,a6d72856-a184-4173-a39f-dd859c414d21,
3dd7ac42-ecbb-4d67-85be-cd68be54ca86,2162d486-cb40-4a28-a11d-a0f8a7d67e6b,
5e07487b-97be-4735-9d7e-72bfeb8842e3,e7c03e3f-fca8-400c-9339-aa4852747e49,
f9c68d1b-16b6-4270-b09f-46be9b51d77f,28a8af49-d43f-467f-850e-109321510825,
2ba4ea1b-8038-4861-a26a-d5aec46f6325,37dda2d6-6c05-4fa2-bc89-cc0f78587382,
57914e00-4c97-459b-ad9a-5ecffa2268ce,3b23a745-eb61-4740-99b1-b83b6a8aaf3d,
94c7d8dd-4db5-4547-8cf1-63f733b1ae4a,f991d645-3629-4a0a-a297-2624ae0197bf,
2190283c-a879-4da9-ac30-4b3d1530745e,750ee70b-add4-4967-8700-69ce459f80aa,
9792f75e-d7b3-4be1-a9c4-10dc34ffa841,4674b505-aaec-4738-9c0a-daf9b30df307,
328d5959-3c3e-46d7-bccc-1a6fea2e9b09,8a2490fb-ba0a-4fde-9e44-49261289396c,
83d0a442-b57a-4607-a0f6-e86da6b6fdbe,498854de-89ba-4323-901a-503f9784505b,
15589be9-f70c-44cb-a6ae-22a151c6918d,c309519d-3709-4aec-9ead-a0b6577e079c,
331f39a3-a055-4c62-8c41-7a4f1d88dc1c,37dee6d4-64b7-44a2-b3e9-38152ff2a23c,
468c909a-5b96-42a5-b340-52bee6e26292,444c9e8c-06fb-486a-81f4-f87f741a4d15,
26bdd402-1c9b-4540-b2c3-fc52e9e75871,4f067487-56ae-4270-a5d8-b3e01659fe01,
b4aff3d7-8b9b-4803-aae6-a3cee40da256,d2be40bf-a018-4c70-8cc1-d64510b2d71d,
e94a940c-8af7-4268-a03d-8b844bfd7af5,c8602739-8251-47f4-9cfd-762844a43a2d,
2a519690-a793-40f4-8c6d-f237d7d783a1,70bfe9a8-73f3-442f-9add-181083507caa,
a31292a0-0fb8-485d-92f7-e47db1be2784,b2f9d51b-df0d-45b9-b1e7-a40216e2bcca,
10935663-4085-45e3-875d-e43731984c12,5da07231-1531-4e5a-8891-3089088970c9,
c39b8789-c4d7-4c8d-aa39-f08fd8c70a41,1864ca78-2c1c-4c70-bd3c-ab756f4373a2,
cbe09efb-9de6-4b9b-811e-b9ddebd4b23a,e250de72-e3b7-4989-b970-5e5abdcfd572,
fb2624e2-d977-4364-97d9-cfe6f541996e,cf17c200-7af1-4ce8-b2db-cdadd7335339,
e3881e4c-bbcc-4494-bcc7-4f9e93971863,ecb0226f-f4b5-40c1-99de-51014d6e254b,
db1bfa75-6da7-4cbd-98ec-b2b8ae8f4542,28acdbf3-821a-4330-ae9d-a23b01a9e4b1,
6795fa67-d6e5-49bd-94da-e534c9d62c79,a4efdd0c-efad-4669-a007-58230c8a6fd0,
36e12f7e-3e9e-4c56-97ce-e903b7b2edf3,3ce10d3b-608d-4773-bb53-0b81e2c94ff7,
03120bee-4a5c-460e-88c8-cbf13928d8be,85865428-86ab-41a1-bf2f-f3c672c0febd,
5eb3e264-2820-4a4f-902f-3a6923184ea9,c94d78d3-273b-44d3-b68c-8e00527617ab,
87ab4fb5-48f2-4a03-9735-93258ffe37a0,56a99451-9e5c-4007-a303-daa0f2a4804f,
8ad49fd1-9681-41a1-8028-c1b0828ac0a6,6cafb3d4-9009-4d7d-bdf2-9ebc95ec4d5b,
872eb88e-c2fb-410c-ad1c-5ee6e89e7b46,e17e039f-64be-4dbf-a539-b52081462fc5,
b8e033ca-7baa-496b-a644-96a403e18e42,91446d9d-4136-408e-b7f9-df4d64755f77,
3ec5e65b-d7ed-4475-b125-c29668b5c8f9,ff46a188-9fa7-442b-84d9-1c34d8df90e3,
e6f41faf-98fc-4fd5-9c07-009aac781f60,a7502230-1811-4f78-b471-bef6c82d6714,
39dfb8d0-4218-46b8-bc09-1da8eda2fc77,1b8323c5-0ce1-4569-9ac5-cab2ecb08716,
2199488a-88e2-4d57-b3dd-8213a43e4610,570d2784-f34a-49b6-8ffd-8a68687cd643,
a92eaf0f-2e99-4867-a044-e076cde8675f,bb0515f3-0c0e-46e5-8285-3029eee98a10,
09450c77-7078-4874-aa1b-e09ec470f504,29caad61-ec95-4095-878b-7726db41fa3b,
b01d3ff2-4d38-4489-a4e0-faaf0f0929a0,109fdb21-7583-4b73-bca1-2cbf9c34dce0,
be0ca626-95c8-4719-9ccd-3392bb087be0,2fba1dd7-75a7-45d5-b8f0-49191c7088a2,
dba05938-0278-4ee1-90d4-45b187ec344a,9ae80217-f608-4209-80f8-83254dac8cd2,
57e6f08b-23ef-47d1-9cc9-d8f37345dd20,018cfe3c-f027-41e3-b600-99728c075571,
1421dffe-d4b0-42e2-ac5b-fd0c564358c2,106a7dc2-3b33-444d-af61-60771b2d9564,
97e95f55-8378-43d6-af98-8bc64ae77ada,308e894c-fc1e-405a-9322-2719ee81c671,
8cb44ffe-756d-4071-b6ad-fd67761fbe13,c9848524-4bc6-4623-8a44-abed9f2a320b,
7e5ccb3a-9a6a-47d7-a4a0-f9f15fa93bef,5ceb3a97-456b-442c-bbb5-1e55ce4db020,
cd527d13-2c27-4223-92d1-09ce7cf4da83,f0ab2e5e-0461-48b1-a4f5-aa103f647333,
c8fd0648-d3e2-43f3-bbc5-b46997a6fb49,3d6ca85b-6946-436d-8109-24bd286a7b45,
de07c50c-50ea-4842-abbb-c75ec1b50067,adca8710-6eb4-469d-ba9f-e81aa5c6cc57,
77aaffbc-5b5a-4e8e-8792-8aaf80416b4e,599fd33a-a690-4f64-98bf-3cc391166a87,
e18859a7-fb8e-45bf-881e-2fd55f064e4b,18d7def9-ee57-4743-a7c7-0d7f18f30d72,
1fb07b83-e7b7-4b3b-8124-b9e1d487ca74,6db1b580-73a1-4c61-854d-46e83cece918,
5e5da09a-e54a-4e8b-9376-ee849b790fd3,1f23f998-9a62-4444-85c8-23d1302d813e,
bfd04010-d310-4026-90ca-535e7290610d,7ba07695-ccb8-4e12-8b16-9a0c70f58c1f,
d6b175c7-bdea-4f1a-9432-95246cf1b4f2,13271d4a-f5e7-4dd3-aea5-4300ee08c8ce,
eca61143-f396-415f-b77b-a7299ada5d8c,94d663c0-cbff-4366-8ef3-e6e7486fc576,
ce282ead-f994-4e68-b821-1e75347ddd1b,7c8731c3-362d-45f8-ac66-86878b3fdd8c,
49be4ac2-28f6-4b72-af76-681494e29f52,b0d24b9c-0aa8-49f0-b3af-1146312e8a96,
453d2aff-af33-4870-a650-8ca9768ba4aa,9b76da68-0dac-496b-8242-44c05cdc2b39,
925e639d-b62e-47c0-9124-b57c79ecad25,bf4af089-d36a-4549-b0bd-008b9f3e8bed,
c86eabf1-6713-4b32-a7d4-f2147ad59a0a,39e955b0-1ea7-4607-9a35-75361353e0dc,
2d500c84-ef06-431f-8b81-d1fac4a38bcc,1ef8d461-5ad3-4ba1-aafd-b3bb8cea9f43,
1d1318a8-6125-4b73-b979-10b4a372ff8f,756b1ca1-75a6-43f3-b8c9-c6c13cedab8a,
133f8a81-4342-4da8-b2a7-e64826842cdc,a0290cba-e987-4a77-9daa-035d97b5ffd2,
38ef63fa-e90a-4878-abe3-9351ee8a45a1,92206280-aeaf-4e3d-a897-be20495ee8e7,
35c3486f-7ccd-4a6a-93b1-ea22093e81b3,fce21d56-8469-4fc4-8bb9-849882598da3,
814a1894-c028-4e94-a542-97ade91fa78c,6ec18c25-88e3-4f4d-bb0d-89d0d621e227,
71ff1573-85e0-43ca-8666-c44e0642fe5a,c776d066-70d3-46a2-a1f7-82d73fb907ee,
d0ac6b21-384f-4eca-9dc4-c581f57d9b15,ef60192a-019b-4fcc-a1a6-6b6077cdf3bd,
3ea059ef-a101-49eb-9518-9cde9367f1c2,ba5df26c-6efc-4bf4-8871-e247639f086f,
f64979e0-1b78-4e85-b8e1-397366d43b92,e57bf1bc-501d-40be-b9fc-2b85082aa862,
8be1a313-596f-4f72-b6e0-62577a79906f,9cafafda-ab42-4f11-acbe-6e6840d42c67,
f206d7b9-ec62-43ef-bbf9-3bf7b1216157,3a56e542-2ceb-4589-9d87-487f3cd8486c,
3621bf11-3571-4440-9834-7cbad2aa9c65,0bb081e4-f171-4dd3-b4cf-c085f7cba629,
14bac82a-e88e-4ac2-ac0d-01070c7369de,563dd622-e026-4143-af65-787d5d4f511d,
b0ffa668-361f-4ddd-8d0c-cac5ec49933e,44d61ac1-2f4c-475b-9e80-24da79892c61,
d3e30259-c9c6-43eb-8234-efb227de7f21,0f9454b8-946e-4e0b-8cf9-b421d40ed9ab,
e081f643-9cf3-44f3-b2f4-18a1548e1c4e,5366aefc-3afd-42f9-acc8-dedab9e4a7eb,
0cf79184-255b-4b43-937d-6643a4b1fa73,0582d68b-44a9-4e84-aea5-9958b2863193,
8f170a06-b4bb-4875-b176-9b36eb8938c4,cdb9ae7d-853a-4ce7-96c0-9191d91558cc,
5afc2402-8a4a-41a7-b8a0-810e292d9bd4,e571b177-c655-42da-a511-0c26100d6b30,
c3300ddb-ba10-4380-837d-dbd88190dc93,befa01b5-d363-4150-a43e-0d74c3c00a1a,
72a616d0-f623-40a0-a630-964e040443cc,7dade2b7-0a77-418d-a085-755914d0f316,
f47bc476-6fac-4713-9352-d9e136da1367,bdd115b0-0372-4b5f-97e8-e42d79ca1006,
d1b467e5-bd9e-4985-8988-a6149eef25c1,ff6a09b8-9a07-4f1b-bf3f-8fc8b7512252,
4cb1d08e-b071-46f1-ad63-9b7afdb80eb9,e38e941d-bfab-48bf-8468-a14b3e5d4736,
998ed636-99b6-49e5-97b3-4c235e8c45b3,0d373c76-72a2-442e-9db3-5c6a740b8121,
d1161ffa-8576-48fb-a05a-67e838bd2b12,e3bc8a1f-8994-4d06-ac54-0e8685188e02,
9ea8b8ce-94d8-41c2-b3f8-f8d205d6dfb4,082ed829-5bc8-4b0c-a6c4-4a2004d78f40,
1c7c33a8-324f-4788-9198-9474d42827ef,833a0c2d-8097-4c8a-905f-77371329de6b,
f30e3169-a687-49a3-bdc6-8bfd1aab9c09,8dcc4e05-a703-4dfb-98f1-ad4bccb63acc,
7b8d0f60-1e4e-433d-8272-65746e8e0e79,228a0682-581a-4e22-82be-f1e5e3ab725b,
92f1b710-fb57-4c0e-a7e3-0dadf08741fa,012ce28f-a7a6-449f-bea1-5b979e9481da,
fbb218d4-99b2-4d46-b85c-58f11b8128c4,ef2eddc6-51ab-4964-b7b6-3e6807a6ffa9,
cecfb72c-2af7-4eb5-819a-f86e573a49cf,c1ee5c27-4782-4a4b-975c-a14153c1562d,
0bc12655-c027-433d-b0fa-ffb2705c8b39,98abd11f-6309-42dc-91b3-25d8308c8902,
a576cc3e-294d-4ea4-a704-5a49397b870d,5cd25bc3-f2e8-4bb5-bc5b-d553be8e91d9,
67d955c8-28e5-4f84-b2fb-188bc07b1ea0,0ee534a1-c6c7-4edd-bc32-a0b6613d51cd,
fab10a88-8772-4ee4-82c3-b5b928ace4a3,2c7686d8-0fea-43bd-85fb-b49417acae30,
acba147d-86e3-40c7-aaae-9a240472cf0e,dfd93b68-2ce9-4f72-ac44-d6eb828960cd,
73cb2079-94b0-425f-a47e-a2da4f7a0d4d,bc0e7037-87e0-47df-acdd-fad249ee9057,
64d1bf29-cbf0-4b4f-b753-8449385d3121,ffa9458c-0dd2-4419-bacc-f75796b86bfc,
108607b5-4a72-4111-b9aa-25f3a654944d,dd46491f-7bba-47d3-9071-11b7494342ec,
33a86b34-58cc-47b0-9e8f-073230475b80,bbe9bc6d-710f-47e5-9167-4e62a324d64f,
62c5a767-c210-4230-a7e8-d6aa74d010af,06baf932-a718-4347-81fb-4f8203e8ab15,
e47bc856-2121-47b3-8e11-911d44502a1e,a3fff9e9-9775-467c-9155-761a485b3b78,
1ee61dc5-f630-4054-becf-f7e45fde8ae4,21ae7c78-d611-4d35-95eb-bec2bc47fa81,
839283d2-68db-4ce5-916d-9510934ed4da,e42cb465-2ec2-44ae-baa0-ce06edd817e1,
23bf4484-c6e4-41d8-bbf1-c8b1bd8a7a3a,a73ddff4-5a88-4bd6-a2e2-060f10012d42,
984b0ebc-086d-4495-a489-e05b9ef65f52,555e6831-558e-4e50-9d01-e742eabfb974,
1cefb269-6474-4b96-a819-3ead37d04802,3dc92f59-1127-4a56-bb04-03eeb2275f8f,
5d6d2624-9e2b-4308-a1d0-710905b17961,97003918-6385-457c-86fc-59a4dec00684,
67a548d3-7230-4e9c-9752-717ed659a4b1,217761b0-b591-46b8-b05e-9bcc514277aa,
5d0b792e-5d9f-4ccd-b61f-280510696b76,574f218f-7f12-4754-b469-4f0246252962,
37c5982c-9ac7-4f80-9d02-bd6a22223be3,7a4dc02e-caf0-4294-951c-015f3b32c5e3,
df4248a7-3da0-4672-ace1-978ab1df4823,246826d1-f019-4e5c-a9ad-c62c4f79de72,
131eeb92-6fe1-4bbf-bc28-c2a7522da0ae,2dec651a-213c-4daf-9e69-947eb334aa9f,
8f835699-3aa6-4672-bb68-816ff806f537,17714cd4-4b9b-428e-b45b-2cfe4f39089c,
e5a51db9-4146-46e9-9758-97ba9e705ef8,24521fa3-45dc-436d-a63b-ff44a8ea73bb,
61e1caac-a67d-4539-a147-62b511581fc3,259d2209-e7af-44c2-a243-fc4e0bea60a4,
72385119-f8c9-48a2-a9c7-b684434d8f91,04a616e5-51ad-4651-ac79-66c85932d3b2,
6d3107b5-ae5c-496b-afc2-9fb56ac451dc,7492e789-2691-4c84-8641-2b9313c3e63a,
bf40d6e6-8576-450c-9fab-9303e084f474,12de9e82-8f42-4632-9091-329420da3d2a,
8e9b505c-377b-475d-af5f-2a6a392ca0f0,c1f5962f-1d63-4f22-8e0c-a1374860ed7e,
014644bd-d2c4-48d0-8796-f10755c2b4c3,cf601b9c-1bdc-431f-b0df-2e7e83ba5a90,
271895f2-a835-44a0-a661-4ce6e1bcf921,bc65d882-4dea-4c2a-b95c-2f8a597fdccc,
d4326fcf-7510-4992-a329-a9d00375eb2a,66cbf21f-5e1e-4537-820e-7795c2c361da,
55056b70-46aa-4fee-9552-967ece3b9b9d,7aeca90e-2ffa-4121-adf7-61a5632d1056,
ec2fca2e-fe58-4ecb-9929-62a158184c80,a550f688-9576-4695-b969-1852bf73df10,
667475c1-6b84-45be-bf75-e71b10fb5cd9,19e3ccbe-ab0a-4a29-8b7e-4bd708920e2c,
fd7edc32-d213-4783-b447-687bc59db736,c42d9038-27ee-455e-bb50-f9b461d0331f,
bb76aab9-d937-4280-8783-ea6ae7f78201,4ed158a1-47f1-43ff-aea1-03f902553817,
8e45f866-9dda-488e-a373-13879798bba0,804f93b2-9213-4f9d-8f12-d3b64cb591ac,
9d4b9919-9f46-423f-8c96-0c83ce0b1cc6,0be03d76-ec6e-40aa-b551-7dfa6ec7f8ec,
a825b5a9-c715-45fb-88eb-6f6460e81279,793d5773-163a-45ab-9919-1288956a4476,
caea314b-ce92-454d-a880-bf8674945bc1,7717abdf-26bc-45d1-b405-4be10b4db61d,
e4a287cc-0880-49c2-b2a3-42ee0727553a,1b86d831-adad-40c3-9843-f7093354d86f,
229c76f7-8289-459f-9a72-24e126409635,ae6afe0b-b26c-4784-a6e5-9a348e57f4c4,
b0938023-a196-49dd-aa8f-df74cbf05c8a,ce92606a-2837-4026-9776-350fae51adee,
6c15d986-ac0f-47d4-b685-698c3de52cf5,e0599396-1c84-473b-89fa-267d50412249,
0d8a5c88-0ebd-473b-8200-e047c8c010fd,d4a737f4-dce1-42de-ba55-26edbf18d1be,
e53e4086-3ed3-4ddf-886f-cbea41e8ce38,bb8499d4-d093-4b45-b609-8ee51ed287db,
1764f20c-462d-453b-b2e5-70811d757b80,a4d9d4f3-f23e-41bb-8857-f8a2a6b63149,
e50cb466-b36d-4787-80ef-e02bbf3ced43,f6610b6b-d4df-4fa3-bdfd-764faf0f3c74,
5a9d7c00-91cf-4209-b509-a78b2520f081,d5140c92-c221-4a67-89ad-74414040c128,
c8b304a1-539f-43df-9947-636f4e1de1a3,c59e6402-79fd-4c29-be89-d50bff422aa6,
c2995460-48de-4519-be98-73bdaa75ad3c,ed7ba891-c59f-4357-a56f-a828e22795e1,
698fd4e3-c641-481b-b81b-8cc04666bfdf,00de4514-d502-4725-a788-457c47b73eaf,
75b1f9c2-e1c2-45b1-a3b2-cd5bfbfcb725,10676c7d-400d-4f0b-a713-0bbc658f4285,
1d7095cd-2f8e-4a89-b65d-b9ac3d5a5ce8,f0e924d3-9faa-42f1-9994-f34d6685504a,
159b619d-f44c-4025-a3bc-ef873fc50ec9,8f1aa22d-b6bf-42f5-a840-8246534ea7b1,
90a2fb82-7a4d-4a72-a9d7-1bcd4c7e6b41,45d07136-e5b8-4ff2-8b3c-9f786dcbb7a2,
0d4ac45f-3f7f-4003-b39e-038ed30c697a,41304de4-6d7a-432c-9c7b-9630308230e8,
22fd3283-61ca-4e72-bcc2-cf2352122cee,b1234462-4f19-4652-90b7-c9d7ed73101d,
dee9857d-135d-400b-b269-d7b9fc5389dd,c6906763-5b64-47a4-8b7a-6888c649d27a,
1b745a27-bec7-4df4-9035-baf6b6238848,0255cd1c-3ccf-4137-8ee1-38ff0cb39a9e,
677e2040-105f-4367-bb7d-fda82dfdb055,096a70d2-2275-4914-aefa-16d53a3c5b61,
2846c38c-ed60-4116-b0af-27e8a5b27b87,42ef0e3c-63a7-4d85-a17a-595a2ac6175b,
796b697b-13e3-4a2f-bd55-ed713c2017c1,fef9a8d6-80c7-470f-b9e5-9653e7a80132,
60e122a4-6d86-4e5a-b99e-3a41fac011b9,04c4ebdd-4ad3-42c1-a410-d1ab8e134365,
e018d85d-5cf3-4585-a54f-f5ba1cb85612,736d646c-4a3f-4412-b2b7-a5522af58030,
cab1ecd8-a623-421b-a53f-b4bab8a31ff0,1ea911d4-013d-4fd7-883a-a958892a456b,
2bf49f66-637c-44fd-b831-87e0da2077e7,c8d4c68c-f2c0-4d3f-a5d1-eca81228f1ec,
58371679-6002-44ab-8adc-d53f6565e205,33c46687-00fa-4c21-979d-743aedffc1fb,
b4537613-6081-4eaa-8ccb-d7d90b892810,e28814be-7fed-4b5c-9d11-bdba9d073428,
2bbc1fe8-8690-45de-b610-3575a2a5991b,e3ead52b-95d8-40ec-a6d6-b4023508b6e6,
fa90fa05-791b-4858-b875-43b854f20264,c40acc35-76d8-4d46-9424-8a537a535ede,
d96184ec-41de-4747-9680-8ee66f215e0c,4f0af638-2db9-4e3f-8dcb-9279851322ba,
8a3c65d1-9603-406a-b092-1f68158bb025,7cc386da-96f6-4a4c-b9e3-d093041d3d5e,
22cfd626-6756-4f3a-836d-df41a9c8e606,2553e389-b319-4ad7-ac53-14e85a367a6a,
e79e03ce-7f0e-49bf-b9b3-6fbb6d152847,041044b6-0ce1-43e7-860e-b365a0a7e36f,
8fe19c8e-0174-49c8-87e8-de8dfb1c1b66,b157b3b6-df7f-4193-86bc-c6676e8e2525,
164e02c9-8359-49b3-b914-26c62d824a9e,5639bc5c-2cc1-4107-a687-3e982e24239a,
c12e7b2b-cf14-4595-aebe-1d8fdc91bfa9,9ec7ffd2-0ab8-4ef7-821a-a9e49327150b,
b1c7db3c-d55b-40f1-9577-7c6eee471428,e121f646-49dc-434a-985a-e2afbca64d79,
32aca207-acbb-4587-affb-322dbed32775,fc486e4c-7b5c-4678-bd62-7ec1417ecf02,
caeb7f7a-15f7-48e3-b25d-c94a9215e3c5,9618dd20-fad5-47ef-9780-b27431d960d9,
f96145d7-c76d-4b0e-aa02-53cb91f44b8c,289ea5fd-72d8-49db-821d-2dedfe14035f,
b900b8ce-1057-4fe4-ba9b-b791823af448,078be96c-8347-47a3-bddf-43b298d3eac5,
e36d874a-7bd4-4c8d-aa86-2fe58aa7fee5,03cddf0a-c8ae-4789-a2b4-5c1d592053d2,
e0f78996-7cac-4851-a59e-d920402a5537,96e2419f-8650-48ca-b2c1-748009b7c8a8,
c42c12c8-d4e8-4c0d-a09f-8acb3d5de5fa,37578a9d-3590-470f-ba23-f23b97d12b90,
1cc1d8c9-cc3b-4533-b73a-18ec18cd7789,cc26c5d4-df80-40ec-bd9b-8d3f35679609,
1b249cc6-d454-4f01-87e1-93cdab731238,235ce656-d05e-4be6-a634-ca043c90ebe4,
9d4e2ed5-f615-4a66-be6a-ca60ce0c417f,7924a471-2db3-4a67-a5d0-3133792a2005,
0b329ed3-527b-41be-95cd-27fa493b51d6,ea702ef9-91c8-4d77-9234-f8bf773b6395,
c1ec8ae2-c46f-4504-bdff-f5d8460ed4c4,1929d5e7-8ce5-4d83-a3f2-cf259a07df6c,
486b6129-4e2d-40e1-b04c-f321abd257ed,40a28f81-f885-481e-881b-935d8696f7d9,
7359c4b3-fd9f-4203-88aa-3ce3b85241cf,1a3d9328-8165-4e2a-91f7-86dab80b2a50,
349d329c-d738-4331-a7af-2f50830d31eb,1d2fce3a-f3cd-4318-ba91-edb73ecb1f7f,
2dddd768-9ecc-499e-b798-9bd4020dffcf,6c4e2fcd-3d60-4b32-ae88-307e4cf3e9d3,
455dced9-f847-4499-8e5b-f23773d0b7ce,28266de6-c6fb-4eaf-8108-249559b7a3ae,
220f6bba-0d91-47d0-9dd0-82b7c9cd38dc,3af670b4-2a64-4983-b6eb-3f16cf1d12af,
16872fef-cceb-4e50-8966-0d4222c2f844,74d65d7e-11fa-4878-97a3-fd3029ef2fe7,
df6e59a0-0439-4ec3-a126-df4ae7d312ac,c8835526-697f-4fc7-9bdd-ba7790c7de70,
009063d8-1b64-465c-ad96-7374af760497,01c2293f-be07-426d-ada1-5350a4d7699a,
2876bccd-81bb-43c7-9c94-2e32e8c4d3bb,af402945-3724-4ced-a14a-e3511e6b848c,
d1bb2a73-101a-4614-b56d-b035ea7009b3,88271dff-d3ec-45aa-8078-7f4c44d212b0,
1225c11a-d441-49d6-92a0-704e08029ba1,6012989c-e876-4789-b76d-eed276019bdf,
5db70019-3171-49fa-8ca8-e08b6de7bdd1,132f8acf-d70f-4e80-93d4-d560c7db65b7,
079afa38-e4dd-48d3-9b70-9d37fc944893,0d2196ed-907f-4a2d-9583-2aef814b7613,
86972e5a-1ef6-4e54-b189-42389434558d,1719a689-b25c-46a2-ae27-8b5be484d977,
4f4d0210-7096-461d-bba9-55717d314c64,2b9b0fc9-1874-4663-8c2e-2c9ca591d70e,
31377f89-30d8-4ef2-b993-06b9e878c3f0,b8a8457d-34e5-4d3d-ad4c-7711930c33ea,
dc7f67d8-920f-4e65-a557-cf5817594e05,c02508a8-2542-4166-9b69-5c848768a5d6,
c0c7491d-75d5-41b2-b046-0034357d41f1,f5acd11f-9390-463f-835f-dcde474aa8d5,
b653e20b-c800-4fb1-bbc0-042cab9e28e8,e03911d1-75e1-445d-8738-cc39581dea39,
2b632938-ac99-48e7-8f36-fb5171e93477,8f901331-2495-4ae6-a9f8-7cec4b219691,
4402359b-63dc-4972-bdfe-87d640224fc4,85a14b21-4e1a-47b9-a2f5-acaa00c13da4,
da27bfeb-1119-44a8-a9d6-6070ff8b73da,6d4a18da-44b7-4560-8e23-08cca3d4bb8c,
514aea00-49a3-4e56-be4f-4658482f95ed,bb9d92d1-cc9a-44f9-b460-cd81bced088b,
ac57b382-7c4e-4d5c-9eb3-e1dab6f177b9,74f81871-7599-4b17-8c58-5a70ef413c8b,
36f46ea9-4828-4ff6-8c25-0fe2e5992fd8,66549c3c-1c5b-487c-bb7b-db3248c001fd,
c79ec3f7-71e6-4203-a5fa-d07f75efd9e9,6af7c202-f23b-4f5a-bb60-79a0c5f5e887,
c06e98ca-4e3d-4094-8768-4241694b3ad9,4552370d-4c8f-44f5-b285-88f84d2f1eb9,
50b37752-f801-4034-8f6c-f6bef8d890d1,fbe1ce62-8d4c-487b-a065-39e5a5e4097f,
15b037e3-1bff-48ba-b022-8052019a5434,f40c24b8-e7c8-43a2-b6e5-581d2d0abdd8,
0fff280c-15d3-4e2f-9261-f1cc3af32873,697b46a2-3dbc-4c24-af24-fed9f0d0e259,
fef74be5-fb1e-4767-a15c-d6b20c2b06a2,67300c70-8d0f-4d0b-afe7-b95ee4875ce1,
b6d3de35-d67b-4b76-88b6-c0438c9eab40,db35f985-521a-4343-8b6f-7b310c6838a8,
b66303f9-a9ed-44c2-8e91-2c805cb32ea8,fd36a61a-b467-4324-8316-43dbb2be046d,
c0857316-763b-46ff-83b0-04d37537baba,659f197d-ba05-4c95-bae2-a89a57c19483,
7c387e17-a4f8-456f-a9a8-21733924ce9c,36f34170-2b10-4ce5-8cf5-b01e0d9eaa1a,
f6e26ac0-c699-4757-ba2a-fed00d45e226,9b09e217-8bad-4134-9118-0091a8096b93,
754f2fcc-cdbc-4d52-8d67-0ca15205add8,5360cd17-38b9-463d-9885-8c1ec07f9c51,
3a53fea2-3aed-42c9-b2da-b45057dae3e2,ab3f7cb7-4fd8-4986-b31d-10c60bdf4eb3,
d217a1be-e27f-4699-a2f8-e55885284d01,6adee4f0-8617-4e30-80ca-0361918f569e,
a1196bde-ad6f-47ee-b098-4b0041a08d95,6281eecd-01cc-47e4-943c-5eb56b20d563,
d0bbbf1a-cb55-49ab-b283-a83328c395ba,3bd219a2-ba60-493b-ad7b-fa374fb58e66,
28b2a230-507e-43a5-86b2-c8a5366dcf30,f5e28d2b-66b8-4841-9a89-0797e8b401c4,
1dfe8f03-8d18-4fbf-8798-f880afe6e75d,a0f9e109-4aba-4ff7-a3c6-5454a8a537da,
ee461fa5-ed2e-43ae-bdc2-cf02fbc753bf,83b2ef08-6c45-4b74-9ac5-6c5640303b55,
aa6b11f3-7329-4e42-8c6a-0aed3f2bc35e,07031135-d6fe-46eb-976b-cba35adff580,
52d31e5a-16ec-453b-9e0c-895698aa3506,f95efce7-d285-43d4-9e94-8d1c29a3b9f9,
df3c5093-3f74-49ff-aef1-dd5929ac76a4,198018a5-a968-4537-8606-baeff8b2e937,
c269ac3f-aad8-4a2a-a5a1-b6e9c0cf0d4c,689e582a-8303-427f-abfa-e1c99e68caa2,
370e2842-ce69-4538-9bc0-996a5fc6cf19,a5487ac4-d075-4206-b33c-5664dd8bb91e,
5a726d94-861a-4a0a-9d28-28dc161bd10f,60b12d23-8fa4-45f2-9503-bd6e73f75233,
971d282b-f780-41e4-a529-b35e47b9f50f,e7e45d1a-e83e-448a-8c92-328efbe2965b,
5ddf99f9-601b-40ea-a279-e80a5478bf9a,f2368596-adce-4237-8de9-df8a39730536,
448bfb63-d216-4ee0-9287-73ce7b4afaf1,cb4b0126-1b67-4f98-a094-121a8bf20978,
92135df2-9550-4f5c-91e1-b79fe0e20adf,dd6f6ef9-f75d-4432-9bd1-c11b6a5380e0,
aa9b9077-307b-465f-9d35-45c0eab98258,03f76414-da51-4a1d-85cb-12f53239ea86,
9cb63129-6be3-4faf-afd8-0ef978aba44d,261eaad8-1e22-49fd-b76b-da413856c2e6,
a2cdfe14-4a60-4003-9e58-01d275244341,fef358c0-cc4e-4743-b892-0d58b8567e22,
f6a4a42b-1801-48c7-ad5d-48c96673555d,dfe79542-6f19-4ae6-80ff-1ee9a6a1fdab,
09d151b9-4dbb-4f17-ab8a-2db32e0438bc,160bb9d6-1164-4f70-a5d9-0b991717ebde,
892a789b-d17c-485b-814e-c7b7147f964a,87fccc69-82b0-463e-92fe-c440a14a06d8,
fe39e4f9-0563-46bf-bdac-3b7fa9cbe8b2,65f2d07c-09b5-4ea1-8d52-0d8d79a6bf05,
d7322067-1816-479d-80fa-aa02a42b9d61,ab2b6e9e-e49e-4936-948f-92c6bf94e2f2,
d53e25e0-0e54-4538-9ed3-7080f8d119ff,7071025a-030e-4adc-b8c5-981ac1a4d48c,
69d5a526-6e54-4bda-907b-f999ecc4366d,a17d0dc6-bd52-4241-8b6b-812c24dbeed7,
16b28e8e-e568-4e28-b9d0-d31e7093b0ca,33b21b56-95a1-4e4c-acea-53d333ad2c47,
be0f97ed-accd-424f-bbe6-652218a82b8d,11b189a7-f42f-4fb4-ba75-cd22980e8ddd,
3795fcb0-ce6b-4796-a331-dd4a7afa1295,add84491-222e-4956-b9a5-bd82be7e35e5,
a8451c48-636b-49dd-9bd4-4f422e655bca,747ce110-8fab-4015-a218-7101bc77d76e,
0fc17dea-435c-4ccf-a160-8613b6c8ca1a,d1cd5ad7-83d0-4f02-819d-3d6b653111cd,
b846611a-8cda-46e7-a811-ee63a705b2be,d91861e9-0670-4874-8b14-06dc1ebb94e8,
3637c965-03d0-4ad6-8769-469cd325460f,d69a85c5-c7bd-4bdd-9e32-9066cfbf9af1,
b83d1dcb-65c6-4895-9959-103a49f823fa,a2e6947a-0dc1-407d-9402-e036b2e5ed52,
7dec4880-0c38-4a84-9e70-29bdeee6fb5c,e3966bb5-f804-4d90-be9b-7f78705d7152,
324d6c88-2ae0-453c-8a50-86179f905344,daec38e2-caa3-41d6-a062-4c2950298a53,
329691fc-b6d0-4dfe-ade7-5b343f01421e,860c423c-fb4f-4fab-8529-755c7cecabfc,
a3f65475-b4dc-44f2-9601-970992194923,c8e74fad-6ae2-442a-9272-39da0ff2460a,
3cafdd47-c402-4c61-82d8-dcc844b15700,86ebba2d-ef41-40d9-97b6-96d22d60833b,
f9164cbc-158d-484b-8257-0b1c24daab42,c0e6a0ee-d809-46fc-ab7e-2d181464b712,
b0f74ef3-c600-47ad-852a-382851d46573,b2b6561a-43e1-4b7a-8543-faae87cd5404,
0ad88436-b228-43a5-8466-fad9a1d8497a,19e0c21a-54a8-4f03-ae02-abedcee9cc69,
20441f9d-cb5f-4b23-a3e8-0a7552b370e8,edbd76f7-8d7d-40d5-8e31-01ce703b8551,
e41f0dd3-7774-4e2a-95a7-8cea72d51708,9def09d7-2940-4277-b9c5-43eb2265befd,
baae3064-77a8-4675-b6c2-e411c23d969d,8f5f0e64-fecd-41b7-82c9-ea2b125fbdc5,
d9924b5a-e2a3-4ac7-9f63-7808fb75161a,d28a6f14-b748-4d9e-bbfd-549b48194cc4,
a1c25cb5-71b9-44b0-8419-facda4134ff1,d07acaf3-5b9d-4685-b6ea-5cef9541821d,
2e49e761-f095-4967-ae22-b778062f22ea,046aeda4-32f0-4a9f-8c91-fbadd79877f0,
049a87cc-daa5-40cc-869d-62fc3d69556d,dccd869b-ba2c-4eb4-aaea-687442a30bc9,
5669cf0f-b575-4bd4-80df-3c29dd853b8a,219bf2af-17a8-4174-9fdb-eb70c946ded8,
0f7a1165-428d-4552-9f70-6f9b955b3bfd,9448cefc-3715-48c9-a747-b90b5c42ac76,
6339b44d-7db8-44f3-a2d6-3e433885fcfd,764c3c58-39df-4805-ab8b-9412b198b772,
30098120-a7b8-4fd5-84d0-6abacdeb34ba,edcbec67-c2e8-4921-88bd-4ead56cf5c79,
6a1581d5-8bea-4ddf-9904-1cfdbfeabe00,3d9ba945-1c14-4b0b-b150-32bed5340b0f,
c50bc1ee-2201-4a4b-bcb7-91a57f8e4328,e6e0f3fb-b3da-4148-a0d5-4b90ec09fea5,
08de6563-0632-4af7-a354-935c5a8cd018,7daa52bc-ffa5-4932-983b-52c2c4e96812,
0e0f2996-c52c-4797-93e2-401c184e731c,f28f8f96-dcf6-4557-b833-1f1a0fbd5db2,
df9d695d-a762-4c67-9e85-6c4b3930224d,c6464f9d-7e5a-4965-889d-5dcc755c7e3a,
fc7b2bb1-6b60-4eb0-9baf-93b18095453d,21a14281-6002-4896-ac8d-34d375cfe17a,
398bb80c-aa90-4567-baf3-803cc91b0c9d,3b9356c3-d9c0-4b1d-831e-f262eceecf78,
dd227997-5501-4154-96c8-2285f71cdb9a,bbffe7dc-cc72-4505-a31a-82c361ede816,
b6cb221f-1182-474f-a415-780dfc25963a,60c62d92-9c33-4473-a423-c74cbccfb7d0,
d10104c4-cd00-4c1a-b977-662db89efaf1,f2b974b2-b6ef-482b-9079-667d1c3cd184,
45dd36ef-b51e-48d5-bf75-a61266d8c0bf,9513cc2e-d7fb-44d6-9fed-ff653e3c87b4,
190ed604-ce07-4ca7-8384-9575a0a2ca33,d4e60b98-2eeb-43e3-9867-8a7bab7d994d,
1960d9f3-af6e-4cf5-8bd2-9d37bfc179c0,f8a95334-85e3-41bb-bffc-51ce70c24105,
6799fd36-2c49-4fa0-bc84-05a7e5db96fe,391ea28c-7a8a-4ab4-9df0-ee5fe2aa4f61,
a632ff87-a407-41bc-bac4-226ce8fdfb4a,8b0d372c-5ee1-4f12-a2f2-a299a53ef6f9,
7c930e77-84f7-4533-bf70-743e52600033,d93bf9e4-84b7-4827-97c0-bb2a327cfa05,
3b16c9d9-1f8d-44f4-b4a9-9362a17ce9b9,9e6d1176-6294-4aef-8e76-3cdddb55fa0a,
92f84231-0e50-4ca2-9b84-352c1328ce0f,61f50dca-bd52-415d-8c08-f1578cf69b5a,
0d41a50b-1316-4ecf-a2c5-97c2ce14117d,3993d1ec-c541-48bc-b6b2-ff957cd8f6a8,
991c709b-7a69-48af-a6a9-124df66d9633,d3a162d4-4aed-4968-8a4e-0ed27b6e4d16,
248cf9d0-fe66-4d17-910a-df67ccee5402,b0e63357-d3ff-4cd7-b5bc-6486c59ff07b,
4b85fdc5-1799-4b7e-b841-46b3e4cce2da,6af1e769-badd-44bd-98df-8d16e335e3e6,
0757fa4c-b0ee-4172-bd88-16b5627855e2,faee27c8-470b-49ba-8b7a-ac0cd3ead8f3,
24c2d38c-b838-4f31-9dbd-2e893b1be818,8ba7afbb-1010-41e5-b21c-9b973e46835c,
818e0c03-be86-4551-934f-fcc429575016,dc932f3b-f26f-43ed-b9e9-83866edbc308,
4bba4b6f-33bd-4c37-87b5-99dde9837403,2873bd46-c4b6-418d-8a4f-b9da8f884169,
00ee2502-3c69-4792-97d7-3c6dace7c99e,07317f25-24df-479e-ac94-16e7b08aeef3,
99916520-4f37-4447-8182-4490abdced91,daf75cdd-91fc-409a-842b-168bb944100b,
9e2f7bb9-2c55-469f-a148-8bfbef81287d,d2f87c08-d862-4b43-9de0-fac3a30e5531,
a8cede41-322c-43e5-8360-d0eb2eb4091b,c2eec130-f622-477a-b85d-b98ff7be10a3,
70f674f2-3451-40cf-88fe-ec733aaeb340,c369c46a-fd5a-4b69-8cc1-bf350b81c500,
e7ee0a5f-33a6-43d2-bc90-a3f1b193c74e,52ef774f-0207-422b-9467-e6f93436d891,
4a499764-fafe-4b4c-a231-e53259736c5d,41a14367-2730-4773-8a54-ab07b17249c0,
06d11d66-bdc3-41f4-80f0-c15b8d126915,47d36aed-935b-40a9-b239-7e1d42999b2a,
b518aec2-3388-4fad-a157-354962cb3783,e37778e5-3c44-4579-952d-f303d9d9760c,
34e50a19-6c97-4a9b-9636-610194811da1,9b270947-1bd6-4bc7-be9d-257aa8b1d654,
a1488546-ea1c-4820-9128-d76722c1d749,ef5ae1f2-ca07-4113-849a-e80f1a27a5bd,
77dd3c1e-125e-43fd-bc4a-55e6d528a8e2,ea071b27-49a5-400f-a496-cda2eb7b53e7,
71089ba1-1f47-4a7e-a3e5-66c7e38a0b03,96987ae5-0803-4a01-ab07-30afff543638,
44ad614f-ac7f-4455-a207-aec4480100a5,55b970a8-6756-4d0d-9f8f-1fff6d25ae92,
fd87d064-b5c2-4dca-8b73-9344c00b8882,7dc95f22-a2be-45e7-80da-c5e3474af917,
85cab738-1f89-49da-883a-ff8002916f62,2dbeebcf-a699-47b8-9326-6ebf5d6f19b8,
720b433f-3ea6-45e7-bcfa-51fb03fd9170,3b983eef-2ec8-4363-9c7f-286d90409039,
25effa06-4d6c-4d95-9e72-18554ae166be,ececcf74-8598-4b27-b463-5f6fd07beda4,
314510dc-9ed7-4b94-8d9d-64e6e0b6bcac,606c027e-5e04-4f87-b748-104ce6847815,
a0fb83e0-94cf-496d-aa15-5389cda9cb18,3ec9122b-0dec-48df-8d93-d9665355e524,
e7d864fd-f2eb-40ba-adac-9ab75dc2b4ae,98496431-24f5-45d5-92c2-cd8c147f8cf3,
b43625b3-2df5-48d9-8693-3a9c8f52062d,c7889825-7f48-41b3-8991-5ae4f7dd5db3,
13adcb13-96ca-4800-94da-d82326c9b7f5,903b191b-59f4-4791-b753-a13f682c0ee1,
d5931d33-7391-413e-b46c-ce794cc4def4,5f25c8fb-1fca-422f-93fc-df98d2a2e47b,
80c6116e-8723-4616-80f4-41e7734c3d58,3b88c300-b97c-4d5b-bbf7-dd6adac7b68e,
689fb7b7-a46f-444b-a85d-0c66e6bc26f5,0032190a-62e5-47f3-ac6a-d555eb1098f9,
24deb693-dfc5-4664-bbf0-93d58721f7e8,e07d996c-db08-4168-87e8-37daa422956a,
25cfedcd-fe10-4084-82c2-a2be729c3c46,7115adc6-24b3-495b-b944-abbed2f719a6,
bfac1657-29fd-4f05-aad9-86cf2c5047da,ca968c52-cabf-4c7c-bc0a-63bc6dc92bf2,
be475816-c324-4d40-b309-135d0d61baf6,2e7b90cd-f13a-4292-b882-768c03820a4e,
fed336de-1a87-4b86-84d4-f3ac1b17bab2,8392c3ae-d80e-4dbf-949b-34efc5443f4d,
6c2f79aa-1e1e-4433-bb66-45045af75dc7,a64904b9-3cc5-4de1-88fa-719ed538a7ef,
1f146503-0c53-42ed-b33e-951aa2d257d4,809e44fb-0359-4630-9a86-997c607d61c8,
8d0d9297-cf2b-4173-a8d3-b7a2671a75d9,da439ab6-5c33-4982-b72c-52910e70894d,
f9e69c8d-998e-46a4-9c8a-227a3d9ea553,396fd0b8-230b-4373-ba91-b54996e8edfb,
0c00ed41-f8a1-4619-bb7a-f1ac2116273b,d009f14d-9f18-4c17-9bcc-600a65528b12,
210e8d06-f470-4c04-8772-769c781b388e,f65e5f51-5f97-4ee2-823d-fd429479cdab,
e1686140-3eda-4726-9c7a-0808b1b5fbd2,691d7d8a-fa7c-4c1d-9406-cfbb3d1f244f,
07cd6a97-48a0-4d13-aba8-be2d92543f8b,4f4952ea-b83b-418d-a84e-c31b2b359dea,
bd75a8e4-ff22-4d96-a81d-16f68670cbc4,5cbb6646-040c-4d94-8bec-6290b3877912,
fd7af603-44b8-4fb6-a3d2-2e349d0f2e95,4e834eac-b5e1-4fdb-a5e9-19a9cd9f0f93,
5490de29-5817-4e14-9dff-0983928402b0,6665b057-ed4a-4c76-9805-f0fe0bed7dfa,
64c73283-1d5f-4e7f-9e44-e70180dea28f,81395cec-9fc8-4268-aa54-17b1ca0be1a0,
3f043905-a527-4fcc-90ed-95e6a9ec9f83,b0b3357e-4536-4990-95b5-7a6c135954d5,
8e42fe29-4291-4737-84b1-0bf2136592f0,b3b41d5b-eb4c-4639-95ff-a1bd291610ac,
2a436fd5-2406-434e-af94-99ce7396c0b6,7eb1c5c9-b76c-4180-9e3c-8f597d7bed0a,
11248370-97b0-43a2-af6a-27fe85524122,b346d27f-b584-4ac5-9de7-d7181ae5d702,
99e9aebb-1ffb-438a-b7a8-f4fd5ec82cb7,23e2d62d-0c17-44ce-b20e-c155332a3c4f,
28c64da8-8df0-4314-9ea2-ed5ea7be4264,e9a55e1c-fc30-4588-bb12-e269b4d3f1c9,
b9d769f6-8891-4383-b184-8e12f8100af0,0bc58c2b-2d32-43e1-88fd-3c6d46ab2f3d,
69d94e2b-262b-4f5e-b6ef-ce218a2b2bdc,4ea6f3f2-3425-46de-850c-77ef156d1674,
d577f4c3-e055-42e6-9229-9d501dec9516,8f95fb02-5e64-4e32-b656-a413c1a5ae37,
674247d9-f868-4577-9041-d21843f18ebc,a0312b43-a8e4-4383-b71d-8a2f5187f9e0,
439249f4-675e-4a73-875e-ddaa1284e898,1088b258-b0f7-4da0-924a-fea585069fc3,
d5f74c08-2524-43dc-ba60-004cd2cf0474,908b0042-872f-442d-a815-ff2e28117327,
931f3925-bb99-410d-a181-8e4f0ff3c5ac,048baa9e-e940-4927-bc36-9967ea338022,
dca55737-08d8-41c2-ae96-46b31da4c65a,111d6c49-4112-4b94-8f09-0804d360b734,
35dd5229-e078-420f-aa55-9bf5bb80e089,3ed8002b-5f7f-403c-b11b-64c999518d62,
d9c62c49-59d7-4067-aad4-2627400a7e81,ce7c4cc8-e58a-4584-a219-ba31c508bb7f,
5493d760-6dc2-46c0-8fb2-e401fbf11c8f,f096b87b-d8ed-432e-b1d9-3d1be037b11c,
fb909bdf-7a41-4b4f-ba93-eca33879a055,013da748-0ee8-4a69-8f9d-bef4884ca9bf,
3e051c18-0dd7-49ab-a634-6bb184af8008,425f0ba0-5772-483b-bf9f-63558332769e,
2006a4e4-86f8-4856-9208-249a46704fe2,b6c60e2b-cb89-4b4d-8ccc-c15a8dd2229e,
6d7b8e57-15ed-4255-8471-448ee5d586fc,99424794-3e49-4f94-9b15-d748f2661c85,
16428ab4-5f30-4661-84aa-3530cb11b2d5,fc5df4e2-870e-4a09-b74d-27d09ce6a18d,
80fd4a24-97a2-4bc7-a042-7a64bbf9c7da,5b754584-d906-4489-b077-6a205c0b7bc0,
c0cf22f2-12df-46d7-843d-8f2be3f21f49,76ba419b-f4cf-4572-8076-2911c1fc2ada,
bc0ba6cf-453d-44e9-b420-ea2a58c326c8,5d4fca15-8b84-4671-a982-ed9c8f49a486,
4f3b6a51-005f-44db-8d2a-023767432e7b,46ae8956-0880-472d-8c31-9ebaa491fa46,
1fd14968-8aa3-479f-b317-b5e989c437af,7874e441-bbb2-47ea-b2a1-d276dbae13dc,
44487f4a-ffc7-420d-a08e-0cd074971051,000fb86c-aeba-4b6c-96d9-ba2f99e30913,
dc9018c8-d53c-4fd7-8d8e-8c8292a1fa2a,255139b6-168e-47d2-b9e6-b6a314a24f13,
1ef2ed4e-101c-4357-93e2-8780014e90cf,c12676bd-ebd7-42d6-9f4a-426a441949e4,
e883e44d-7d09-4f55-8c38-1aabc3b88429,23564ddb-d28e-4f72-bf51-e0d589c9e352,
6852bd32-2499-4419-a1e2-04abf3d8b51b,ba1784dd-5b07-4456-aa6c-a70fb38f5cab,
7f5997cc-267c-44bc-a382-e62d70d4f16c,100693a4-6f55-466c-ba6e-d06560935133,
3952ad0d-4300-4d71-894c-8da7f6dfd127,9264259b-2d31-4c7a-8d42-2f3b9999df42,
77459fd2-2ab0-4c1a-a3a4-ca65770ed231,000949d3-08ff-42f8-bf57-7f692f5c66c6,
1fc20fa1-faac-4bab-a1c7-4f41de83fe3a,d16219cf-34eb-445e-95a1-6ce8ce4741d5,
3d9f8368-78fc-43d7-a1ec-1eb4023d7662,d10f2743-0eda-4122-9f05-b5a0beac98ad,
4b694d92-4da6-498e-8701-4c2a19184a08,0c00434a-9f28-41f7-8ebe-36699d6f6f61,
23ce33f7-057f-412b-8571-ca6587b1dae8,753abc39-bbf8-4342-b011-8171a3f3da09,
03685399-608a-419b-bfd1-5ae7312ed029,092d02d9-4a9e-40cb-9a64-cacd76584114,
5a986a32-004a-4560-b71c-40a8ce6947d6,71a6ca11-4398-4ef3-ac9e-31cc7ef4a4c3,
2128d207-ec08-47e7-a697-65a96950fce5,d38dd645-7c47-4b15-83a3-4935aab5124a,
7e83d88e-f20c-4515-a36b-96229ef6980b,9203311c-9936-4e62-b36b-6ae19d765d85,
47c14003-07ca-45a2-a099-8c01daf31246,a689d2db-2688-4f52-b479-9c8100e7c219,
45321d0a-22e4-4283-84e3-085d7677580f,feb50cff-7137-4e5c-9540-803b632c98d8,
b499fdfa-cd3d-4f50-81f0-15436d00bf1f,bacb89b3-0040-4f77-8f43-574acdd32bef,
0a59fec1-6fff-4703-a69d-a550e597e22a,f90f1477-0169-4cd4-a7d8-9f6acea46f99,
1216d6bf-65b1-4911-aebf-15f962f126f9,14ced661-44c5-4525-b349-5b50389a37fe,
27c51b97-8f5e-45af-b850-2000c5583df7,c9e3d801-28b0-4c28-8f0c-707b4c16e385,
06537731-5f95-4da5-af83-5975136f9df4,fc4b781e-3e5a-4d7e-a61f-d32083ebab22,
5a46ed3c-b5f5-4d2c-983d-9bca8715c80d,c00dd3f9-1a6a-451a-8722-8638dd8cac53,
33cf3d48-b44a-4c4b-a20b-6a3a1d8f6663,f5fe3d20-008a-49e5-b74e-bbc6cd061eb9,
39786130-b5f2-43af-8d69-a3eab2fc3c4f,f99667e8-5f06-4c4a-817b-2dfea7883da0,
9695e17e-f1be-43d6-ace9-02e9a93a5852,f03a5467-c8c7-45ec-9b27-1f176f7afc23,
bc9702aa-39e3-4d39-ace7-9e5c0975ca62,b6133322-c048-47d7-9317-17b5f213bed7,
805afe80-2a21-4400-bef2-b5dffad7e313,022bf488-d95c-4ccd-aa98-5742cf2becae,
1f7b0181-7514-492d-8f62-5eb369340c3e,7590a787-681e-4f31-9c75-33afe157de15,
e6c26f72-862a-49e3-a43b-0eb30beca91a,c8d8faee-271e-4141-9bd6-11dd3f0eb6fc,
a2ff68e9-1032-42c7-929f-8bf5c60ff3a2,fc72c07c-beee-4581-97f1-cb5f01b6d71e,
05f9b51d-1dec-4c78-828e-da8082408391,3f000a66-1e99-43f5-bdd3-70f59c0574ad,
6f7069ba-4c8d-46c1-8857-6246add0ba4b,0465543b-3952-43f1-bc67-04f68087cf08,
4b6c3753-66e8-4a03-9147-c00d1f4e81d7,4d6c81ff-1ee3-4699-89fa-2bb845c84f7e,
c61a60b7-81e6-4833-bfd4-ae58d90a512d,086efc42-fdb2-409e-a713-2e6c8c063678,
53840ee6-93d5-4332-afcf-cc4f047514a0,f489fe81-a0ef-4231-a71c-a7daf9d7b5b0,
67399678-5888-48c6-8711-fd39c3c291f5,0fd88e96-933a-434c-aafd-2eb697560427,
01eb3fb8-d17d-4033-b65e-863c3f3739e6,2bae1619-d80b-4dbd-bf58-cff36ece1801,
4b340ac6-969c-452a-98ce-67a8cdc5d4d0,8086252c-6500-49a6-ae86-2a562b7004df,
691ef0da-c313-4742-af8b-d6eaed9a32c9,8d566b96-5fff-4164-bb22-de51c59fed99,
fd653ef6-6f5c-409d-9b4f-8d9f8e8bf9f9,9db03124-f068-42cd-abaf-91f690d9a56b,
72378f21-2f1c-403e-9448-6fefccf5b401,506c0146-f59a-47a4-9c80-287b07b14ecb,
2eec7203-e94f-4f5b-b527-8c9e78e311e4,655245a5-d1fb-4eba-9dd8-8a887cad992e,
71100c72-047e-41cc-9a49-3c8910e19706,11d5ea80-f43a-4c9b-bc9f-8ca3f91d9303,
2120223a-7032-4b85-9771-a5cf3ba8d729,67beba1f-61ea-4f43-93a3-652a895f7d2e,
f0e468b7-cb38-4a00-94d2-19b5b043f1db,7edc91c2-eec3-4fa5-9b9a-47942fb83db0,
f29094cc-d92d-4b71-966c-39f6ceef5dc3,10be02f0-b5d0-4569-8aa9-1059afba4193,
73865d5c-4651-4771-bade-f85f8d136b8f,98aecc30-5b3c-4bba-9be5-0dc8422bdf21,
62cc93d2-7e0d-4604-8221-bbe34549219d,a2bd46fc-07e0-460f-b8a7-e33556c1407b,
9d398694-91ea-46d9-8c41-18e8748b6ece,ea6c217c-22e3-4335-8b39-bcffd774837a,
0651ac1c-ccec-4856-877d-c52155eb2113,50412c7f-f189-427c-b384-bc03fc103c0d,
50284f49-e2a2-4f22-8380-91a6dc59bc68,c74a4692-7803-41bb-9ebb-ff4f3b87f5fa,
a5ad9b9b-c543-48cd-b0b1-9ac828ae20c7,fa702e81-3069-4f74-a0c9-3f8fd4309dea,
b62120a2-f6d4-41a9-9f72-17208f94a2e9,87698dba-050c-4b1b-9eef-0bc97ed2be92,
fbf06f93-69bd-486d-9a15-cf97553818d0,a8207de0-7b64-43ce-8727-930f8535c19f,
a2361b93-23b8-4f23-9131-dd38b2814a6f,ccb0099e-52a8-4118-8e19-c0d2b2330ff1,
f0e3fc98-f3d2-4cec-985f-c585e42dabb1,fe6d77cf-1467-4a40-9fb4-77a286ecff90,
da7c989a-462c-438d-8d9d-e6d736c3ec0c,85e071db-5623-4d9d-8712-057d4193b0f2,
2b26dbc6-0ebb-4d55-a70a-df0e1f6f6f5a,ab71719b-6bd3-442d-87f5-16f319e2654e,
d009cbeb-7539-497e-a0df-47ef90a9f9a6,71bb0cab-40a9-4cb2-af9f-87343eb4299f,
1609c7d4-6252-4023-a15f-c99baa4e34a3,e2d002b9-ae5e-44da-bc59-69757be6cbf7,
ee743541-0480-4a37-82f5-a2b821c1ea88,3534b93f-9253-43dc-a67c-162284caa75d,
a2d31a56-db01-4574-b67a-e1f5622703df,eb80465d-3cf2-497d-a77f-a31bfa0e92d0,
55b979c6-be99-47cb-8b11-d1b97f242ea1,060a620c-1a9f-4b94-82b2-bfb2b46cc22f,
29a5c29d-bbed-464f-8909-c92617a0053c,a6f2b923-53c8-46de-95b1-c57c98157232,
10c8c70e-65d9-476b-b882-c5326793c204,4cc616f5-a7ac-457d-9f25-901a92c0a54b,
0f9539f4-6982-4e70-8809-6f1c4483cc5f,2d349617-6110-453b-bd79-884b1fbf0584,
2db2f543-caec-4ccd-9251-e41b2cb98148,8926ce0c-827f-42ac-ba6e-afddade26cc8,
4b24eea8-03cb-421f-bbf0-4e963aa184e7,9234370f-4383-4e27-bcb0-fcb3ab5c592e,
9a8e964e-5de9-4edb-86d2-249dd3fdde7d,fe661df2-0f4a-4c09-8776-e3e9a1508442,
de75ec42-2d2e-4aea-afb1-9c2225fcce76,4fd9d97b-8184-48a8-8b80-8984bdee399e,
e00e25c0-f5b2-4f21-825a-1dab8b0b07e2,32e5cbbc-c234-4f97-9d1f-0a64353548ad,
270bf00d-4338-40c1-8e4a-073d1438c422,8ccc253d-6b0e-4c84-8d77-479a575f0680,
f2ee1031-9dde-4caf-ba61-ad10c8a5741a,427609eb-78e9-4588-bb07-589031f8f9d5,
823f2782-ff7b-4810-b038-6476c6fd1a6f,54c2181d-3f14-47a6-8068-7749ea893dc2,
0e5acc86-2ba1-4b80-8848-2721922691cc,625cee5b-d1dc-49a4-8cb9-0e0956700419,
a9b126f8-9bc0-4738-a1cf-9f455ef97705,218945f1-e231-438f-a65b-c25b0ebfc568,
0889173e-f087-40b8-975b-ade620c2e467,15cd019c-2409-4947-9b7e-a74c258c2c5a,
98ba3231-e793-4734-8800-93e75e4acc95,56b40f2d-59f1-4f1c-b199-d38a43837ef2,
ae527726-493d-4152-9d9d-312688c0396a,6a38b354-04ba-43c1-b5df-85a7e5c0344a,
e4719d80-f334-4d46-bef2-f690ac01a85d,f44afcca-9384-4a24-a6f7-6c95dcf397ea,
de9460fb-f8b0-428d-8453-e481661bdfef,93e24173-77a6-4c71-bcca-db9560dbbec4,
3bcd9727-4cdc-4e54-a72f-70c2d4c62037,645463e9-da79-4eae-bb98-dee9067b86d3,
ca3b9852-40a0-4b77-b270-8f66bcbfcd41,7270e9c4-5a2e-47a0-aa5f-fc56e64b74aa,
8c8708ac-7e2e-4489-8a77-b7e8418358ca,f9536fb4-2e95-4e83-904c-48a599409275,
01300215-9188-4e41-a173-69ae1e72d372,17aef54b-7ed7-4cd5-a889-7c07a18ae029,
fbe91b57-c7e8-4bc6-a00c-2f4510717cce,7e43e9ff-e083-4937-b0bc-b7d7ad8ad423,
b1cab7a8-9128-4fe8-952b-b908c43c7365,095f839c-b9d5-4cc5-941d-f690e640bb77,
3d35ce71-c575-44ba-bcf1-f411d4c5b2e1,91d162c8-3363-4143-89ee-5cce3b24b95e,
f37c27ba-0751-4560-8715-c0ab9f3e14bf,e5686fed-9ca9-47e7-9189-cea14459c2b5,
32cea00c-22ad-4b09-8f14-2cf9843bc46a,ba6cf153-7656-49b5-901b-b861bda9a598,
6ff1ef69-d325-4283-873f-4760bd1e88f2,a32c6a8d-ab38-4bd8-84fb-c076bd7ef30e,
f6d102a9-20a8-4f89-88ff-cf9682c65f98,9071f42c-bab7-4760-adc6-898d086ece4b,
66925f2c-412f-4175-92bd-a4295fefec02,a27c755f-7c57-4245-96c1-d53acabdcfed,
d1c7d2dc-e743-4d52-ba55-9cca8f297341,e4dd0b8c-767f-4fb8-8431-101b15ee74dc,
ba8efc82-984f-45cf-a516-87a7eb6ff55f,b86f6968-7ff6-4224-b283-dc8cc54749fd,
e235cc18-3a5c-4f86-b5e5-955595554ffb,9d1b1de8-87de-4f7b-9f60-6be026ed94b2,
dd9da14c-4605-4a8b-863a-69be7a549fa9,77a7e634-1d2a-4072-9c92-6c220c9c3de5,
ca3406e3-cd8b-4c3a-b0cc-271251f83662,6f47e66c-77b7-443b-a34e-8926377386a5,
9369af0c-4f1f-463a-941c-669f072fa40d,08fa753d-8698-4024-8121-b38f7c90e60f,
de09eace-3f55-4cd5-aa79-fe4a0a8fe127,80ea07a6-2f94-401e-af2a-71e23cd3fc77,
1fa1acbd-20de-42b3-8b80-5b9459e19fe7,a0e094ab-d3c5-444f-8e78-1cd500fab852,
ef1c84c1-6dc7-4291-aec0-0f2406045848,788d00ce-e7b7-4541-a542-d29b3f162c0c,
a226c339-cee6-462d-9df9-89c6c8a6f9ed,1a0be9b1-279e-4c6a-9a02-f7b28d1f9ef0,
32678a8b-1f4a-4dcc-ab57-279d34fda0bc,98af603c-0241-403b-b0cf-b3d4f4508b69,
b4346991-7aef-45b8-85a5-2109d61113f5,6cf2a19e-cfd7-4f8c-af48-e84a18111727,
96f004bd-561b-48c6-a5c7-cb95dc5efe14,7ea0d8ca-4ea9-469c-be8b-15769ae21a02,
092c96dd-d61b-4b2d-b94d-50972ed53363,fa3727f2-8d2f-48b8-bdaa-6e77b31ea0ec,
8bf95662-5dd8-4fc7-9165-006ad499a4f4,6167daa0-922b-4fc4-9dab-3b7892483486,
2d0f4aab-cc7f-4b2a-b296-b4d821c1aff1,d86895bc-184e-4b5d-9483-396c724f6b85,
e8f4db12-a3e1-40f4-b3d2-0f879ae802a7,a6dd602d-7a07-4de8-89c7-e02f3dbe0343,
0b5afd0f-a9ba-4320-b063-45b8a85a19e4,7a285ac6-9a22-439a-8ac1-f359490fd328,
9f7fb182-49bd-4fd5-9a8b-6840e68a9d73,f3d40c13-0a6a-4c6c-bfde-a957241413ee,
588e22a6-875d-4a60-8916-3bd5ad0ebc90,7d9b383b-50ef-450c-837d-a52f4b41b97e,
1af5367c-7478-4b95-b28e-92c3fc7ed5a9,f1d885ac-0945-460a-9f34-3d9ed19bb3ed,
e24276f2-cf80-4f57-9741-b4912af97b0e,a3d92f79-12ab-4a61-bc35-28111c64793f,
79294857-c6e6-4daf-bcf0-87b9fdc9dc5e,be346351-aded-460d-8fb3-d9cb2e9dea35,
7563167c-acdc-4eb7-a20e-91efb7a1e1bb,aa2ca87a-48ab-42cd-9962-6665c24882af,
21097094-e92e-47b7-a64f-23371a47b30c,92d333f9-7cb0-489f-812a-b4ddf67b7801,
b32d9720-2756-43d1-bbb3-2fa4e87cd71e,4db184e0-7461-41cc-aab8-1b828048338e,
1c9b872d-5687-4e03-a55a-f66d4c2fd174,d5ae5a71-cd79-449c-8908-a281248624eb,
e5e47098-88e9-4e93-a69a-9bf277808c43,01a0ac46-dd94-45a7-a0e3-d62203408c11,
f257ad66-6271-40e4-b71b-a088dcfbc89e,e15454d4-3277-47b9-97ee-89994e45b37e,
68c6e86b-f32e-490a-8c01-d0f42d6be3db,0b5db0d8-e6d1-456e-ac6b-74547a5374ac,
600e0adb-b5b5-4480-88ca-244d2b6317ea,9d2e4f9f-0b97-47d2-9d7c-6e799e48aeed,
6b4ab850-0a8e-4956-9ad4-743401b07bbd,2c6c5731-dcca-4191-b750-1a245bfa5d69,
e8e699cc-6b26-4180-800e-827603d96e42,9993a65d-61d9-433d-9e4f-5f854497fb79,
92d3f5cb-6e13-4289-bb63-276e11ac9c8d,681ab24b-6c17-4406-af70-bc27034603d5,
3bf28490-ea7a-4d33-8864-fa32e865ea6c,8ec44768-fd0f-4078-900c-de25b1f7abbf,
e92a889e-8fac-47eb-9850-ab42a0bf87de,03dd7818-bf6a-4b1f-ab8b-bb6c4ccdb489,
d101f7eb-8351-4027-a09e-74f78903b935,bb3e30bb-a182-48f3-8f19-6a3605274815,
031869c9-f7ae-4b8e-8afe-67038b948129,07d98edd-df82-4365-9610-f97a5f3ffbef,
7963cd0b-2997-4644-9304-a38ee395fe12,b073ada8-c8fd-4a96-aaf1-d0f537f6d698,
1cf50797-9353-4123-90f2-a04858a73d17,faf7d2c6-e9e8-41c6-89b1-192cf30924ac,
6150f693-134f-4ac8-a0f0-40caa43489e7,aaeb6e31-f9c8-4540-8df0-9f87ee02455c,
477b7d6b-4852-4006-ab4c-e6aac7fdf04f,45d36fe2-c885-4fea-8d9a-e3c6388e0f50,
5749d0ce-6129-4d44-8dff-214e71459028,2d7a013b-2a9d-4b0e-923f-ee4ba27bc628,
87db16d1-0a65-4b11-a0e4-656d9df9ab4d,ddcf50e1-ad37-443a-b05c-dc7eec8c5060,
9acc1120-4223-4024-9bf9-b6d1c5a69a24,f15b19c0-bdcc-475b-a3d6-69eba2409c1b,
33483122-bf8f-4aab-9d0d-13bf7fe5f45b,fc2dfa1d-f018-4a1e-bc23-d614357e0d6a,
3c6a36d1-212f-4d5a-8057-80734e03e506,48b0977f-5d3d-4f6e-bb14-ae8c1deebce2,
84342f60-4cbd-40c4-adfe-c90d64a3f800,3d22c33d-dc82-4c95-a8c6-c77ce512ebfa,
38bd0739-c551-4777-9f57-6b2b0e08b455,6f8359e8-18d6-4845-beb3-803ca7433e52,
02020f21-98fa-4266-be88-72fda51b4bf5,a07e637e-1893-4e97-a4be-a677eee4e464,
e90e0308-41af-4682-b8ec-403596d85e5d,a10a629c-3217-43b7-9f9c-d118069be565,
da77af2a-6015-4cbe-a3d3-0bae074ad4cf,856e4f5a-310e-4302-bfd5-5d4bdf56c853,
fc7dd087-9000-4bdd-a207-a41af114064c,86597a71-8df2-414e-94ae-0c2a7fac3c76,
496e234a-aec2-49b3-972c-6934e5775394,5287f146-52f8-4efc-a3da-a7a02ced8abf,
1dcaaa23-4db8-41da-9325-d1dc6657091c,08f33e69-7ddb-45a4-951e-ed816da44718,
0aacaa70-a596-42fb-8abd-c345ff83aed2,c0f69e1c-59c4-418a-94c9-f10c079ce5a2,
8a975b05-ba7e-4a6f-b49b-f85a6e8222fa,938eec85-6880-479f-ab05-f61d24edc936,
f3415bb9-2557-409b-92ea-a789ba33a400,bfd16f12-af82-4ace-b5fe-0f6d04ab1a7a,
d55847d6-93f1-4171-aaa1-eb4f033be3e2,dd389e4f-f323-4b08-941a-ec441ac00438,
1aa4e3f6-442a-4bab-ad57-ff8e90a72a59,75a4a24a-9f53-4778-a1f0-a1ccae63cdc1,
79479df3-18ca-448c-937e-00af4f35ea0c,5fb34d96-f091-4f99-a6d7-c799ab8d9f5b,
a683ec59-d73a-4862-a7a7-eb12c2bc7f05,79f31fba-022a-46c1-a7d6-f833cc6313be,
5402911f-7454-4bd5-b7d0-cbc9b68cafff,3514293a-35bd-4b74-a92a-a4f249b62d51,
8635b83e-003f-4b89-8086-be8e159c3ae3,81fcd37b-d3ce-48fd-b42f-2b7ee7e10b59,
eac37ea7-cd60-441b-9d9d-08d2f80600b3,166f9ad5-6c4d-4678-8788-5a112f34073a,
fb362a93-94c9-4f2b-bfce-963d9b6ce147,5826d532-7296-4eb9-bd9a-4e76fb2e14ff,
8947041a-0aa0-4187-9ac1-3369550c134f,329e8567-e932-4746-a088-c39a56ee9545,
e45cfcb0-0125-40fd-b718-65218a00a6ec,35586ee7-3a07-45fe-b8b7-53e1731e4e67,
896250ef-858e-4d17-8ff2-64a192877da9,e65ca144-636b-42a3-a6e6-5f2d2bad5e6a,
69823b62-f505-4f78-91b8-91d269062fd0,7b1bb8f8-3eee-4151-9f2c-d0275d4f3e98,
20290ac4-cf65-4d1f-9de6-39cf5f4f4bf0,1a5eee59-1685-41d3-80d7-24d80cbd7355,
d92420b6-a08b-49e0-83c5-800b2f15775c,c642c44f-665e-4f92-9af7-383f1f23ff2b,
5d68dc90-46c1-4cf1-8b4a-0fd9895075c2,f002ac86-8d76-408c-92ee-47297a194ee7,
7eadedb4-3f9a-4a8b-9efc-9ade90923cb2,a6f312fc-0f9d-4864-8699-069e2ee75488,
b2f7950a-9683-43ec-ab28-69b4974b8848,0b138e2e-3a4c-4757-a162-2ae08206f9f5,
37ecdcd2-c172-47fe-adea-4cac5f4b349b,e98cc75a-4ba1-4b82-bcac-e438035b48f5,
ac404ccd-a9e7-45a6-a1d3-727356df2dc4,09b99af5-a835-447f-af75-d536cc16e5d7,
e61e34a3-0c14-45d9-beca-3e18d329944d,a9c321c6-f6ce-43fd-bdc8-dbe95b71638d,
3f0c912b-f10b-45c9-8ce8-97135430ab29,b99d0b27-3f90-437c-bc0f-4c18961f2709,
d51dbb04-04d2-485c-8cc2-71fb888af339,512753d5-4919-4d08-9c44-454e5358b901,
459fcd6a-72e0-4b29-9e43-bf92af787784,60918258-763b-43bc-a63e-371dbceb7fd9,
83745d0e-2e6d-41ee-b70d-2ee0bdba23b4,3e643fda-5341-4f84-b623-cc2813601866,
d9332418-f3f6-4619-8be8-8307ecef3f21,239ead93-e38a-43cb-b193-22c45cf87bbe,
d991591b-bac1-4915-8b87-97bdc6c06188,2f2403e2-6a7f-431f-b0cb-16049d164984,
79a8b858-8e20-4fb3-8961-8df6022f43c1,0ae7d2b6-e781-4762-95d7-75227cff4667,
b1ced6d9-0475-4e63-be72-f20b9c3858df,c77c6d7a-91ec-4817-985a-9e03779645c2,
31be3242-e235-4b76-a2a0-1a23d6863a74,407d7573-60cd-4660-97cd-dded46240f8f,
bfd40138-cd22-4675-9f90-5b2cf0f7f17e,dd7d4638-2c99-4b68-98b8-5b8130b1cc15,
a8e76973-48c3-40ab-a02a-b3a2f4ecc628,2327fec5-985e-4f42-8113-874abb4d7fb8,
74c4fc39-7844-4e6e-a2ac-df10944647fe,4ca127db-9737-4ca9-8bee-914e170487c8,
fd67c941-0a7c-4dcb-bdef-bc918faa1e22,057a9f04-c27b-4c51-949a-f022c5e1bdfe,
26d397ce-f056-48fc-a980-a002ad3b13b0,e2a1649a-1f0b-4df6-bb84-969ad11e5c7d,
1eb51e30-621a-487c-9d60-1f245fc1f96c,f6b6174e-e75d-471b-8d28-832f06e31677,
5351971b-caf4-4b1c-a926-298efc47583e,84d57e35-c23d-406a-b72b-86635ae8c5d1,
1a4ed212-3aa1-4bd0-a064-35174968c013,4cb6c877-fc2a-421c-bb9a-e695c7e8104c,
d2b35ce3-a193-4ddc-becb-240ebff32261,7a20bd64-f336-41bc-97e7-dc58a81eaf58,
1776fb16-572c-4d27-aa2c-e8fc88bdeddf,7547c28d-36a9-4c97-ab5e-e41ebf4481cb,
9b0986e0-55a6-4f29-b062-e5051298a607,54469e13-d623-4a7f-89f8-168711927cc5,
9c515d9f-4154-4ebc-8e1e-77a740f8b37c,315ec51f-b189-42ba-a0d0-6b459da6c000,
107df7ac-2d8f-4cc5-8edb-6594c43d20e2,70d63504-3792-4e00-8cbe-438be0aad999,
b5a323d1-4fa7-4df3-b1f2-40f05e246cfd,2dcd054f-0b4d-43f8-9fc3-a017517801e0,
61b100e7-adca-4e51-b6bf-b7cb96852826,c92e7ea2-c62e-4b16-aa2c-1747c2811f45,
3220e271-13a5-4e2a-aab2-784f8efddfbc,a5aa62d5-0ed4-4f54-bb3e-a348d068c5b2,
d0b64c41-e082-44f3-9c90-7df16d16977e,e57d574a-31c4-421f-b297-03a2eab1c412,
9dc33385-bbbd-4c42-882d-d9e1dc97fb6f,cefdb8cc-68b0-4803-a9a6-61f952989f90,
7846fc30-49e7-472c-8a75-239da4ce3d5f,c08982f2-b61b-4e97-8fe4-26cac53bce5b,
43e9e6e7-0b82-4edf-a5af-e1522c253b96,372ccf63-90dc-4d54-b758-169b8fbbfbb3,
d800165f-2298-4823-9784-d1405f302273,177d298d-cac1-4fe0-b0f9-6a1f453d6f40,
a0e70ad4-2463-4b72-8887-d9ee58736c13,4fdb0854-4e2f-4308-9551-702e6d0a9844,
5f5c6d9d-4ce7-47f9-84ac-cf1ad097832b,19d35f9a-a59f-48bd-b2af-60483e245d3a,
06615d90-d206-4d05-8d52-12ca846cc503,5de09eb6-d53a-4778-8c1f-f5ffdda7a57d,
fe2e07fb-16e8-4311-8c77-d58c1c50c556,fa3d0926-0380-47de-86c6-3f3210894c9b,
59f40f70-04f0-4f8c-a327-b40072ec4b06,c9443f32-f270-432a-88eb-532bcbd97ec1,
247c93c5-6052-4f29-b5b9-2b9d0742537c,38f79ddb-544f-41e1-b556-4c4e3b21ae26,
776cd19e-0140-492c-a1c8-2943a1fa0346,baa63aa3-dc9e-4743-b4fb-51f609ea980f,
6ced6c8c-aff4-4ed6-9166-03e7ad83032e,221dd77d-8300-421c-86d3-69f128b21639,
27b32d66-2962-4c82-8aac-06a7547287ea,1f6d17b8-7b23-4138-b01b-c1f729bee9e0,
7b975e54-f6c2-4216-9300-8005545c3b6c,72ba66aa-c534-42df-96f9-cb2cd7f969d9,
ef117bb6-2753-460b-b036-c13600689429,34c695ed-3535-4a09-92fa-5d43cf5003b0,
aef2e742-65b1-4a0b-837d-9b68e94146e4,e0304f18-c332-460d-b772-910c115f5524,
9447909f-03c5-454c-bcb1-9a0728872f31,d23ed217-e219-4c10-b316-7bb5eecff9e5,
d93f7f08-af7a-4f52-80f9-8352cbb45063,ba43d349-45bc-401a-acd8-1f679f49e86d,
2e6453a6-2242-44bc-ba57-c4568852fe0e,e42a8229-63a8-49f8-988a-752a53c8903c,
d80dd94c-0113-4870-b7db-b733c41e0a4b,a32f4ee9-04e4-4eb9-b298-aa8b8a770a2d,
43e89f6d-1e82-4a1a-9b88-098e52fdac01,2153dbb7-5d22-4219-8932-591aeea0d8d4,
320c3334-8ab9-4d86-a172-4b5966109bd0,0f1d4849-70a3-4c19-ac5c-ce6381e1a02f,
0e3bcbce-75f8-45b4-afa5-de5ed1679285,51252f32-a8fd-4a25-9c4e-862bf1171082,
b6d0fd6b-1b98-42c0-8401-c7025c5e15fe,031f41f5-111d-4faa-9cce-2f2196a4643b,
ef3fa0c1-085c-4abc-b01d-cbc9a917255b,3792f304-7e6c-4cca-85a9-dab17d9632d5,
953d5c49-81c2-40a3-8c70-ef65ed36050d,b7300711-3af5-4b0c-9858-97f0bda78d1d,
acd50a34-5706-41c1-9da8-df2abed64dda,250f2f0b-d152-4273-bf1c-c20cdc58eaa4,
673b822e-1f48-4fdf-94a5-ec7e118bc036,0099c976-e749-49e8-bc6c-f8431634934d,
7cbdd981-12b1-479c-93b1-76bbe02579d0,0af13225-5fe0-4264-bd88-ad3285520afd,
29e91433-fe4a-42fc-9c35-ab91e78c5744,ecdda626-daa5-4ae4-bbcf-b6c76026753e,
30fafba8-2edc-4187-82e4-92e066c37fab,3af616bc-d166-40e6-af2c-230f768fadd8,
a4de2fc5-3fb5-44e3-884a-e840364e81f7,d2d29167-1e24-4600-b591-e2f57471feeb,
3fd9a236-463d-4a7d-9c3f-9fe2b1afd607,d64bfad0-5a5a-4d43-aa21-6fe738cb8c2d,
8157a21d-fd5a-42ad-8168-c1f25e8837d3,036d77da-e1ea-4bbd-84a7-ea196bd18ddd,
55c91ee8-ce6a-474d-9540-b6ad6eb2a6cc,3d569aeb-d495-4011-9bbb-ed9d0b230742,
3e00225e-c0be-42ea-ac57-1e7f5818af71,12a7ab27-5552-4268-a47f-1a10cffffbea,
9e1a7905-b57c-4188-8e9d-c0ad596c1570,daf4adcb-1cf9-4a43-8ebf-738e4e2cb834,
1b59c49d-62a6-4d03-bcf3-9c7a5115d229,e97162f0-4904-48ca-b716-8088c18c54e4,
a6ddae82-4102-4334-8373-0e483103e6ac,9f9e86a7-cf14-4ebf-b0e4-3a40f3dbaf41,
975367a5-78fe-4447-8828-de6aa4be13a5,d3283df8-cd05-497d-a738-f5eae0921111,
03066c66-3379-44f1-bc0d-d9698771b497,2bbef391-667f-4e6c-b3d5-0ff4cfa837e1,
6e4c8884-2168-4a1e-9178-527443a06cce,4b2e6b4f-b7cd-4369-97ca-0eb6eacfa88d,
1b15cba5-a2f7-4a82-b773-ef8374c73860,e472f73f-fe05-410a-bbce-74bfc1adaf35,
63c3cb06-285e-478f-8580-de1a23f4fc2c,15c92a44-8067-4d38-b40f-538e3912ae68,
c7f2956d-a6e1-4d89-8c26-60ffd160820d,a23a2d4a-0200-46dd-ad1b-f803f90cee88,
5ceedcb8-302d-4090-ae3d-27909cf80cc2,41e4cd32-502c-4adb-9881-b63158878f34,
2dbf3a56-001e-4c51-8da4-3124ade41052,8cc7bda5-b66f-440e-a8b8-76725ddf8a87,
d6776deb-4ba2-442d-aa85-06e478c23033,b2ba2a29-3042-41ea-b7e4-f75f6348c1cc,
e0a281cc-8f3b-4c89-9291-dd76615c102f,c4ab23fd-706f-4577-bc02-347dcc4f8057,
fff91e8c-d9a9-48b6-8e84-927506ff5af9,4c2fcac9-0cbd-40e6-8c39-e4adc54aa76f,
2cfeee48-a916-4ba1-b825-2349904e644e,28f5e51d-e776-4511-b0af-55572194d90d,
4942f683-d2b9-49e9-afb1-f7a75c8f2bf8,fec36c72-c6e8-4d35-9162-8995096d1b1e,
8ba8136e-b4e1-47ea-9778-fecdf4b06009,47b27111-cbb1-4097-8118-052eeccca8ef,
411408d8-8308-4423-8fc5-e4b7eed02f78,96ece68c-5093-47d6-b1e4-a48789ce71f8,
df92255e-d142-4ae7-89a7-12e0a65ea305,338212e6-ea09-4fc4-970c-dd023e48b0f8,
3a0efb28-cee6-4592-a7db-06609b7939a0,2d36f8bd-416f-4734-ab44-5a31d9989fda,
29a331e3-2e7a-4802-b4f1-d86b23dff9a1,d1af6fc9-2d51-4635-808e-80df6f282dc1,
e26caa5a-ac9e-4696-b0ad-721dfb1b9ee9,fc9d8049-a34f-4b8e-9605-457c6fcd9e13,
c4b8c9d1-bc47-48b9-9da2-9a7198e86a25,c35328ad-1907-41e5-b194-e349ce2afcf5,
f9b140d7-808b-4bfb-acc7-c6606400c6dd,ce6ee26b-7b39-4059-913a-eef8225fe344,
85749ff9-a1aa-4d7b-b6a4-91550b3613b6,2525ccb3-a1ea-4835-bcd6-c4f127b54e32,
5ccef8fd-8059-4f16-9a8d-cb7024ac889d,7324164d-f107-48d9-b290-1ef14acc82dd,
77c2a594-5ef1-433d-b90a-305fe99c374e,85beab3c-6b53-45e0-85da-11d178a3a1a1,
1e1d2fe6-fd8e-4b69-9ca5-dd17c0410e7b,a2f1cab3-3764-43bd-9af4-b5039555606f,
5cce424f-508f-4225-afe1-79650799aeb8,b999ff04-a44c-4ef5-8c15-365cd0cc739f,
cac041a4-a4f7-4695-bc15-aae45ad0af06,c4e93442-2a1d-4ca2-9d65-32df8089749d,
77fd786f-587c-442c-a50c-0a1ba9f4b5ea,ae751b54-9e02-4435-afba-f319f78fb23e,
7d62e79f-9245-4380-9752-c9d98b8ead05,f89b89b2-5395-47f6-a5dd-e5760f1e32f7,
2e3084a5-e2b7-4aa2-8ff9-f54497ce34c7,48ebd697-f021-4724-8ccf-fdf8f0747c57,
c9faeb30-0de5-4dee-9b7d-481be812d9e1,fc73c3e4-be8b-4bab-b992-2a8829c47a5f,
7f7c4b8c-4d67-4068-9d3f-f4021a851852,09e0f83d-f414-45cd-8521-19c84ea7e588,
71827566-c34f-4dd2-950d-f365160d9e3a,5e5d34de-5611-4555-a4f1-e8771cfbe2e8,
5e2b2d36-5454-43c1-be0d-1219126651f4,52b82edd-1b9a-4d23-906f-eaf8894c6d0a,
c89b5430-7d0d-4372-a6fc-5f998940d81b,bd1b6cb7-08e3-4fc8-9e8a-c94a870e1c61,
dbba6814-a9d0-44db-8bad-d3c57662e221,8ddc8d6b-8e73-4761-b15a-abd329594d25,
bf90fd45-fccb-4073-a159-0058c79f57dc,e9c72868-d724-4377-8725-585665851c39,
dc5e4dc3-ed34-41bb-8006-09248315971a,c3a84183-2ba6-4bb6-97e3-2a637ef9c097,
e0e48a43-38c9-4113-b16a-eaba3b65ed73,d2f6f264-5fa7-4d67-a543-b3d459139b8e,
766b4f9c-2bf6-414f-a87f-63a39e262d6a,9433b48d-2dae-4aa1-b71a-91a9008e8aa7,
7475772e-e2a1-4b95-a3dd-87ceb2478be5,7fde27b8-9ece-4a5a-af13-35092440df5a,
310fbc87-7dc3-42e5-97ba-c2280cdcbe27,f5971349-5238-4cb2-a6b2-9678f561e76d,
28782887-aa51-4b74-ad72-2e78f64e93d8,191fa729-476e-4ad7-b786-cd450e8ea54e,
7a157640-34cd-4ee2-b52b-c8af31065a91,bd9c434e-31fd-4d22-a869-39ff435d8f3f,
01af6c55-94fe-458e-9c3b-b0ae43ebe3a3,4edea730-fead-4e56-9fdc-82f98d7aa754,
f9b45217-ecc6-4d98-a8fa-f91d932505f8,aca5cbe5-4e5d-4af6-bd1a-f136d49ab04b,
df08607d-1c8b-4ae8-9bbc-db595b810d70,1cf2c66b-4f9b-445c-bd1e-c9b96558367a,
5c746170-915e-4efc-868f-437a5e543f4e,e0e13c41-9af4-47cc-871b-5ccc4b8218b0,
0ac029ab-3183-4c4b-8200-0fceab024d6f,113dc4cf-0a71-4d04-8151-d672c0b93ebb,
a5232999-91e3-4034-bc31-36d46324074c,08914225-7fa3-4dd8-83b7-8f04907a7a95,
db71ccee-41d6-40b7-b874-930de608cabd,d762db4f-a40e-4c3e-9492-5455b2281879,
8737911b-4bc3-4dc9-b289-6e98cb910a0b,f6d3d3cc-97e6-4c71-9fbe-0075db0b769c,
46476407-827c-43fc-9531-d3b82b055e44,b667998d-0e76-4f42-a521-618df6019aad,
c5638aba-2f7a-46ab-8600-42df30da75b3,fec49fdb-0863-43c9-a601-e4f901fb5bcc,
1e9031b3-5614-407a-80fe-324b8a560247,a6a9c8d0-055b-4694-8a39-ab3286e3c135,
2f3d9fbd-3832-4699-92b5-9a5920c084d7,be4bc0f0-118e-4ba6-afea-54ef979cec2b,
df46c772-164c-452f-9224-39085b078781,fc7a15a2-3cf1-402f-a3f4-cdf024ec0ade,
2338c56a-d18f-4206-abcf-48ca2d2037dc,150c4ac1-b798-40a6-ae8d-82d504ca0f4a,
1cd34819-523b-4592-8807-82c3346e3a81,b52e9062-fde4-4481-ae8b-146accabf9a5,
1352bc81-1233-4db5-88e2-239c771dec59,d1f0cd3f-3da1-47cc-86c0-28161e3e89c2,
892486b7-79fa-4edf-a2e7-2846b054577b,63b91d31-fcbc-4754-9e78-f30b11e701a5,
7f097ca8-88d2-4319-9cd7-d4b60700b6ee,32e0bbca-6e4d-4596-b03d-425bb9d56f9c,
5cf617b4-f608-45b6-a1b6-4cd48896151a,c7b90862-e30a-48d3-847c-cbe5537f5d9f,
834774d3-afca-47da-b834-2dc6952a1aaf,ff289350-84fc-4b01-b554-9ac355f1814c,
4d61e9ff-7cc1-4772-b3c1-266878cdddeb,87f25706-b1ca-4ce8-932c-b6961b201ae6,
76b38564-9e54-4acf-8864-daf39b0cbad0,0e82bc83-6e92-49a0-8907-76bc24a26105,
d57241c8-d78f-4d33-99bb-61c56555f9b6,53c5b3b5-dcc8-4042-9799-32921565229c,
b976bdd7-db0a-40b9-b2f9-37c3dcafc5f4,2985017c-9e5c-4de8-9b42-e190f66a9bbd,
bd741046-1f49-4f67-a838-f8f22e9b07d0,7fb57c2e-7c4d-4b34-b91f-a05f07542625,
70548c9e-4f34-4e07-b3b2-d6f4bda642f9,848edf39-2607-4cce-8772-3712bad4efac,
3d446b35-37f2-494e-a0c8-1d40769f81fb,5650ff0d-81fd-4282-aff9-790ffa3475b9,
972019f5-d568-44e8-9988-d409f6f3bf62,4d44bea1-5231-4174-ae8e-7c0c0f740173,
c4b80eee-0685-4c63-90aa-caa420945b66,7f8bd114-b28a-4610-bb84-e9a375156092,
8511fb89-d88e-45c3-8ce6-614d34223c2b,8e33bfb9-ed27-460e-b2bf-2d944d0ac920,
f9949efd-b891-43f2-b972-14883f9f298c,75448db1-c67f-436d-95db-d555dc182caa,
e9c04f03-b4f5-4e4c-990e-ce9359466306,120c817e-be42-48a7-8a7d-4e52092f0f36,
f69967a1-c37e-4a29-90ca-a26e6b5fc061,0a5306c3-35aa-4e34-9a5e-7da968e8d02e,
fd140a3d-e983-4c72-a30d-b11654e3b2aa,a5f8b292-b914-476b-8860-e16913ee07e3,
24a8d74a-1dbf-4463-a708-6d46d51c3068,a4e5ebc6-fae6-480d-a18b-0a653f2eb47c,
5cf4eb72-9fd8-4319-b87f-0eeef657a11a,9ec46ea6-0ce7-4027-812e-8aa2670695c9,
5ac888de-bb79-41f8-a676-ba8e8746e959,87b69309-4469-4357-9969-ce28344f154d,
c9a103ad-4ed5-459e-bc86-3399b36d543e,36f5178e-1062-434d-af58-5afd34847acd,
2708b5a9-d48b-4adb-a753-433e47ea8823,72fe5aae-9f76-4e6d-84af-7ab46e2fbbbd,
dc7f4c6a-0e5a-4f84-b5fd-5369cdc1ca7f,e504a6f0-8017-4e7e-aebe-c6390b0d10b3,
75a67d49-0cb6-4b0b-8d60-93212da1d1d7,6e255c6b-f94c-4418-beb3-84d38cf4915d,
75293aab-8894-4afa-b5a0-53ac5535d3c5,2e5c5bdb-e576-4ee6-9bee-4d05e44791df,
065a78b5-8f52-41c9-b0eb-5ce345c4b7fb,d076ee4e-bd88-49e5-97fd-4ba8b2c736ff,
ceff6f45-1662-4c97-937f-f8cde618f4c1,3feec49d-7135-47e2-9c5d-c73fbd1d05be,
069354bc-f7fc-4ae4-a8e8-90ef561d3dfa,06f138c9-6f3b-4c33-a963-2f30f76639fb,
d77018ca-cdc0-449a-b7e3-ab8080d35d85,3dc19c06-69d2-4bd7-958a-cc6787ae627d,
edf964c9-afa0-42a3-8662-d7980aad04fd,858a4c88-c0b0-4452-9ff0-e2a7bb1772f5,
af0b5840-42c6-4769-bff6-79d2135e0649,e38ff579-b696-4b69-bb0c-6f3dbca5ee03,
7f8b2421-0946-487b-99b4-ecf145d4a038,986d8a1d-6a8e-462f-90e0-f264370929fa,
edc362a4-81e6-49c7-b6e5-5331337e8e7e,6d43704d-077b-4235-8889-89adbaf092aa,
6f16bcf9-b2a1-4746-bc35-314f0848f569,a621d1a9-5b9d-400b-ab45-6feb5a5726dd,
8060ad36-35f6-4549-ad47-0a83fc808092,3e5f99b9-95dd-48b7-83db-66c5a023c09b,
1547b912-5453-41d8-87ec-1d3ecced23ee,d5aca76c-2205-43ee-adc3-760d31cd40ac,
d18e9af7-3956-4763-98be-f963bae73707,d06dbc72-a620-4345-be0b-9642f7a3b7de,
f6dac3bc-143e-49d2-af32-9a1b79dac61c,8d80bcdd-0aab-4da4-90bc-dbfd1bda95fb,
3efacfa9-c245-448c-855e-7162874f30f1,f24a15f1-7ae6-4bd3-96b6-6fb013a6dbb7,
3be64c9c-13ea-4534-8792-024f2541fd4c,658e3b99-9631-4c8b-81d2-bdb84b6e3de0,
95ea67e3-5352-4d58-8205-0c8fdae194a8,4cb765de-df69-478a-86be-7296792c3264,
26103475-7642-4f2f-bacd-2bb302707720,cfcff3a2-4e05-4a22-a915-e5cd166f4b53,
e2f6a5a4-0a58-427a-be29-393c067dab39,a7034872-1b26-4542-b37a-b683c2064180,
c6bee917-35c8-4aa2-bd6b-c7858daa333e,6107e00b-36f0-4e85-b0f8-cc5770f2d811,
a835ddbb-5f57-4270-98ee-b1b023b109f9,9cb06cc4-d432-436b-adf3-abd39ed3770f,
8717886c-26fe-49c5-929f-7213c13df645,d4b66c47-2bc3-46e3-9611-97d445239567,
b0408dcb-e658-40f4-8934-d7573eebf902,384c551c-9900-4c6f-a3d0-17469eb39022,
a7381e64-2d95-47cc-bc4d-2a9e28deb912,b39b7535-0e89-4e14-9ce0-6ab74f527ee2,
0bc6445a-0f03-4d4b-9dbb-1510e178393f,96b46986-17fe-422e-a726-9af080deaaf5,
60df80af-614a-43ba-b581-7b9b738c4b87,446bd918-85d2-4f8b-ad5f-b49f557f88c3,
c04d81f7-874c-4106-9c37-ac878b00aa39,b3600422-3598-4174-9d46-b5e418797fc5,
4e313c6c-29c9-4e1f-925b-b8fbeb4cbc65,d3fa5a61-a5b9-4624-bb9e-bfe8ba5fe27a,
09d2a602-11fc-4b0c-ace9-0585f2bec85e,0b419244-a0f7-4a26-b0f7-e7427ac259dc,
6e1389b4-d309-43c4-a7c5-53d438a5bc8a,15233f91-b1ce-4248-8b30-84f9e9403c8d,
bfed2153-526e-4495-81de-88e1fe3559e9,92e85aa7-3b18-48b8-8b09-e1ef6d0b965f,
2b957306-52c7-4b50-8d64-8cdf4ff6cc78,576e1674-a15b-4c1a-83b3-41b50e4b0fb1,
444c72ba-386f-4a0a-98a8-6e5283944b38,b2f6e943-6e71-4f16-abde-691a9bc4947b,
158762fe-df23-4215-8838-3e32533c3166,e163b281-ce0e-4e17-8050-4ad25baf1563,
014afae9-e57f-4db6-bc5b-09656625663d,a347acf0-9c68-4c5a-95eb-b30bc29af80b,
ec11c693-f7e3-4dd4-bf27-9102cf473b79,cc9cf292-1276-4db7-8fad-260cf529bfe0,
f695abcc-f6d6-4ded-af19-a65e698b57a7,9a325758-a7f2-4c51-ba72-c319c296318e,
48b4369e-f78e-4c87-90f9-e576a2d4e50f,134baff2-fab5-4aa7-8379-c9a4cd91c092,
8e50f1f1-52e4-453b-89ad-316cab5218fc,8d8bc51b-741e-452f-a1b6-478512ca9671,
23edf937-dbac-403a-ba51-bf58e96133d5,8299ed4c-55ac-4340-843f-2a610ab574b3,
d80a6a4f-3391-4ec7-91e4-b036caeb37a7,f8b2abeb-537e-48c6-80c1-234a9cd4fd31,
6b0284e8-0987-4cd5-959d-4aa465a75ace,56c7ac2c-2233-4c82-9494-5bc661e8a082,
9593a1ad-4f7f-4fcc-a454-1d032f111b1e,55f76b82-8f86-4e73-b9de-cd42f013c7bc,
7e5c0905-06ea-424e-914b-903ec0938e7a,1d85cb48-c81b-4008-9aad-4f7ea8b5443d,
77b21288-1454-408c-91b0-2c0c92f36b37,d57d99f9-34e8-44dc-b398-052111f04957,
1676c1ee-15f3-4398-bbc4-8d55f69b6269,1420e8e4-b6ed-4009-84f1-258f6ea49239,
ce9b7e67-42f2-43bb-ad36-7d1b2daf496b,ede1f6c4-3c0a-4a7a-9c2d-0d5eee1e1e19,
50f723c7-e5dd-459b-9b41-b85a879d5914,c1611e97-83dc-477d-a0aa-1297d9ae5cc9,
cccf08ae-c4fb-4f8b-bbe3-3e4b6922af06,618d62dc-5417-497f-a874-526e32cce0a0,
5e1c3af2-637a-4840-8126-5d7b4a141849,bd6d9d61-0d57-47a7-ace1-1e7c2da68bf3,
6ecb839a-587e-431a-a952-ee53b79b75db,c3be059f-8ca1-4ccb-aa29-198129f25603,
c86cc396-a2d0-4c12-8e86-e0d6c6160721,9e613b28-e69e-4f5b-986c-19a632cff33f,
a1fd32cc-3287-44c9-8167-4b8f545e889c,3dc49c32-8a7d-40a4-ae9d-45e9e4922018,
365767a1-e477-45e9-89ea-70438acddcf1,bce46baa-ef38-4ae8-88a3-7b995e25cdf3,
d7a4ce84-2f2c-4e97-b1ce-1054d5b0459f,ba27335a-3138-4ad3-82bc-85a4cbe98c31,
9f414341-7b04-4e6a-a96e-aa27e3dba415,d29cff8e-5c12-4e70-84a8-b0e2702c1aba,
3cf1630c-cf09-481e-829c-f417a43dffed,6f8b102f-49e4-49cf-837d-9f59c6f982d5,
7fca4f77-86bd-4d0d-a5e6-0fbf2a30f8ff,064ed3d3-d0ae-46d0-a29a-43439817cf39,
0d44a68f-953b-4072-9b9b-1d62388af907,a87e66de-0a74-4789-900b-254d93593d0d,
11422113-1b4f-47bf-a184-0e190ca3fc44,f7cae542-2674-4bb4-8c96-4eb5c32394f0,
c658509b-ad09-4f71-8633-462f12fdadb6,01b77111-c52d-46f6-ad2e-2e3da8af891f,
c1508cd3-23ef-4bd1-a110-6ffff1cb4f9e,0b4c6b99-3be4-443e-8c5a-dd2cb3df15a7,
2c389465-e434-4084-875c-980ed1fd7f7a,a921d63c-dba0-4d05-8f77-25a53a147c7f,
3cc91702-f82d-4090-97d3-471979d2109c,7954efc6-291e-4aeb-9532-4e1b74000f46,
e8034db9-92e7-4004-8aa3-541117b7984e,f5dcc344-3b3d-4044-afee-9897a5d0d35b,
fb018a9c-2214-41c8-acf3-53019d598c6a,bd7213d4-9a18-4b1c-bf6c-78844b8eee49,
de42b448-c42a-4e67-9fd6-6a3dc5c0d339,dd002aaf-31b2-4c96-a588-aae88c2401c5,
cd465d7e-b76a-4f4c-a0cc-d03576f7db47,f83a4adc-6726-4e57-93d5-94c5bfc5582a,
1ec59c2e-4b53-401b-97d9-9afcca83866f,3d3a2ffb-4f04-4d91-86ed-64992e0f38b6,
aefcbe76-c16b-417c-9aaa-de30963ef721,c0f0e352-0082-4fa2-8823-4e0923ab79d4,
8758f048-bfe7-4b34-9e35-e543603e2abb,407da4a7-3df1-4468-9f54-086b792c90b5,
38785a3d-90bc-4888-b600-5283f7c1b7f6,b3fe5d02-42db-4740-8c4d-f9d9af2d4c40,
ae5cec82-8736-463b-bfa8-1768cbbfc658,a5eb9c5d-c537-4e90-8139-efb230a2ef51,
b95dbab1-e404-4a03-8bf0-182deb3895c7,51ec1bbd-6a98-4f87-9da9-b2a61d72faf9,
30b17cd3-0cb2-4807-bdbb-7969002a2120,fa97af23-8379-4591-bea5-9a9da02f910b,
39ac440a-1c5b-4775-aa77-7083b47fd700,020f4674-0b13-4211-b501-a4a79d9b22de,
973ecf2d-dba4-4e48-9797-a3d77c404c03,075a1755-09ce-4ff4-af73-48a4b42f570d,
ba12d6ea-4ba2-4ff0-afaa-8b2613672e58,679afe27-cd9f-4bdf-90a8-4a4e0559703d,
a1a2a0c7-c087-4f05-aef0-c284e6ae31f4,651daa0e-6df7-4b9e-a4bd-36cb3bbfcbef,
1ea5348a-24f6-45ee-a497-f9b68a0a52ae,dcebee60-e98f-4e94-9c19-399a20be2ab4,
4bc84ed8-333d-46c2-864b-042832e8ebe6,49365f30-f9a8-49e8-8fce-43efbe4a4184,
55a2b48b-2fef-4cff-8aaa-a009e8059f7d,18dd99fd-c7aa-4463-a2ef-e66e06bb9356,
9204d289-3e5f-456d-994f-0f73485ac2e7,94a18bc9-3a2d-4d43-9bfd-5f6f3d021293,
ad76a543-6f02-47d9-8bd6-3be71684d993,484d8a5c-3f9e-4df4-87a1-efa7e3d353e4,
94543f5f-c23f-4c34-993d-5ccf7120ca85,b84d6964-6218-459b-a033-e65fc87c22ec,
a0d3dfbe-70dd-4dbe-99d7-d340b218599c,7c5422e9-41f8-42a6-a6e2-b5e41bb02f2b,
a7034fac-cc22-4efc-8052-c5ce2a66289e,f317e597-855c-4645-b6ec-04c5cfa40725,
4e435abf-319c-4d8b-9047-6f39a117ca58,5d823d68-6951-4814-ba26-7866ee0cd23a,
c2e7e9ab-3ae3-4180-aeae-09de31722923,1db6bc9e-af8f-415c-880b-dd2e5c0cb29d,
3273c319-437b-40d6-ba3b-074a9a9e6420,6b2baeee-7155-4208-9c6a-b55a2cb41a3d,
b49ac2d5-a485-42cb-98c5-c6979895ffbc,3ac7ffff-6c45-4e55-b5dc-5901799dda37,
7f4c11b6-a208-4072-9c09-05764a044d63,7fa22890-59b5-447c-8871-3a1760151516,
511105be-6718-4e8f-b9da-3a56e23e25d1,4604dbf6-776c-4cd6-aa29-2797e67e0c02,
13b25fd8-ac81-4322-aa47-aa88ed5bcbd6,4f3e660d-d861-4735-ac6d-26689ba56685,
71faedaf-b57f-4c2e-ab00-d1c9659a23f3,8c6c368d-3036-4125-915a-6b0676dca69b,
ac367871-4106-4dab-bd32-7d508ee325d9,0c628b5a-0f8f-4955-9745-abf766bd5e50,
4a8c1aa3-ef13-4872-9bf4-a0721c358889,14334337-2045-4381-9b1e-b14f39eb0306,
54302e89-8544-4811-b9dc-ea068d09b4af,0032cde6-8a3c-438c-b2ef-68606892d32b,
b9e3b45c-1bf6-46bb-9af7-e0434c6a75a8,7a7f05c5-b362-4c6b-a643-8d40597dcf6e,
53e58f57-a254-4651-87c6-2fd0f258bc2e,4a9b6e95-19ec-4b3a-9fe1-6e5e8ad5fd87,
80242974-3609-49e6-9a66-f68988d174e4,c8caba14-360b-479a-b6e7-e6c98ffca4e6,
c476983e-ed97-4e18-ab6c-44970e130096,85634f9a-d0f1-4721-9d35-554bf8fcc720,
b902f47f-9b98-42a4-9fc7-5fa6bceac982,e555fadf-478b-4629-821f-3ad497d2d7e3,
ef92793a-65f0-4f38-b5b9-cd082957aa79,a5121015-d971-4712-88d4-1ca4548234ad,
3a99a4d4-ed48-425a-884f-7f77fce02b69,7b7a37eb-4490-45aa-8e1d-f3b999862d55,
895caff7-0203-4fe2-9815-2927017c1ba8,26a98af7-63ef-4ff0-ad72-284802271855,
ca1b900a-5c34-44db-9f69-e679384c141c,a93c496a-66da-4542-abc2-2cd9f1257faf,
14db4716-4659-42fd-9e9b-07dc6dd0e587,12c9d691-a144-45bd-866f-751828e7c5d5,
25a3e767-04c4-447b-94a3-bee9ce603c8b,b94565c2-ab06-4209-a882-1c779039030a,
e14e06e8-9cd1-4539-80fe-5395585948f1,a740e395-e8ec-45ba-add4-b48665b4d503,
e61abc45-2e36-47c7-aef9-03ba69f09bcf,52353166-453d-4347-97b1-7f07d2962928,
30250122-9145-44c1-85a4-4ff6718aa7fa,8ac93f05-60f0-4a86-b785-56c26a0138c3,
2cb137bf-a91f-47d8-b2b2-d3c8727e9168,795ec146-1d8c-42e6-b67b-ec2119cff0d7,
6218f613-57cc-40d9-8da4-306b867d2d51,19ff61f4-69c7-4e2c-a9e3-c96f76ab0167,
c4ce8437-b3f8-47e7-8a9c-dbdd867b449f,17c01797-1399-40d2-b560-f5646a7bd583,
a1b6800e-fbe8-4995-b299-daf8105ad489,e671596b-6ceb-4007-967f-fd7e744bfe47,
e0aed95d-b6c6-4c96-9c0b-d0b259333434,5b32fe62-6905-4f5d-b458-6f80b46d1b67,
633d18f0-6eac-474e-84d1-9f9d86b4bff5,32b2640d-7323-4dd6-be27-3a76ff29d5ba,
cd2f4d0c-95a8-4245-a942-616f87db7668,ace017cc-5ec4-4a3b-b628-17ab48a84398,
f690058f-7472-4440-b882-bc32c3b4d0d8,4ab23b00-a057-4435-8c48-614d1b29153d,
044cea6b-54e1-42ee-ab1d-4b595d27e948,d3c7a36a-f1e1-4100-9c4f-63a2ea882782,
aa806a61-9a44-4dea-bb35-1609511ba84f,805273ea-bfec-412e-9f65-d009406de31c,
2e843378-66ab-48f8-b88e-0f16deeb0e97,fe13ad9f-dd9e-4953-a515-7b9f287b641a,
891ed8a0-b7e0-4b86-bb63-ea3172174b16,f4bcf23f-e5a0-4725-a0f3-e6eb1861cd76,
c8971299-d598-4ace-abbc-760506127ba1,a857a659-0769-4f19-9533-47f4d14cd674,
478826ff-e836-4a54-b027-f3232747669f,a1e2c9ec-be68-4864-ac98-119b811e7f37,
c85e50ab-d715-46c7-9cf6-11c4cbf047e5,61053205-1f13-4369-998e-7ab15f1fb898,
0c1cbf5d-e10c-4d93-8ab9-b3226dab6ff2,81838ca9-ff65-4854-a649-ec57e8e8b1e7,
66399e71-1784-48a6-8f86-82baa376c5ce,1bd29b09-2803-47e9-b11c-4fa078ceaca4,
05a7e752-b2cb-42bd-9436-ae82a6be74de,3840478d-8ea7-4061-ad08-1b7dae6187f3,
5983697e-4d57-49f9-b880-43d7cad1143a,751313d0-4e46-4dcf-9a08-cc007869dd81,
7156390a-b201-4d10-95a1-42c797b2dd67,9bb3b1ea-06e9-4f7e-9d86-510886a072fc,
fdd1ab84-62cf-487d-afdd-c8d596752af5,14a6402b-a880-42b5-a92e-93348e70b5fa,
5d5d14c9-5373-4540-a5e9-3b090ca47a82,d911a078-c7d1-4c63-8149-314586946bf8,
b6be82a3-f472-484c-a63b-f704cd0cd390,219c1ff6-d4f3-4e63-be1d-a53943b3a473,
49536ffd-c69f-4ecc-b9a8-55833269e40c,b9da4053-1936-43bb-92f4-f5b9fb21ae5a,
79932b46-9284-4ecb-8f0e-0a4f9adaa65a,24264af1-f543-4c1f-af10-df001051dbb0,
a03660f3-9fc8-4b8c-bcd9-06208849d22e,c0ae713b-4542-44b8-b605-4236ac0d0239,
b94aed70-2334-43a0-bbf6-7c1f93f2ba30,0a67fd42-1d0c-4be6-ad7d-a0e94c79cd24,
4ebc1d62-e50e-4650-9937-513cc647e75d,ab2fd03c-df11-4adc-85eb-def6137d665a,
225a1992-ef00-4146-8ab9-5286a2177adc,cb9e67e2-9fa4-44b5-893d-258e796484ad,
8950e387-2292-4af8-b6d9-7c7efb4eeb05,6c96c2c2-b699-4062-938d-574be1b08685,
908097b5-ac2c-46b4-ad5d-d634c134148c,3a9e57b0-ef4b-48ce-a017-ccc26309fa67,
2aa5ae78-f103-478e-b4a5-1d63eee52e53,2e9159ea-0750-4fee-8a79-19a3ec655dfc,
9b8ae0c2-122d-47c7-ac39-7e9cde933c1e,006fa5b8-9742-425c-b452-89421068bde8,
c06cd34d-dde1-4e03-8ad7-f527b2baa6c3,6f289f2c-8465-48b6-a0e5-3397fd58d1d0,
503ea76f-a4cd-4b92-8c9c-777dbbc87bd3,6849084b-6eef-455b-98e5-b18bee38f67c,
c5b1623f-42aa-4c58-b0e9-5f087b23a141,d3648499-df2c-4d7a-ab5c-a13edb77edb1,
cde191a7-0952-4450-8cb9-ccb9bb696719,67d258ca-8e39-4e89-b049-7053f2dd1ef3,
97aeb53c-1599-45ac-9159-cfd9d1eede26,9edf8368-36fb-4500-9491-80f24f3b4733,
4e4b4efd-f358-4722-bd24-7142a7a40e5b,82868e0b-cb73-4d6a-a3e7-3a11c6bacb60,
88263574-bbe6-4529-98a9-78393bedd8b5,2221a41a-40af-419c-9ab6-2a7ba0ee9b50,
a11a78b9-d4a4-4955-9667-dcbf4e74b82e,127f0bc1-8d87-4d5c-950f-dfa18b4d0773,
830df89d-239d-4615-b802-068caeecf5b7,8ffd23b2-29e9-4de9-a688-3c2af6fc5106,
84d8cbb3-053b-47fd-bee8-715fc8f73197,38a9c4ce-a7d3-4303-b9ae-500c42e72f90,
798dbf2a-c9d1-4925-bc8b-de494455b605,69a6e5b6-adb6-44e1-b4ad-db90862aa1ab,
68863dff-31eb-49c2-8c61-6d985cc19bb6,1378a6d2-a0a2-4401-b4ad-9ab4cf2986e9,
a700529d-9613-44b8-90ad-30b1e01f4275,f2345c43-0e40-4525-8fd1-adaa4b62576c,
a3f4ce51-8882-453e-b273-8c9dd77a7bd9,c35e7184-8b3a-4486-a1be-303da41d1370,
b4ae99de-dba0-4fed-919c-0c4ff993f52f,0e90aecf-8ef0-46e2-a962-e93390997ecb,
1d4903e3-d7d2-4fc2-a6df-5b7c86f956ef,fe1b95ab-4b7b-411f-95f6-dd5147e21b23,
427a8cbb-88ff-4cfb-a142-c4e27913f0ed,a8547c3e-8bc9-416b-8e5b-06a8d8bbc1eb,
64882115-f748-4f07-8c5b-0499470d9c83,9792fa38-9bb5-4232-9a72-50bd55e9cdd1,
fcfca272-1bf6-4b1b-87c9-e3c1526577dd,7082af90-ef63-4303-aecb-bfdd572028f6,
066020ee-268f-4b93-bfb2-a7f9d1ac2665,f3f3a38e-f214-4623-8bc3-f0435f3db2a3,
2b082d94-dfdd-4f2f-b3cd-16bb80b7ff34,ee35c7d8-4b95-49ad-9dce-a502bb63bb08,
dc5feb57-7ac6-4ede-9f66-cff124552bb8,83709275-e939-4f78-995c-ddd44e221378,
1a5274d3-49d3-49c8-91a3-563a67bbfdf0,00a219ed-5fa9-4095-baa6-8fcf3757ad8b,
a5174892-9d2a-4968-b3e1-15b3ef0ec1d9,097e27ea-f3e5-46da-bdf5-b35db13b3601,
62cc842a-ba67-4ec3-bc33-769bbb1c24c2,358312a8-0815-4580-9ec3-ead9939e8d59,
4d2d19d7-f215-4c5b-b6d3-152d0f28aa87,e8e55732-4b1d-4444-811f-6c5d776653c8,
12714326-ae21-451f-981d-cff6f01256ea,dca1f105-62ec-42a0-a88e-ccdb9954a50e,
3e0ef61c-6dee-4d17-aeeb-e75a76354727,3aa0ea5d-cfba-43fc-bcdd-caefe0368f15,
fc333b65-e3b8-498c-948d-21d64b4e2d7f,cc53dc09-23aa-432f-ab9e-eee2409bd0f7,
fefbdbab-de65-4421-9952-109e98ee2915,42207578-f4bc-4c73-9436-030e37a47f71,
0c9d57b7-e2a8-43a8-8faa-cf8d7fddf288,01b9e3dd-17aa-49b2-95d8-d14ff77be392,
47b55629-c720-4cab-a011-d162bbed25fe,373cf613-fff3-44df-b884-1d978e37791c,
2c1d9102-2c5e-4a4a-8110-2c8e53b15ffc,f8da6f6e-2943-4a86-a5d4-dc8a5e415b35,
0fd038d4-cd45-4596-8bfd-bd57c095a4b0,99337165-716a-478f-84a3-09c1bb9388e5,
d5a300d2-3e3d-4485-835f-3ac3550db7c7,78e1a009-7322-4e38-8708-57af438b5bbc,
392cb525-4b5d-41dd-9f59-6b61badd4396,992d82a8-d54e-4463-a9e7-a2698203c5c0,
461bbb10-7eab-41ab-8cc4-796ee606c050,ed740faf-4f0f-4b24-94c7-86e1b38d187b,
42f66e31-86eb-41ec-8df7-5995ab3b8706,89f69f92-6a10-4e24-941e-4dc1a19a9e9c,
1c0a4cd6-6a2d-4cc5-a55d-436ab55e7a91,dd241c85-c1c8-460b-8d20-a73f05078d90,
9cacdb83-f237-480c-a4ef-721c3683c743,c632c77b-a151-4e97-b1b3-a97e630c8a79,
9796f978-8108-4264-9b5b-e67a25e00abd,1da03343-64bd-4d3b-bddd-c9ebb14048a3,
c3d6e3bf-e4e0-4bff-af73-de6021c598bd,6a9626b5-8091-4bbe-aff4-9b9c1c72e0e3,
7189231c-d5d3-49ba-abb2-366e60c2ad2f,bfa4d69e-48ab-48ff-9e1f-68d87e8cbe99,
a81b6f51-2465-4dd3-a32a-ba29c57d0039,eac8389c-1f13-4e27-97f5-fb90120ddc01,
9f8f3cb8-74e8-4404-ac58-ae793d2440bb,14bb74dc-59a8-4dca-a07f-1b38f0a8f2af,
0d4ef016-405e-4194-8569-5b23c8c62b9f,ece281f2-b97f-4637-9bb8-40738c8871b0,
a644f6a5-5b7b-4c7b-af03-eea80951a3c0,367dcccd-3771-4cbf-b717-5c665c84f9a2,
6f810c8f-9641-4462-a356-e52dc8ab7579,bddf6e37-1d93-4427-8867-ef36cb748875,
cd1299f2-72f7-4a01-9ef7-4a34fbcef485,67f16254-3215-4ef4-ad5c-b72714ad343d,
4f4d7251-8b44-422d-9989-4ec9c92ca62c,81c160e1-bdf9-4409-a1f9-97188504429f,
c27f9e7f-4620-4bd9-9934-a88f78f4230c,a3eab777-ce92-454f-99e2-3174faa87019,
c5707d8a-4126-45aa-9766-b81384523cbb,b2b1fa14-4aa7-4492-9262-5ed5ef59d4b6,
5206dabe-bbe0-410f-9f70-fbf27508a7b4,b00de7dc-3a33-4559-a9f0-cd088d63862a,
7513f4f3-0a6d-4f88-a469-a436f93d25c1,1d429ea7-efa5-44e9-93b7-546b9c388a93,
aeef4ec4-d233-46f0-9188-5fd7262aeaa9,75bda1fe-f54a-45fd-8ec2-ce82623ceb1e,
30320135-89fb-4091-8992-addd9e189b69,1075016d-8784-42cc-b0c6-2b41d3c89d8a,
bf36647c-4c0c-4a1b-9190-64942200b5f2,293a35c0-26c5-4ffd-b248-98904eabef04,
f780a5a7-0221-407b-9d47-3b4af1029733,e73902cc-c525-4dc7-91a7-4d53f005366f,
09ae06fe-0a7b-4986-bf3c-91b4b0ce1ec5,acd60013-515c-4da7-9513-2eaeef389db4,
46c1dfba-53fb-4e82-bf29-87f369979299,d50d0ab4-b6e0-4cce-a390-5a9c5048023a,
b7aebb4a-95cd-49b7-a743-37c38b5740bf,6810bea1-bae4-4610-ab8b-d993075c2cd6,
5927f900-9aaa-4a9b-8563-1ba0ef596f89,15f01507-04ac-488c-a6e2-146e086dead8,
c50ccb02-6cf5-4b50-8b19-7e7bee0965e4,d0f3cd20-0e51-49e9-90b9-10d0e50e83b5,
8a1b5f6d-2f75-4a92-8f75-d8e83e3745e1,35a1acdc-b4cc-4513-9ca4-d9f72657f658,
ed31964c-c7b4-4cb9-9906-755a71a8d410,9782d326-d21a-4840-a303-2d8ab08b6fb3,
b52e8fef-a998-4d70-bd96-8dc845a66589,c0d8ac74-bbbe-4d63-ae36-9728e94302f0,
32014989-710b-4c44-a2fe-02dabf19c513,50957619-13e3-4f08-a6db-2488c3f171a6,
8c226535-276e-4d8b-aa0c-eb3b09ae0b09,6525a3bb-471f-45ad-8120-6f160bd3bd11,
81381d85-8bec-4447-a862-dc74b05125b9,214f359a-e5e3-40b3-a620-b55430218d4e,
83768698-b5e0-4252-8b86-36732afbc2c3,727cc383-2a05-4c42-a0ac-03cfae6bc629,
c7953920-1119-4197-b9a4-17ab8d83c61a,aa6398ea-35c4-4438-bb9e-3a9618a6db69,
ad5faf92-35e5-4de7-81c4-10f5009004eb,cfd0a6b1-1e9a-4661-800f-42ea6179cb02,
3f759d5d-9edd-4f99-bce3-95e0b7d2ab92,e3468ba2-ebce-4405-8981-3ddfbfbe6583,
fa5f34bf-5127-497f-9e8d-c769305e3f9e,060b19dc-9ae8-416f-87e4-5926dcef7329,
0d64d30a-9009-477f-b4c9-a69fb84cb608,3487dd2c-ce1b-479e-9203-07d0ca9e1652,
deb5befc-34db-4f5b-8bcb-ed1b6fa00fa0,2ebdb984-1077-4440-9ccf-6f568e96e9e9,
2ee397ac-46d4-4e10-b9aa-1798d45b82a0,f08b1cf5-5e96-4e1e-a2e7-71c0d2bb6640,
53822734-921b-400a-b3a7-90c85aa3ae72,cecd0a91-5ae8-443e-920e-bedc862aaec8,
9cd3b8cd-d653-4c9d-84e8-b454dafa5014,72004ffc-0293-41d3-8184-649e3c7f9b98,
b9b09d4b-77e1-49e5-b527-2890e45c1e1b,8fb6f3d6-2d49-4d60-898a-9fb8fa15d823,
0b996287-5bdb-49d5-bf48-72f35653c276,4573d2d2-98e1-4886-bf8d-8a44ab4030cb,
5b944cc3-d471-46af-b388-d1aa1d29cd85,718dad2d-ecd5-4335-9b4c-3f63a91e4644,
78867285-a852-4e6a-8773-026c973f35fd,cdf5fcbd-129a-496c-b897-7240841e1d1f,
d8e06cc4-acac-4429-8c42-8215bf807790,aa9a1f0b-106a-41e8-a9b9-edc3dc165cec,
568f97d3-146b-4fbd-b2a4-8602ec0c39b5,43161358-2457-4756-a1a0-58050cdb7f90,
551d22d3-c33e-451e-bdf3-cb3ecf29b0b1,75051751-5c5f-4d3e-b834-1f97a3e71d17,
e7b6964f-2471-4a5f-a8f0-4a26968b5d8b,253f7582-1144-4e8e-b177-6077e6d75038,
b22bdf52-0f8e-4c0a-9736-361c0cd21547,4e7fcaf8-2246-4857-9aea-1ad1795d78ae,
f5935ffb-7dd2-4715-97c9-eda8178a2ee3,54ef24c1-f589-428c-9961-914611473e2e,
616faeb8-e2d0-47d0-b77d-2d615d7ffb7f,91a6a071-2611-4e19-9d52-3d3601af5142,
e0b7dc10-7430-47e8-8bf5-d14aeb11d593,caf39bbe-f33a-4f3b-b96d-77ab8909b1fd,
4cf1a9cc-935f-406c-8892-eb680538da30,bc79dd67-6482-4f62-a1ba-e23d2e0d7943,
c3266c3f-5349-474e-8a5f-cd814a8804a4,c96bda1b-ffcf-4cb8-bb0b-8e72f7b9706f,
d8851159-c9d8-4217-970c-494e92703476,67ddf9a3-a7c1-4c11-9d09-328976cbc48d,
a5502ec0-41ad-49c5-8147-676341d05fce,bc1ba4fc-33e2-43f9-9a0c-cfc598e3f3ee,
f45411f5-94e9-419e-8d6b-146c82aa1881,9e10c363-c16b-4934-a4f9-a6f04a23a0ed,
bd7d6736-ead4-432e-92bc-dfa66e271f54,29d4f92b-7187-4360-b8ee-034785c815d9,
bdbd631a-e080-4a5c-9cd1-3a99e027aeb9,8ea99550-298d-4dc5-8138-7ae5f66dfb09,
bb41449e-52bb-4d20-afbc-a90d5f3ccc57,9b8617cb-e164-4b3b-8d2b-0d573ee63c39,
c8a3c960-284d-45df-aaf2-fed93ff34330,486fd220-eb7e-468a-86f6-a61a5f463709,
70ed7859-b316-462e-8a1b-f8616838a00f,49c9a07a-1101-4f09-a719-464b0840af0f,
e83bddb1-4bd8-4c17-ad6d-7d0add3d9e4c,3e1f6c38-14a6-4e2d-8fa0-e7f53dfb29d7,
92800eaf-c1b6-440c-b35f-5bc97f321dea,74fd69f3-3937-4493-ba50-258e11c766d5,
c9ea466e-963e-4a29-81b3-9a25ee372c9b,497de042-1773-464b-a5d3-46445986b402,
e5b1d363-6da3-41fa-8a7a-ae87d496fa6e,3ad94f6b-d7b9-44d3-b86c-fd088074c028,
3f5f33a7-529c-4566-86e9-945df8437bd1,4d2b2a67-bdcb-420e-afa9-6fc57c260fda,
b1410fac-870f-45cc-b43a-553f0f0a7c9f,a354dc1d-ef49-45f9-9dc6-ba795424bd6e,
fdae4f69-3998-4e6b-85b2-b66fd2422018,6d91f687-8827-4ba1-88ad-24face5cddf8,
79dca058-65be-45d0-81e8-b45a413bd21e,09800974-e23a-4946-946a-f6668eb4304d,
f1e646a4-3404-4347-a99d-28eb0f1e1a54,d86f3111-e32f-4756-a350-dbd1d43d6d8e,
2b6667e4-9618-4d0c-a6be-2be9c15aed00,0466785e-41c6-409c-8fdc-8da0af072ca5,
198a2370-350f-4c3e-bc9c-69a5c14087c7,4620f699-93b3-4098-80f9-f16bbda1266c,
da541a16-7a80-41ed-8ccf-24833280d10f,9330b834-1d0d-47cd-9a29-2eaedf0c0777,
72d28496-02e4-45d4-97f2-e7be3eddfc69,3eb3dc19-e73f-4102-a3e5-4416370ddd35,
ee31ba9f-9844-4648-94c7-338870ac0c45,7c09e113-f6ca-4106-b64e-044820ca54af,
4d8ea865-07d8-4853-9073-85b9fe7e4cae,1f31b851-de8d-480c-a100-ef112e219352,
fb4d4d03-9078-4be4-b233-e7d992b027da,1047b3be-6d02-4cc7-b450-ad477a122c28,
d886e3ef-b8cb-48c3-aff3-ec638b78082f,99024cf6-6f61-4d66-bfac-c39b7eaa510b,
a460ac18-9cd1-4496-81d7-913f662f71d4,2bf558ae-1869-4bcf-926f-f98e88550772,
2a140591-f514-450f-8ff9-56cf606d4430,db93555e-3af1-49e8-b880-11bb798cbddd,
ee8e481e-5892-4b58-b5cb-8db954b05dad,ce3ab71d-5b7c-46a1-ba70-dcd456341ebd,
4dd7ebe5-8d84-45a6-8156-5ae4d07de3a8,aa4e0848-287f-494d-9ad9-177db08ede37,
60a27144-e763-4005-b1a1-b61a2236daf1,bead6ad4-5f02-4019-b066-c44fa7f1a3f6,
c92f1351-67de-4e86-90c3-0a1d85fb36a9,a3573255-4c1d-42fb-aabe-4e6c8964f0bf,
8714aed4-aa37-4be1-81fe-622bdc1e07f1,4e75f460-083e-4458-aff8-1d37e46534a3,
1c2d13ba-a37f-440a-923f-76a719e16852,38b2ad4a-1876-4c6a-b6a8-7a26dd956fc7,
3798d860-e537-48d6-ba41-2c10939d3173,c406f1ff-bcba-437f-ac52-0833ae879f44,
66dc1723-9bc1-4b8d-883a-94efa85147a7,40a56970-d60f-49a1-a0f5-7d5ac939acf8,
9c89d2dd-2d22-4f17-80af-58ffb14f0fc8,1169ca19-912d-4904-9259-9d5607b5ede6,
4bc74654-4a74-4308-9130-c34ac99af35c,f53325e4-5930-4ff9-b931-4d223f98f470,
d5d6710d-9547-407f-a2b2-bcb0343fb1d8,dfcb2276-107a-40b5-9883-dc738e763b29,
c5319810-2fd8-4a20-b0dd-33fea7966e98,b9b4b3e2-c141-41c2-9c2f-8d9ae8286814,
8d518b71-a340-4850-988c-70622af76c07,38019361-ed4c-4a62-a1ec-90b4b2898d0d,
92eb3f7a-eec2-458c-913b-403e6aca9852,a12abc72-0a14-4fb5-849a-9ba502f73b40,
609ec255-130e-4ce2-8a0f-20c697fc394b,13a1428d-f831-4893-a717-81fc65e1c442,
8d2a99d3-97b6-4afc-8418-607cef2fe417,303530bd-19aa-4c98-98a0-6abb74569459,
fe9f8a61-52a7-4a31-8133-852da3dfc25b,79279972-bb24-48fd-a3d2-7677a48d6145,
bc0b38fe-f8ea-42c6-a229-2e69dd4e82c5,b1b777c7-cd4a-4151-8306-37de921e7ae3,
ddf6de13-0fcf-4e35-ada4-d3f08c4d4194,c6a7424b-8072-4f38-b1fc-b9ba315d8a16,
4350bbdb-c0c3-4fe5-bbe4-d3d435e61c0d,fa2b241f-995d-45a0-a7d2-3f688499478c,
7a58d106-5baf-4473-824c-a8ddd1d04423,bd2901dd-fac0-400b-a55a-49d3c3833f4d,
8d7fa809-c916-4c1d-9a88-77c3d5c81133,1e457ce8-23bb-4c04-bb5c-b4073ae947b9,
e65346ae-521b-4c15-ad6d-9083dd04b630,f6ba10e1-7e94-4527-86c4-e8bb7bee1662,
d9efbeba-21d1-48ea-9638-d4e1e5bcbf9b,b8d18b71-5c6a-4f52-beaf-2d45f2620deb,
56c1335c-3189-45bc-9cc4-c1ef0ddb7e75,da5bf8ab-2746-4449-9e78-e6e6cea43712,
