acc5a15e-3050-4fc9-a90d-f8ec651960dd,ECDQP58XM6
0b4d65fe-c4a1-4c05-8744-4b8b05437b1c,YCJ95T96X4
a90c1b8f-bd4f-4337-906c-850a5ea1cb58,0P28BKHP7I
f4d84c2c-7f27-46a4-9bb5-f9b6bf4543e6,ID6COZ7GHZ
25b2d2a2-cd4c-4a39-bd7e-cd2432bbf250,LCODH6YAWQ
8df9a3f3-48b6-4e05-b3d3-c0f447396b71,P66DB42ZNQ
7f457136-354a-458f-b6c0-748d7e223c31,GKL5Q09HYI
5c94a353-dc06-44ac-babb-f8c4a4d7b5ee,SN3T6OIHWA
bc0a1a35-0865-4c53-ad3e-92e8f7d3642c,CXTHJTCOCB
39fe4b1c-5599-46a8-a1d8-b427b4eb6f41,I79VHUVRMW
17199fe8-f6e0-4867-b474-73a2146222ce,2M70WH5XWO
d6bac40e-defb-4a35-962f-eb5cf8556d9c,PC5424CX04
a4da4d69-9ca3-4cbf-9edc-d1bd7c44e37d,ZZW4YQ5YWJ
165fcea8-15e0-4682-8212-96e2f5c30eb2,H7K8KB6NBZ
30683b2b-ee3f-414e-b739-ff68c1d9854d,5Q1HYAP5FX
9597adb6-aab8-47a0-9b2d-e4f995b5d17f,VANCW5ONTF
d93754e6-2771-4769-a1dc-9612c2a713b5,VD3NMZ3AIG
89b1db09-4088-4d3d-9395-947a6c3559f6,XFC3JF8OSP
d997e11f-1c43-4438-92b9-fa33648c79f4,YQY0MPXMLP
d4bbd322-17d7-4a2b-8e5d-77c217bfc127,6X98GCQXVF
1b613da9-6b08-4496-a769-d10ac270852d,J7BXYRZ079
24e9845e-dc40-4497-a3e4-96c6d0faa848,G0GI0HH7PQ
612b8ae4-7d1e-4358-a42b-165f2ef432f8,NOZUP81U7P
1851e1dc-0f84-44a6-9307-e6527ee8d0bb,W6BOXD9QI3
eb86017d-263e-4457-aadd-50f4f382ab91,EQHUHM157E
170d0ad7-d6a3-448e-beae-0892ec34db3c,2I58848AJ1
b3b8b39e-b70f-4351-80cf-2c64a12b1a01,DBRX3GRQI0
d6a24d23-5962-4377-81c5-4436cacc897c,NHA6BZ1BY5
3967db75-a474-44fa-b2d7-046fe4fef127,EPXYVX6AQY
8418b1c0-ba65-4a4b-9d8b-af38a4268ccc,50KJVQJNOD
43121932-1918-4bf8-ad20-296cc6cdd76c,EPR07IIYTR
acb2d7ae-5431-4774-a55b-1c15d858ac1d,JOJS2H53KS
c3ad3fa5-95c3-4205-9b06-a0f8c94febaa,77Y81HOKQK
b436c663-e14e-4696-b1fb-e15b1029a1d4,6AWLLQ4AT8
df74a1ac-ee5f-4ea6-9109-e05c1a362b71,BC2E285PCY
015ca749-23dc-457d-80a6-46aee89396ab,R3Q6MDYHBR
ed2631cd-1e58-4f16-896e-2e9fa33016bd,1GVHCK5ZMD
444b588e-7975-4fc8-8546-a18184e72e9b,Q55S6WUXQO
225f993f-2b68-4ab1-af3c-67590b9a8fed,26YAB2KV17
845602c6-b951-49b4-b602-b2c50964cc12,OOF2TMQAWL
03cba565-1e02-48b6-b7d6-b3f2342b155c,5JZ19HKS4I
5445bee2-17a0-495c-a836-2e332806373f,HF9KUTKOQM
7ab1bf69-98a3-4fc2-b0fc-7a2e0e847455,LZ52IRU46J
4ec45cb0-03f4-49fa-b53e-527a9ffa0a3c,5US92R152S
d045d75f-8e7f-45eb-ace1-3b48d1a231c1,FZ2A4I25ZV
57c83850-8b16-48e7-b6a6-6f900899e4c3,A1IH1932Z4
4eda6727-6d25-4b52-8754-7887b4afda7d,1RX1CFDOD6
3a48ec61-3036-4bf1-a200-d7d4fd729ea2,3OW5P0FPUC
445dbdfe-8ecc-41b1-a0f4-489f08327db8,5W91KLD9X8
a5aff205-5253-4373-83b7-e504b03cad4e,XET3ZVKOHG
245aa329-7c36-46e2-9924-b6de4f0eb226,NQ4EROL2MH
7518da07-89da-4348-9e2e-a89698ed56f4,FWPNOUZ3ZJ
83849559-802d-4dc8-a8b6-25cdf846b27f,I5EQKLV2XH
aea353d2-e704-4974-9de1-fd27d3b315a1,NRW3WKSZCK
d1d35ffa-f708-4ea9-a4d3-406ce57bc572,2ECP439SON
accdfd90-1555-4f4a-9d0a-1a3b05f60cf3,IUVCZJ9IM4
c5094fbb-ebbd-4c75-90d1-e6fbf0c3f8f7,VTPCX40PIV
041c0602-30c0-4b2f-b455-9eb5106176f0,GMP9LPUST6
35820a15-0934-428d-b862-c547beed4955,QTFMJPZISR
0cb530e5-104f-42a7-87f3-2329c7205c4b,0LE1895GF2
717edd68-933d-4bdb-adbe-fffa287cdb8e,6JZOXSJEQZ
fc0624f8-84b7-4c40-84a9-f254a18a4aea,SDGP5K7L0J
02394670-fcd6-4721-9092-3550e3b6d34d,TUJFTCZ0ZD
b8470c5d-e607-4e45-ac2d-49f9f2fba6bc,9URGNLLCY0
2be842ad-5bbc-4eac-bf14-05b00c22f8ad,9K9HKCX334
f1b22379-8773-470c-af5d-41e790fd2c25,PI5GT4DZOA
68235df3-b088-4a80-baa9-b55f0a4b009f,YIBD6L5FPM
e9f2cda7-f697-40f6-8a79-865b0964231a,OX72YY9GQF
d96799c4-6acc-4ec7-afd0-be833dcee171,B9LJ22MZTT
a407ee1d-9bb2-4e16-8d25-73375288eeb9,QAR3CF7RLS
cfa50cc9-edc0-44b3-88d1-d6401b6f2315,1G837DUCOM
fbd95998-5ba7-4101-bd75-c3f703822cd3,WPUK65MAXG
508f83cb-c239-47df-b4ce-60113ffbefad,UZC63FD5XT
99283d97-8580-4976-b2a4-276e7081c63d,7KPWRPAMS6
48b7f76d-9c87-4f09-a9fd-775d8852f9e3,VJOVXUIPCQ
20ecbcf7-4585-4c22-bff5-4059e2524a23,6OG48GN4D9
8c81682c-91b2-4c91-b444-52d781effe87,XGRHPOZNZP
14eb9232-d841-4a0a-b9a3-e22418c30214,M5G1D7RNN7
19232299-e29c-4a0d-b023-a151017abc89,C4U2BH0LDH
ae0704c1-e963-43ad-910c-e30394c287af,0QB4WDUICQ
8fc799dc-0495-4924-ab4c-6e9e18d45f8b,0XM52T4L5I
b0dbb5f6-b92a-416e-ad74-fa72eebc08b1,FVA6KU65QT
154c56d9-4490-4277-9680-f7d441af4a7e,Z639JZ0H78
990a837c-c663-4fb7-af7d-488a6d241570,G9R7HYXCG3
9a8da27d-f736-4503-97cc-2a872f11656b,ZK7PQIOHXD
afd6ff8e-8dc2-4eaf-9eaa-c4787f8b9a82,07CZPW44AD
8bbb62bb-80f3-4d2d-ba2f-1d2e65c04ffa,C0UCGM83H0
403b95c0-a79a-4fb7-b8c8-0aad16dfb555,PFKGJ0D6F6
e67d6058-6ee3-48b1-9772-871bc5ae6135,65ZTGCVY6L
d462e3de-7c41-418c-95d7-65e79a08205a,H1X4VVL35X
a3ea4c04-f215-4cf3-b4cf-68ab746cc116,QJK8X3NPMK
607a10dc-f484-4abe-b391-ed3fc3bdec73,SXJWF5KHSJ
a4bdd8fa-771f-4610-b1c0-9e63a17d6a20,776GAI9RNX
b9612cd3-1840-4efe-83b2-cdad7693b28d,HO0RL2EWVG
c340a5b4-a564-41bb-8a81-d5d0f4d7e517,4U0QHZ84UY
14a1fe3b-8344-49b5-b7c4-46aca7240d7b,4ZTD28BTCB
69ed484f-419b-45ba-a2c5-063245829c2a,L9ZK4UYMUC
927635f6-6afd-4f8d-b05f-610e335fcf90,YG1RM6BTYU
0df7364f-2749-41f4-814f-7d9b7e833855,8R8BKZJFPC
bc4a5aae-0c2e-4089-a6fd-8c368041882f,NV5I1LOEXZ
a560651a-24e3-46ed-ab0e-ef35095540be,IQEZ0EV8MQ
2e0c3e06-03e4-40b4-be28-116ae23bd9ad,HQKWGA6MM1
3584ec9f-b8fc-4de0-b158-9e487f814fe9,252WOLA62T
b8769a80-c9b9-49ef-84d5-1900e41f844a,UT6ZURITI4
de51b8f2-88cc-4224-9570-613f67365efa,U78TKTQHLI
dbc643cb-acbc-4f0e-85a6-83be3387e9ae,FWORHWA6Y0
4dbe177b-6527-4271-b08a-945836d716a0,568DLVLDLF
12e6a593-5d53-4a9f-83f4-615405cc08ff,N2Q8TFRQ4U
46fe30f9-8fea-4c29-ab38-2d259743e151,1MA6Q2DIEO
a80a6cf6-11c4-45b5-9efa-e4711b17c18f,035O3UWLC1
ddd0092b-a2cf-4835-aa7b-9114b15f8558,3GFJN4AOYS
58e6bf53-67a7-4a65-b41a-2649e9d792e9,URGZJL0IM7
1b646d6f-b563-4dd0-895e-0b058ec6fdae,HRLRR50KR1
1a1820b9-6741-490b-b423-3867a9245347,KYMC92T01K
cbc7713f-9c8e-4ba1-aacb-9313caf15a74,ZLVK0WPQZA
b2551ee6-4ab4-4d10-9545-79b6601b0628,ZHECAVDKIV
47a384cd-03db-4873-9ef6-061769ee6cf8,P4ZIKYMVV3
8a2407ce-18a3-4144-832b-7cbb8f70d421,0AKIVB1QAS
06601d5b-ab08-48b2-9db5-db0ff4697307,T0O7YZHDL5
10bfd79e-33c5-481f-8994-e66befb1fbbf,T4RIIJ0WDR
e4718665-4ca9-4552-88e8-a2162e5de992,QIG3RRFAS4
7eac35e0-edbe-4a68-8469-299c1773734e,DM0VEXPBBR
c5f62fa2-063d-4ac7-b23d-6408e1e006a1,QVEU4A9I2H
b05163a4-c012-48b1-871a-44f06a382799,AXU9LJILIS
2e388eeb-aed3-402b-a351-8d5206135ef9,H353BBCB60
8cbe7311-5e92-4787-a286-c9ac42af4451,S6G40X614U
102aab10-4459-45fd-9ce2-7cbd3e72821d,7L25M67Y8Q
4972a17c-7419-4ea3-abe0-a4566439392f,OHKNFWMWEY
5629015a-5df3-4b72-87c2-72fe689dc8f9,RZKHJ38Y7U
afd164d5-68c1-4fac-a146-6af38fde19fe,R95S8NJCQW
e221862c-5c7d-4d70-be70-0abcc93ff959,TF2Q42C55Q
9ac3cabe-48fd-43d7-aded-fe92e011bc2a,5P5O76VW1F
36b3b605-f528-4881-b7aa-9f8dc733617c,7LT5I6KC45
b6b7c9a2-ee3d-4174-9c83-8764feb2f7b5,EKQHNIMN6L
f05ad5dc-97c4-4266-999c-2127b9f98d64,W94HV69ZGJ
ff76c9ea-79ad-490d-beb8-3c1adecda153,82J0WB1VRZ
081ec9a6-bbdd-4d36-b29e-25694e5e702e,3HIZ5IST2G
6f4710a2-62fa-4682-ad75-87d7cd2cf137,QEF94032LP
bfba1029-5619-42e5-974a-0c40d299e2ba,7W8VJSEJ6R
2795f109-7d3f-4779-8d42-62c3b9ed93fa,X82TGXKW8W
72dffdc3-d1b5-4623-bf90-46744494cca5,JL0IVEK0EN
e9fd9ab4-3a21-47d6-a9d4-b759acec25ce,9O3F5WV8X0
7e51be56-b359-4afa-9ffd-a15bc6cba29d,1N1C15RXQL
c6960807-9fac-4770-9870-b631a598a45c,4XQ3GU3DT8
d5dc6139-dba4-4246-93fb-9146a5b5286d,JAZR0GSVQ5
b209821a-9810-4d7c-bbca-80e92268941d,7K2XBU54ET
f437d5e4-5509-43f1-99de-563546832f79,7RRYMUP228
de261883-dcb2-4286-bc87-b9beaa2005be,APJMD3YN47
379c9f5b-1bf7-4d13-a04d-1e9a1e1238d0,L2HPMU4E6Y
b16aaf79-a374-4161-a7ed-a762cb5c7ded,UBJ8LB4DTH
c5d076fe-cfc4-4ee4-bb02-e662f25a7441,34FQ2O54DO
68075514-609e-47ba-a861-415af665b08c,THBDZSJAFK
9da84a77-663a-4192-bb52-46e84805ffcc,W1OK2ARMK1
1ec891ce-c6db-42f0-b6ab-7298015b9658,BHNXPFVCC2
68c836a6-229a-4871-9e51-24b4fcb06d35,PN845EAG7D
b4c02115-749c-424c-80dc-32589ff4a384,O96EYKWS81
a2b02708-9d9d-4e64-9b80-2de5d077696b,UDM8JZZ0JP
9f3eb4c4-f62f-4bb4-909d-3ff74f255cc1,IPV09WNM77
319c8587-2139-428f-8e22-204384b9022a,XCKS9NTMAL
427c379a-8769-4182-985f-93f054fe5870,5RHYCEKB5M
40eca372-6a0b-463d-a9b9-4ef5c52907e7,IZFCTFQ51O
8127f1eb-cb11-4832-9c32-33e5edc50c07,PB1PY5OO98
268053b0-cf2a-4112-a232-f1d2f362610a,FRHDIVVXSF
ac557f01-bfd1-45b5-b9de-39d96fe1e5a7,0SR33PTHAC
60f6a801-a7cd-4504-98de-60c23f41e8a1,Q1BT31V5HO
621cace7-f017-40bc-94f5-7e5ee8c9c9b5,E0FDSIKH8W
52f74a0b-d1df-42b5-ae37-2a4b13b044d6,HCK2BHQI60
6d12bf78-e9b0-4567-b71b-ef13eed87c9e,MV39D9CHIZ
0e05e47c-c3fd-4d7a-a489-62d0fc683cf4,TGNN2YBYSV
e59e3039-3565-47af-b0ce-a07e89b9d2e6,72EV8KI0OV
6c57479d-9fb3-4da8-a0d3-9df231ca2f11,GDOH37QBA7
a6545df9-cfa2-47f9-9583-fa17e11e6493,ZJVJYCOGXX
83fa7a27-9b03-4478-8957-8ae167e9a9f1,YI8OVMWJ7W
535cd3a9-481b-4bad-b5af-dae8335c1a1f,GQ08OJV0CY
136b82ee-0d9e-43aa-aae5-7f9d31be8575,J1BDHQEH1Y
168895e1-f52d-491b-8707-e488893ed222,FCH532SBGM
4f3ea822-7631-4027-9b5a-63dd24e95945,NQWL064VJ3
02ab5973-2879-4f7b-b824-d0123217dfc9,P7E5XU4PAO
4e7a3805-6ce6-4471-ba4f-4fbe8a990e06,IKW16L8NIG
8c96edb2-a58b-42e5-bb33-83c3a7ec2ab0,TPAIM1ETZO
3fdbcb38-3e0b-4330-97d5-07bfa7e87b17,IKU2NDYPRB
bcaa20b5-5d9a-4d81-8e18-fdb47793370c,W6YA4VHHNO
25e469e3-e64c-4dd6-b854-97509991865d,3NVL77SQ0N
b00bfede-e659-4d1e-bca1-e98bb39adc08,M2PPGRI7XU
fd5ba144-dce3-4464-be6d-7861beb28d52,VCMJWCGR52
b61ce51c-3628-4b22-8b5a-d54fe5d8f07d,WIP60LF2SS
6ff6e30c-9b84-473b-bf9b-ce3b45f0471c,WUV6WZLLR1
341f84b3-ba9d-4638-8d96-6e13bb2c43bc,32K9DIE2JV
a994ebd2-0a1c-4fe1-bd7a-6e92409e5174,4KEQVNRPLI
af802efc-4dbc-4d3f-9690-5c9418098531,VQHV6M6KUQ
cedddb8e-9bfa-47ae-bba9-30266296aaef,V5BRHULX80
fb9d1403-6bc8-4988-9eb3-7c75ce4a0195,2Y763JPSPD
3f898620-5cb7-40c2-9f97-4818cc090ae7,ZGPQCFITCW
0f9e5d97-e399-41f2-aeda-35d19677dc86,N4WL537A62
a5c17746-71dc-411e-9d29-4cc23fc434da,4MSC5GXWJ7
507b63da-63fd-4ebe-b6cd-5d6b847bc2e5,OYVZEEVSR8
87fd6f31-96ff-4f8e-88dd-c310e186585b,6VCNGFAAM5
8e6bb59d-5752-4596-b7cc-6a7079dafa0a,4MF4P9SF5W
e8e29e2a-efef-46df-8163-da3cbce41b37,U3GVLCI33G
a42765c7-a5ae-4f03-82ca-ae0941be2f03,HPBBK1QLLA
839a3989-cd00-41fa-9b24-c467f0f2e2be,6CRCEU2YKJ
592454c1-76b6-4469-bd05-cac9a8e80f8a,B0KJ88Y6DW
d7af98ae-4d66-4aa2-a0f8-bf11ef9c27a4,PYI3WBXWUE
606cb499-8631-4039-bdfc-30a8689e42a4,MLA3VEWCUQ
1e0b2a64-781d-4e0d-832b-a199b35c8846,JN7OB1KQEM
2f777883-bc05-4dff-b1fe-8cba39d69538,7Y8DNUPTXE
e641dfbf-f44e-4172-8656-289d6cc67a05,9MINADRETY
779ce4ed-2668-427c-8dc4-65cb0b8792ea,UE3KPZQSWS
6d73685f-a167-4fe3-b78a-ca44deda66c2,LOVYCBAI15
88f8c5f1-c409-49ae-a8be-398b529b510a,6XPKHY87LL
180cdeff-e5e4-47de-bb12-8fd5ac467e47,18PG0D1F98
443b5d53-61d3-4358-93e8-de3426b0b9dc,1IEN7UDRU0
2a6a32e6-0a8e-4b5d-a2b1-85a708705dc1,14AXCMDKEK
bda71827-1ebc-48c6-b095-056dc3070c60,RJ0Q0IVRRA
0cb18f05-7561-4bf6-9e67-b44f909a466e,81NSU3T6V0
f666d638-8035-4975-b1df-d94379ad1be5,0RHMJ00Z1S
d28ed420-e22e-4ecd-aee8-47e1f59edb72,8LVC2HT0KP
d790d4f4-2cfb-4f9e-8f9d-d9739fbb2cef,RLJUHFWTUW
c04ee997-0ad4-4547-b810-f42ad09de54d,BO3WGUB8RF
17e7f14c-dc0d-4250-a75f-cc610f539ad5,6EST334VR8
7d5808ee-0b4b-42bc-a87d-9bb0ca786700,FO9FZ9RITH
7b9edf51-b629-41dc-b6c7-15b08323a4a8,7I8YV1RK7U
deadc5d4-5856-4fa5-a770-d395fcce4cec,G2YZWT0DL1
a615d64d-d672-49ea-a933-4c23f1e2a64c,3WF3WY25MD
99fbe3ea-4ca7-460f-a366-d5256049b7f0,92YHLA1SU9
504018e2-0b5b-4715-a6f2-1ef415f522cf,REBSSM0W6I
29f82dda-e72c-4a1c-91fb-78ed2b749964,WJGNXVHO2I
ddc557de-a599-4c46-b487-1c84dfb263ae,XTO4GL4VH9
e538201a-5192-405e-a8df-df6a93f7dfb6,89ZO9D9RYZ
6378e19c-4d22-4bce-9fe5-ec9b6710e75b,9AF6BT1BT6
68771dc6-5385-4d3b-95fc-537e6f9698d5,2GWW1D1A4V
54c70daa-fe18-4de8-a863-df528bc7e58f,L66NMFOHOM
535c5851-0c7f-47a6-b2fa-2e053db70fa0,3LTGAO2BMC
1fb2dae7-295b-4b67-bf33-c29c01ab5f7f,Q4YZW546L3
be0637bc-3d8d-478f-8be4-1249cbffcd23,29JPFKIXUS
573160fe-db82-4548-af09-429cbb09e081,Q8QVUMNVKK
97d10449-8258-4e77-94f6-950c37fc9b3d,PILMIRKXFP
46925958-cf27-4874-8641-55f5bc2a06b1,N58HVPDZEW
1d4e55ba-9e72-4706-8fcd-a3ec3dae43c8,Y2YSDHW67L
754ce536-a5b3-4276-b973-c73f1016f5f7,2OLO2FBCXE
58899a66-69e5-4733-a4f9-b19c50ee7c98,GIH0434M2P
df163236-9434-47e6-9e60-2183fe10ab76,1WKROQHIUX
0e883fb4-d732-4469-a785-f770aeb57306,JGNG4Y9GFA
b6e849e1-7ff3-43ac-a2b4-49b5d266de46,UE4S6COZIH
981f4c2c-abc7-4f47-9aca-ba9551b2a7f9,EH97ONXZYE
815243ee-5f51-4d71-843d-ee794e056935,IAQACARPET
338e103c-7b0f-4d56-9fc2-c608d4b67bbb,09OCUC9SU5
751300b3-5ecd-4edc-b353-7834e84a9174,APE4GFQ2GU
1b13bf07-9b1a-4b7b-9873-39e9eeb141fd,7UMFWX4C1D
ca21d92f-2255-4493-a7d2-747fe4bef179,9A1UY53AFM
bd6623ef-1d32-463e-833c-852bfeac8917,193QIHF97S
7888a15c-ccb1-464d-8c4c-4dbadcb7707e,IV16KQ9BFE
695db425-96f3-4882-a538-c1b96a2957ab,W1I6Q74NJW
3002f431-ed64-4aef-a317-5f381924a929,1SQV2O6T61
2e4ef123-7111-413b-86e0-8fd15ada17ea,L2UE312W9Q
28cd14fd-e7dd-4266-9028-3d8ad2d516be,I2PQSNZLJP
0e9627da-2304-4ab5-aa8c-33d47125a17a,DPH3RNAKTV
42eea6d9-4917-493b-bea3-ea2273d150a9,DN6E98BKXH
a1046d68-6623-44a5-9a62-b200af5a8127,X4SUZBX7DW
f614bb50-d708-453e-b9b2-e38e87b8dc03,YVA7O61XJT
3040698e-e551-4ba9-981b-d585dcf66511,SSKU9LLGUA
b3ce46bd-1ce9-4aff-91fd-24588fb0c672,TKBBD1KSJ7
933bf115-ad98-45fc-864d-16e850d9b57b,6192QYEJTU
90c3dd20-475c-4062-9d69-4c6f31758d27,64Y8J0A7LY
545262f8-a615-47d1-a299-8fb8a02b4a91,BCI7XEU0DF
28ac8acf-0264-4e13-a695-0b28a8428986,B2WILLGFV8
253c71d1-9c38-4b89-a2e7-3e05989db7ac,ASYZ4YM7X1
42ab6faf-7a98-4afb-acdc-999c942224e9,YRGTOCYG7Y
7c423d40-e0c0-406a-b11c-7e0342901578,DPUM5CAWP2
65e2026d-cdae-48cd-93d4-2a03609f1af8,B6SGCGYMHW
a4328ea9-8209-4d91-b3a2-5146b520f088,JTEH6IBKA7
43a82d92-1cef-4c54-9b7e-7e9cdf461856,7B2XUPF4FW
2622c8a8-c510-4df1-aa53-4f98de7381e4,T6YDJMF6VL
1ad7f671-83fd-4841-a1d0-429f0fca33ef,B6ED9346MU
99afd962-5cde-4d19-9b75-85bf68005f1b,H2Y7X9S0Q0
d863eaa6-1b55-4211-bc3b-f46e7f2f537b,W7JNRKJV36
c2657b40-cf0c-4bc0-9177-65f443ee3c97,0V2F07MA46
77cdc3f8-fb0a-46c1-a6a1-825e25d7f01f,ZCO5WZHTGR
32aead50-cb9a-4c2a-a255-43e5edb5b092,WMPJK2OL9P
8bccb51a-9a5d-45e6-b9cf-b59fb0067155,1UPJ85OG10
46c67623-5dff-4d9b-ab8a-a173313da25c,FTGGH4ITRQ
d43169f0-165e-4404-8d34-18cbd4a50964,MD6C30WFFA
f6294bf9-3acf-427e-ab17-c60456496e45,VDK86AU5AT
460a8211-1056-42f8-a877-a91eacb55059,R40GVJ674G
ab6754a3-fab8-40fc-9596-129757be4e3b,RR1GH4AG25
2b692675-e390-40c8-ab47-73778d66430d,D0FGTSAZ12
4f6b1430-7708-42ed-9793-8587a86d7a4e,U8R2DN61ML
4af84c1c-3ed3-4c05-b172-d1546487d8bd,110DN24SC9
ae5cf022-d52e-4495-b5bb-aa86b8c57f5a,RHZYWKR4HN
bbea5966-e740-4ab7-936e-9463a1a54fbc,3Y839Q3XYH
125cced8-9007-49e8-a7bf-0fb5d2990d72,1496VOYGBM
f395793f-3f4d-4128-82c2-52158af6a5f8,0E6QZ26JMM
9a8471ad-115a-46f9-a4b7-b9146e9445ce,DDPBLPEHXU
ada848f9-aabb-410c-95a1-7d961705710e,N9J71IOBCP
8dbe2786-87ee-4e64-9ed9-c637ecfe1d59,A0B4H1AM5F
58e96ed0-3552-4658-ab66-8c7f1cd22b2a,V9OY3YF96Y
2024ede4-a9d9-4786-aef6-8d7c4640cf5b,CN9R8Q8XMM
5fc3de5f-1d83-407e-b59c-2fc3443289f3,FB50NP6DGZ
a875f438-23e4-43bb-bb33-076e13909552,2M1E6DWN4X
2445de6e-404a-4f13-a4db-a0a30dcbf5e7,VAKS0O9LEF
8546fd1c-4dce-4289-ac12-4ca4bb6e4d9b,U6HOW5GBDV
64a37d56-e288-4421-9a9e-2c7a8bc46031,95RYPRPV2I
6501415e-03be-405d-9255-1d9413d9fc06,B8RJ04CRC4
96d40711-8ab9-4932-9425-22dc435cc492,CPO34D8YDI
0649d3f2-b5a2-4bce-af99-94286363fc3c,BQTKA16UN7
198c18d0-6431-4c09-830b-f79821e4e889,KAWT6RXFTY
51103469-d487-4aea-8f57-a633ddf69cb6,VO52381QJ5
9641174f-9bdd-434a-81a8-1050ed4d2000,Y8WVRFALKE
1ff5f2f4-bd63-4991-9296-46471b37de2f,8QP4WA713Z
dee0aec3-d6f1-4fbe-ba04-e103280eb1dc,ANDJAVKQGE
16227577-046b-4a34-9815-61d8ae4b2690,RTFVG297FW
24c6f17f-a145-44be-bf3f-474496c7d010,WGUNRC5YQ6
aa2bab2d-e0cd-4932-b658-8d971d9b3cbc,HLTB2Q2MVS
f5e0fb8c-d55c-44e3-b6e6-73e5eede6ce1,LBB6AY6IXC
14c0ecb2-c80b-4b2f-a711-fc4e9f599ef8,LD9NFJKMHH
acd16574-c649-4e5b-bcd8-98223f0f369b,G10J0QUXX9
3268473a-617c-4ed6-a4f9-e5e797c06ffe,3JOVJRWHFN
7bf38458-47c7-40c8-ac03-777a83982cbd,LEK7CN3QPQ
136c9f4d-3c34-4ce9-84d8-00edd93bedaa,YI0I4PDWMW
da81bd2f-ef72-4499-8c13-6e4af5360751,C0P6WZ4MZD
1fa3d094-5593-43f8-8b39-d61645890254,Q2785O8KWJ
4906bf58-525e-4a0c-9404-23b1c7836d77,7J6JZHOZMS
96651875-772c-41dd-9055-b44f3f310aa3,KSZPPEJ20E
805dbb76-58d5-469a-8d57-823eb4ec678f,E1W3G72FMR
2149570e-ac8f-4a2b-a81d-e53176256f77,0MCQK3WUX3
834f470b-146c-4351-bb1e-0a368c08b8d4,0NARSMUQZE
2355d4a6-64f2-4f31-bb48-84b52f6de163,HZAPH5W8LS
affe3fdc-591a-4f15-af41-42ac15ba4ffe,P73T5VSMRY
8fb3decb-7c8e-404f-9e66-64ff4fd0fe8b,707XF29UTZ
f9b859ae-3556-4194-a74b-5d14493d74f3,6HY1QEPGS0
290e83c3-61cb-40a4-ba0a-cf3654c843b3,571G6P2INC
94f8ceab-82ff-457e-b45a-4a1fe01342db,TP5O3QV9I1
7571fb39-6c49-49cc-8716-a4134a35617c,AWUOV46R7M
11bf8957-18c4-4edd-ab90-e706b0f35123,DEMZZZ1SME
60ffa8b3-fd19-430e-9506-d7ab03186713,ZDX54N8X29
49b9bfa6-3475-4e3c-a06b-560b52de073a,Q4SU8J0430
2d589e4a-7436-403d-9ab0-81052f524cc2,KCUGGUUEKI
d322c201-58ae-46b7-83f1-54c01e9879b7,JGUHCW8UY8
c7c6cc84-3592-43d8-83ea-6b772b0fd8b5,SKLYOLTAHT
504ba346-b681-4139-958b-0d1cc5ab50b1,1PVGMGSR6Z
94ad88e1-92c3-4f60-80b4-fca29e18ac96,MMO4ZKL94G
c56982f7-c844-49bc-a89d-df7704b759b5,XDQ4WBTGZS
b8432636-fd0e-4896-95ec-550cd1587320,QFUZTYTKCM
1b8796bd-bdfd-492f-a99a-0af2b3ace496,GQ81CUY684
5fd15661-f19b-4f49-a502-cf421afa9a60,TIG16JMSSF
298302b4-a513-4c6f-ae8e-6e48b5546c15,RQWAWLYXM8
78ea3ea9-bd7b-40da-8deb-b32ec2d5abc3,AN4H5AXY33
6ac5be4d-c450-43f3-b753-50f0c4908020,QIEO9BEJNF
332718e5-27b6-41db-8823-94479527efde,5RT8YI7RLY
ef730adc-4c15-4b08-bfb9-fd2db9bb6b9f,JQLAGUNUTZ
6cac321f-acac-47ea-874c-e3f8872b32ba,UW25PPAPL2
ec87e767-a8dd-401a-a4e5-269af4c8dcf1,8AOS06NCQX
8521066e-ac14-4b09-8e2f-6094cdebbeb6,R5US17A4BC
cb529a98-736f-4d55-b6ae-19e450d6fb80,L2KZDWFEX1
1905e5ab-bd78-4ca2-b7eb-f8ab7c120c0a,FU9LCTIOXU
cc898d21-7fa9-4b3c-b761-e1904d7df6d3,P8K8GNMQ68
585a73df-38e6-4217-98a9-7a62d06d7616,S5XVRDQKNI
52d698c4-1579-4e83-a647-a038b533c209,4CPT9IIYQT
70712c85-ee2e-4e23-a00f-66c86929467d,4TTZR2Q79R
d654cdab-0c76-4e43-ae38-70dc5f076b29,JP4PTETM9R
40f5b3f0-69e7-43ef-be68-597b121fa4e7,VPG6PX4B59
695adc85-a0cf-4dfa-a700-764b6fcb59ac,322P97XDQC
a3157d95-b522-4018-8020-a5d219c46ed6,8VTF8N965Z
f499d3f8-490e-46e7-9762-a2fd760c1d20,R8GL5EXLEJ
2a865011-cfba-4d52-8cf4-fceb6a4a0e19,EVQ7PVEAI5
30a535a8-3f29-4080-a4f7-364f03e92c95,DTDS1IBN9C
572f57e9-d43f-46ee-9b8a-f16f16b4a670,J2JFIVVLB0
3b0511c5-e5ac-4451-a403-9d721598aadf,WBXYWJ3XA6
4927c503-416e-4de3-b9b3-2dff66f62ac1,XNZ7BVIN7E
3ba02f1c-83a1-4721-be00-9b0d9edb66d6,PCV4YW4M6C
c73a65c1-0b0e-4fb6-ae32-c0e5abdb41fd,9C2E2EF0QK
c0ca00b5-e416-4652-ba63-a6a6b7f159b1,8I3RNQUO5W
7f1ca179-6398-434e-b36f-31be6230c6fe,X012UIVG73
242b7358-14ad-445d-94d8-4fc2bf3d4abb,YOUG6S0FSS
3ad54d7e-cfcc-469e-b051-a23002af4946,DXYJOONAQG
f1723f79-cd25-49d9-ba58-0d7e4d01f3f9,1S8SSE6I2I
a67aaf0e-dd05-477a-871d-7b67601de872,252GUOBXWJ
f47eef58-496a-480c-89e0-8eaf0f573ca6,F4SIWGB2AF
1e43f78c-c23f-4c2b-8d9a-5c8853e57743,NDMO6M0RXX
ba5a884c-ad20-4040-971f-dead774c7ef0,CZYTW3IJYM
26d3fbec-fe7a-46b2-8800-4032455e1f6e,55SONXM51U
c1bea39b-c002-4c54-be25-35d20dcf1346,VSLSHMSBR6
8064a856-7837-41b3-a48a-d60f9d48cbfc,YG9TZIIGGF
a2a2601e-eac9-4e0c-90d8-c0b9071c082c,HDOBVFRGHA
7dfb2ee1-b622-4dc8-a3a7-11ed090e0497,YOKQ9QHDX3
edab4d24-4eb2-4e41-932b-5629095c10fc,235PRASYQW
421bf78c-b9df-4651-b34a-5a70a09d23a0,2RS1TPCJ69
26214b0b-f40c-47e4-b5ea-4b0114b53ec8,H7937TEHVP
2158fe23-b4e7-43bf-bd45-01487bb4cda9,EX2IEMW22L
8501fa4e-6853-4746-88b5-f92adc9effa9,MVJ3D33OUU
19181667-1115-4735-9f7a-af72ffb28256,E6TTB45H4Y
7ed42d5a-f3a6-4a42-b7cc-e2d44caff142,AJBQDR51G3
4ce236f2-a3d7-4bcd-813d-54186ee92075,50Z8JVJ57Z
194a33e0-fb7d-41ff-b4dd-3d5f13676cfb,JHIXH7WEF5
8ae91350-0092-428c-a9a4-1b7feb6a1277,ZEQXZ1OH78
7f9a5d8c-b2f2-41a9-9c91-f8d8f78d60e9,M71ZH0AJ3E
08018297-7dda-4162-b69d-691775e4d652,HVLVUOLIBI
cf9b222b-5d78-43d9-ad66-8c9a7413ca63,BUBVKQ77ND
24e77daf-dec8-4fe5-b365-a86aa5b582c5,2U2TP5WK8R
8c43dc7d-e1de-424c-a627-8fe5059b8e26,7QC0YA2PQ5
3dbb71ce-56ac-469b-8aab-604f50550a9c,T3UGW7B3NJ
15137bf1-a479-4b62-a9ae-de2219694a69,XNCYT1TIKE
75eda3c4-2976-483c-86a7-fbb8f5125d42,IZR9DDG8FJ
92eb9238-d376-4713-a454-0f346333de15,S0L6NVNWCI
99fb695e-9189-4bd9-9ffc-fba1d8082761,2Q0I4UY4NB
f72919dd-a5da-47f6-9339-2545c9542105,DYMVI04NCU
e8538b5e-d6e4-447f-b682-940de15066d5,V12NWA4BZ0
872d1c49-5536-49c1-b806-4c9630025b14,Q297ZCM55D
4f05144c-6bde-4f1d-9c29-f554dd730daf,PGFAMRWMWH
9d130d3b-b185-4bfb-82e5-090d7d78377d,USCT82IOCV
7ac351d7-3c3a-415e-9503-c01715761d24,Z6AVOV9ZJV
35eaf726-feec-4699-8366-fc46e8ec1036,F0KWUC9VQG
1196bdc3-dd6c-4b26-83ea-786322e7532d,6JU5TYA6NG
7f8b23e9-9fd6-46cf-8d11-2d7ff40dd65b,BS19QL62S8
17784ded-85ca-46fb-af46-d17d582fc47a,1346NO1LF0
4966bdf4-ec0a-41c7-b6ce-695af873843f,38E78FMCQE
d061ffc5-44d5-4b7e-b1e9-27407f27dba2,Y5KQHNT507
ab0a83a9-55e6-428a-82b3-72c0c1799483,M7AZIHVZ21
d87e1de7-b57c-4556-9e76-6575591f9272,W8RSZI08JM
5d260f59-538a-40aa-96b2-d25e4cc37c92,13G3GLT3WA
21d192fa-8948-4f1c-b9f6-c17d59241e82,A2OBO6WNKU
c302679a-85f1-4fc8-b9fc-2bda4a914230,JZXOJS2JQL
53f56821-8e30-4707-87e0-33c68483bd81,0A9VSJOL2O
b1146c6b-7237-43fc-ab95-aa827ede8eed,XDFGREPC3G
e9c23766-f5a4-4f57-9c89-1d3c740a6187,XWLHCGEIZF
2fed3ce6-55f0-45aa-b1cf-969426024098,L6MFXGZLYX
79cdd0c7-ddcf-402d-87bc-d57bb7bd8e67,HOSC8196WH
a02b2c2c-f03e-437c-bae9-1d3d769a332c,1AFU0HBPHO
a51cd711-c02a-49fd-bd32-826b6cfc0ba2,XH367PUA5K
f4ed6976-4e66-45ef-b0e0-c164dc3bcca4,FYDA0L0GF0
f187b8fd-f3f4-4acf-900c-261f3cc4e27b,XPYN9BTST9
2a05f23c-3252-4d04-94d7-5c9399da17ae,NP5BEYPK3J
e358434d-9ba7-4cf5-8060-f5e608582a9a,2T70AU9WPX
e79231c7-3cee-4cec-8311-32483dabd4d7,CZX446XSU6
f84f6e52-c7f9-4bce-8a41-f07348698b8c,AHL1E58I3S
51d1382c-5743-42eb-af50-c51172a6bfda,S517Y24GGN
bbd4813a-3f6e-4e26-a4bb-5cef47700753,DMQDMQQSDD
2d1a074c-a5a8-4b47-83b1-169cd85720eb,FYU229QOBQ
97637d0b-98cd-40ed-a58f-6b0054132fe0,5H67BM42BS
84dd6f80-8550-4128-8406-020fa1118088,GW0W4C6ZHB
441e21d0-31f9-4751-8162-48649f68f8e9,T4ME5MYKFJ
d63215ef-1463-4f81-8653-0209a6e3588a,4AN7HX34XA
f2886b73-8093-4e92-b176-7a230bc2017c,05IEF625GV
d8de8e17-a1a2-4923-b413-4f5f6a0f4183,ZTR0IGOM6Y
685a7f44-2a96-4289-b41b-5262a6518eb6,1RZHUYFKIU
1a067b6d-ec8b-42f0-ab22-f5ba062afad6,KZXLG1QH7S
e932230f-e942-4680-a803-579d26c78eed,OYKMKZNGIZ
7b56e3c0-1c91-4768-af2f-beca2a82b6f0,PC9GC08AEB
3d7440eb-7b7d-4974-b5bb-39f3a910efbd,W7B54RLI9O
31f85f51-293b-45aa-b1cf-f76b5f831395,HCE0A4BXWO
b279c26f-44f2-4746-a8e7-d2f5c3f3ec99,6RB8N1J3RF
2f682e0e-184c-44e8-afaf-64b25a55b745,I6KGSFCRVW
2a0e9448-96e6-4cab-81e3-11bd9bdd409c,BCURAHC5EG
749219f8-d80a-4f57-8065-af91dda1a0ac,RMAKXWFUSE
05e0be65-831a-45fb-a707-af223a4173a7,6EYUB052PL
5b8bf5ca-fae7-493e-ad65-de9a115f003b,MJT8RN9PN4
96922b5a-1909-4d14-802d-1b008c881fcf,YTUKHPNW0T
ca33c933-4da2-403f-bae0-0a36565dd7c9,EP5XYXL5WF
30e427e3-f789-44e4-99ae-08af782636c1,FM2REQ0DP4
85e88e6c-db5b-45b3-8406-d8cf1298b714,96NMM4KH7U
d712b8ad-bef2-4cad-9117-8b0a26640a46,37J3OPBYXR
f9bff7cc-8cd1-4b5a-9aec-5328b4cfde25,QNA4GDJAXC
132d9012-26ca-4461-98ee-6ad5f36725e9,C3UTWNFAHI
47ffa274-c837-4bf2-b78a-664dba6695e6,3W3MXPBI4E
b53fc06d-bf95-409a-a292-4008debd4b15,GNJXJ4C4KD
8f4f6b82-cf65-4ae6-9a6c-8dc9240e1a12,AQDGWZYB1G
b9e511cc-e5b5-4e07-8bd2-1533ab439520,M2BPXEMZZP
c48dc625-c166-4d97-bdd3-95ccb413b5ea,E6AGFOGQ49
b5074f68-2a6c-432d-825a-d1714092e2a7,HAZTOCM0ON
bbc98e5f-a29e-4bb7-8d56-e50ff7ef6b3e,0WTZUY96K9
c86a0e16-0391-43f3-a9fe-e97ba0046a28,NC07QVA7F2
4402a04f-4cbc-4bcd-affc-2ca0a6cc50d3,365AWUXKTE
d20662b7-e159-43dc-b026-0af2ab8d2062,BE4N088QB3
42ce020d-968b-4735-8726-c426f6287f67,S6QKUTHGSZ
b9d4d763-0e29-4914-8e6b-4e4ae248d3e5,786TLHSD9A
cb66a5d7-894b-4105-85cb-cc59df8349f4,77VHD5QDET
87546f22-f1c0-444f-a9f5-3c65b49cf5d0,ECBB269M3U
16d08528-9aa6-43f0-921a-3ab0cb76f2fb,5441JTO25H
949406f3-e73c-4e39-abbb-23a7e2350904,QJKMWV3I8P
79d8285c-2d72-4469-afa8-0bd60445527f,7V6QR0VCC0
39231ded-263b-468a-a780-b50c43515109,NPK977AVRA
a30eb980-4d18-482e-a040-b70e3a7e6ee1,QKY8VJ1LT5
7a56fbef-d6b9-45d9-9443-fe4f5963bad9,KAG9LH157V
5be1776c-195e-45c4-b565-cb04ad7b1901,VQQFBFMJ5X
698e71f2-9d33-457e-a9eb-3b604d92f696,IOIWKN8FZ6
7e4692e3-f0a4-4ea9-a2ab-50be18e91dfa,P0W3C15JOD
4b622fd4-86c6-4560-a3d6-db253336aee1,F438GPKJRM
e927ab8a-70a1-4170-8fee-a5efe36f7171,J5G8AYKAGD
9c1587af-90eb-4d47-8db7-cfcef351fc48,9B1TEGFQVZ
a063f7e3-85d2-47c4-b118-9d420c035c0b,MAWDK7WTL2
739174a4-4e36-493c-83c6-afe387f46c48,86HJMVYII3
647b84e1-98e1-482d-8073-d27275e3ed37,MTC86GW9ID
f8ded2f1-4d54-4cd3-8ca3-9420a4385750,2ZMI9KHU7J
b6110831-7dd0-493e-90fe-ab4942c8ac56,8RZ51L89B3
cdbb24fe-6bd8-4405-9640-5a6a2baa4246,MCIG005Z5M
8349827b-46b6-4b7f-bf67-b5d2b62d32be,00RZBQE0ED
cf9ecb6b-da8c-434b-b96c-2a0ea8468a83,96Q5J1ZDDT
fb9a159c-0c12-4fb2-bddf-14396ca891f0,ZQ98P9K740
2c7eb7f8-260e-4dd4-a356-71cf29a93308,1VMIIS317K
4f90fa04-fee0-450b-b58c-006535ae26df,VG1JNNTV5M
1595e889-7853-4165-a66e-1a0a864a3dce,MGMGTQJGXU
8f8940c0-a1fe-470c-ac4f-d49a2025c223,OD4KNJ6UGH
a39e84b2-4936-435f-9583-65022a7ad4e7,WEPSS57M3C
2b3b0621-4aa4-4088-9942-6a2bc55507d2,YDJYQ2C8IT
85e9a6f0-e9e4-44c4-b2aa-a8366cd9dcc7,RXD7RH0RC4
ff681347-0f3a-4c3e-83e3-7f9df74c43fa,Z4PTSOTTM6
5dba538b-dae9-4e90-b0aa-78aecd276dad,NZ70CLQJXO
0b0694e1-059c-409b-895b-c709e02ad257,SPPNUPDIRB
09d45f7d-60f5-47f5-9f41-b2f5dd7c5d3e,8U9V34V4UB
4b4bb6cc-ba0b-411b-b636-853198e6f569,CMFBETZS61
96c05f81-a260-4ec2-acde-875aa20811ca,S4HF0T525V
3d5e5fc2-f7db-4df9-865c-b4bef071cc81,JMPA82O5UX
949dcbd0-2ca2-4176-a32e-8593cc7d0cdc,89T0PIVV7P
9d6c32fa-37e2-479e-a412-9a72a9644a06,T2MN4JCAHX
2349b75c-f711-4e71-9d8f-9878861bbb94,H89PGTDLI7
cf4ce94e-7e24-4ae2-af7d-937e911071d5,EXUU0IO69N
59255b72-9d42-43f5-824e-f51af2007c11,6GXKTX9HOM
8cf7518e-6ecc-4917-836e-5105460980be,9VW9ZMPDGF
1269782a-03a9-443b-9d29-86094b44ec40,S2IBUSVDSH
42bed146-df28-47f8-8f30-7ad6c9a44ef4,GGXAS7BEL6
f5379d7b-69fd-419b-b795-751b122a16e4,53BCZ6D7VE
2a1e1c2d-87e0-49cc-88e2-f5cffbbdca90,05M5685VGS
24084031-357c-4253-b2b4-03e902f07f74,Y6LYCZBPU1
e0facd80-3ee8-4269-9367-45814a46ae3f,V1JQTBCS28
f36febeb-f0ba-4fb0-aebf-01cd63dba0fc,JBBJLUF66K
d70bf22a-e7b8-491c-b855-161e5162368a,0POHFTA6YC
ca57a090-24ec-4320-bdb3-b67f204f50ea,KWG29Y0ULD
42182cc7-c895-4340-a1b4-603690ca57af,EF99WHR80S
d43d22c1-7001-46a2-8a60-f21eea0d9ef8,V3KASD2E4Z
64fb1a2e-1775-4c6a-96c1-c11983a7837b,2PO2NEWCXR
3754af15-428a-4d14-902d-3d3a2da91d6f,O6M68SUQMF
87555ca5-1517-468f-8b1b-a78ed24a395b,UAHNQK943K
d9ad7171-0c45-45b5-b1c9-d04ec7b88e13,6FPS6VC8KB
8c95b158-f451-4ba7-ad83-15c637910b5d,ARROPSP6RV
55fb9c0d-6d75-4a3c-b579-fededca915e5,13C4ZTR3NP
97318801-218b-4b46-866b-6a8d917e56eb,5J3IN5JNKO
d9760fe4-c531-4981-9c46-c19866f8eeb0,8P8M5DFXBA
653bb5d1-ffab-44fa-b5cd-13352fee8525,TTBCYRROVF
d5576d31-5621-433c-a8d5-480bf6f89333,UGTCC7IN5M
127ede7f-6f40-4434-a7b7-45feb63a398c,6I9ANZMMXA
82c190f4-d138-4f0e-bd40-041e9fb035de,OY91FQHI6K
313f07e7-d9a3-4e71-b8d2-dd868ccb68af,QRM1QXHNPJ
0f2cce19-8263-49b7-9f3f-b07550eeadaa,EKJZJN6JVC
ca09a9e9-59be-4c90-9628-edd592fb681e,RQPUN2QXT2
8ef90a70-71a5-4d81-a200-18ea61b2bdfe,BNJ43CLKLX
f2d8c887-0e29-484a-8858-e139c837d275,4D15EU1KZ6
33c94861-f15c-4104-942e-10942ebfcc50,YD7PT3S6LT
e0720b32-07d8-46b7-bacd-a72efdcd0732,4TBU4AEDXX
b02f0fa9-734e-4029-9b2a-c5d59e3a6632,1UETI1BO0G
636c1500-2c7f-475a-a7f1-e134b14b6ad3,PCD7B4ED1V
09272d19-e8d5-41ea-b9bc-662e971de95a,PI81MKS5EC
1629ff22-99c7-48a9-acfa-35ca516f0734,MUWTOR9WFN
c97c40ba-3db4-465e-8107-a9f8f0fe72f2,4B7DVSVDDR
f3654b3b-f197-4643-aaa8-c277761dccf8,TNLG51NAUP
228f5ce1-dd9f-4c96-bdfe-7434e7e81f30,UDHP3N3QIV
fe507122-a4ae-4fc8-b5ab-8539e7fc0447,9XWY7KO626
d8dc17bd-74a4-4e51-9244-fd5a2d81632e,25NYWBII3F
e558b71e-4300-4746-baa2-ac619c4d973a,FTG0LX27XF
c03abd0b-8694-4562-8b7b-b398e04e9676,Q4ALDXJJKJ
cd458d64-9bef-4392-8e47-ca32983be8ce,4JC03M4SFN
b1ccf7b3-0652-43b1-b909-83fd0b884901,EH0YW93VHA
dcf68d0c-5166-46ee-b8d7-1dde55c891fd,NYF09RAZCC
64defdb3-7b93-4f63-bfb6-4ad9666c4363,3T26KSG1HX
4f8bdf3c-258e-4c3d-8716-78a277f37430,P4RWJ4C4U6
645373d6-7b67-4467-90a2-f77a82f04a6c,NNLZVJYW8H
e5ba9da8-492e-434a-ba7b-fdd75f971946,YVXIJ5L8OC
a9375368-11c7-4af0-a425-2b688057ba9b,1RB5NH9QAT
c2b70cd0-0334-420b-a896-7e6a599caf65,U21Z3HPHUB
9bb9db7c-8ba1-412e-962c-704c444b1934,V6PQ30KBWP
41e4fc4f-fa8d-477c-b7e5-491d7f85c1ea,5N9AYRYF2Y
04312b8b-7847-4d83-bfd4-d748a359140f,C4K3IE9EX3
ac832c34-c2a7-472d-b715-c67e7f027abf,CKBQPRGQCL
7bcacc7e-6ba8-4ed3-af6b-511a80d5167f,TQ9EMF1D43
28f4b2b8-7270-4aa6-9bd2-790ea22d0866,2MCH7Y3374
c3d9f9c6-bdff-44f6-a1d3-03681a2dcad6,VZDG7F6JO4
b91ca487-5036-441e-804d-dc96b85c5513,3ERCQK38WJ
b0a362b3-fe6f-4b1b-a184-aaa6cccc4f01,NHPF5TBXW2
0bd75d42-6aec-4882-82e8-308074b374f3,K7SAKYOYOE
545fac07-e79d-4014-aaa5-f92a1603e0ce,VHU2G61ECN
12483fd4-32f8-4778-9250-960e71f4c552,81EKJ1NY9N
fcf65742-45ac-4f9a-9e2e-b81afc4ebddb,GKATIT5ED2
38765d39-e603-4a74-87c9-757ff1bbedda,7G1BSXTP6S
7fad396e-c5d1-4ffb-8dcd-93605f5b8023,H28KB9JVAL
1d432a8a-7005-42da-8751-b6ecb52a70aa,PHHLN43UTK
968a936f-d0c2-4aa7-9fea-517d5228f70f,B9UOIT6OD0
1fec6300-dbbb-4a08-9573-f7568d06f751,HYAYCNFRJV
8c81928e-fc0f-4fd5-9f43-e8da54ce975b,NZAP0CHMMZ
56754a79-819f-4486-b031-0fb1fd42095c,KDQ3ZOZFJD
eba215e0-84ea-46b2-a612-1cefe9c885e1,Q0UOK8HAEU
2e5b5ac5-3c84-4e61-a767-5ebd692f1acd,9BCQSASE2P
57e86522-84bb-419e-a705-6548e8cc6f21,RIO8UTWQEP
793c7f5e-fb54-4fd8-9f19-11ce159ab839,7JS1HH9232
c433ca99-8fc0-4210-96af-b3136cfc88e4,BZYWRJ7WV6
7ecd5c3f-39c0-49b0-b02d-1b78b45a2d8d,ZHY9J5EUA6
8095166b-bcbe-4db5-8a3e-844e4f07e37e,XV3J9MPYFU
8af602af-9c71-4e53-982d-0a2b5eb69617,1MV63QNB04
820979df-4516-47ac-8529-e6db3f9cad48,LPCWBM152R
0045d76b-491f-4b15-865f-a007dee19f64,AIZK673F4B
8e2ba01b-b58b-40b1-93d8-d70b614f40d2,LRFYAU20KO
e9e5c8ef-e08e-48eb-8bd3-34292b4fa138,7TOEHG7J1U
6d41fdf4-893a-4498-ad4f-ecf8a64c4c0b,GGISCEPAF9
5de62996-4529-458c-88dd-87863aec955c,SSRCTQ30O3
1804321f-0c32-4348-bac6-03fd9c06c636,E0BRI2IY8F
1c97b626-51b1-47d5-9a79-976f2087f770,FI28F91SV0
377dc67a-492c-4184-ad3e-5a6f56c017a7,GCZ8X38J37
98411d40-400b-47ff-a174-27aa941ce0ed,HNMXK6WCJE
c875f710-5697-4999-9ac3-8f5747935999,S58LPZ9H0Q
37b8d9a4-0f77-43dd-9e0f-0971dbedc0be,0H7ZZCGQSC
78c13f5b-3c11-4e36-99a8-bb1d7afd6ea1,5GDCE5ZRD1
47001bf6-19de-4137-a3ce-6ccb414ef76d,K0EVFTS3SS
be1638ee-d353-4bea-bb2c-035ea6e3581d,VHTEK2H4EV
185f257e-3aad-45c8-89f5-65eda4940eea,GP3ZG2KIN5
8b7af6a7-ead3-4d47-98ed-7ac2a4bc95c6,M0HRQGLW41
e92585b7-d2dc-40b8-9031-4e170457cdf5,Z9D3D6AILG
cdd0eede-0243-40a6-bd10-f508e33d7544,DLON7RTW3M
a58ccb51-940f-4875-b6df-d388a32196be,SKF294DZSI
7cc70535-fbab-4f53-83e9-daa0d54d088a,LNKEU5HI6R
da539cc6-8a41-44d0-ba96-7935cc6f0b19,RW4W5THKUF
ce4acbaa-713b-4517-88f9-25e3f1fdf99c,38B8VUARXU
d5c704bf-0b05-4776-846c-baf24faaa13b,JXELUXUJGK
aec7be9d-7524-4921-8c1e-58190477e6f3,CCBNRZIZYN
c0473e8f-14aa-4936-a155-9be8ebfba9fc,X30BZMJHAG
3d18d314-0620-4d8a-80db-730b492b1d77,GKCZGY4BTD
5f87a3c6-1339-4f7a-89bf-26ebe5db8aec,3MVQPEM07H
ba55d6f6-185e-4b1e-a74f-b0d764a8c076,IJGGM51HI7
a7fd4c2b-f6c3-452a-8aea-71f14e63593b,YQ0T3BFZJV
94786b69-d7c9-429c-9483-ff668ca833bf,ZRD4SG55DM
00ccb5f7-f424-4624-b24a-3b47dc464585,XGHDT1ET8M
93b933aa-fdd7-46b7-87fd-8e2536360aae,AJQRBDWXAR
6e015956-147b-4396-9b8f-0281c753086b,4NX224IRM8
8dc2bddd-5a9f-4a18-832a-726ed7d4d2ce,HH7FYL542F
48899435-4eaf-4c04-befe-e4ff0b5c5aba,1NT1AP40SQ
dd00dd86-acc6-4a35-8c58-ccdaf3fed3fd,A7HT1S30FQ
b6e5fb4e-b972-45e2-a5d7-99663ef15f19,2MKPIAHQCF
f20071b6-7af9-437c-b47b-a34af8c44779,4IEIZN61RY
91c99d24-727a-4f5e-9a33-252728fbf968,VTNMVIPMFR
4c660ae9-61ea-445f-8e8a-5d5599c512c1,PQRX4I1YKH
8145a02d-4895-4043-a3e7-34ea5aea8c7c,7RBS6F9UQQ
32ea1b69-aea7-4cd3-81ab-fb2165ebeaad,9FR6KLI5G9
2bf9de5a-bfc9-4de5-a86a-09d799b21083,M9C7IV00WD
63084350-f3a8-4ad2-8037-052294ee3b00,HT3JN4I4B4
32b26d4f-59c0-4f20-846b-501bca81e83b,QQGJBPUKQG
c5e6b6ea-4307-4e7d-a8ad-375f690c04d1,F7TJX48LWJ
fda0c7cb-6710-4c50-be05-1dc9e88d1159,SI5YFLDED3
34e31d17-3b0f-430c-88ba-4b1601015ff5,LTUFIQW3C6
8c47fea9-0b50-45a1-97a3-d62515628258,BD4HFOKTZM
c45a1c68-0651-4e81-a996-6b044ae3cccd,OVTA3Y27BU
9c4e0b08-c418-4064-974c-716c34bd04e3,KBUWDQAOGZ
f064de35-c5c6-40e7-8ae9-dd8497504da4,8VKPWO5493
ca10268e-3ffa-4f48-980a-1c89beccd792,4KHSPNC6OE
9e095859-32a1-47c9-b877-e45532494cd7,J494ZE17KL
5ab13288-dda0-43b5-8148-d1e8b6119494,R904RSGUAC
b1449f2d-4a6f-49a7-95ea-bc9803adf7aa,76ZLLIUWC1
2f80a8ed-78fa-4793-8c37-e5bc45fb463c,K93CNV0EGL
d0a9c03a-1fcb-4dbe-8a9b-088fdf4f9cde,W1V6WLAAN9
2e624751-25f9-4927-bb2e-1f731346cf0b,VYVXCIE1G9
87945ea5-06bb-46ac-a285-d5fae7c9ec07,Y4CMDARNOH
097f676d-14f6-4c40-b23d-e03cd75601bf,W6AKZH5PBA
24860364-548b-4f12-a983-896c39182c46,DJRO8OZQVH
cd886f71-4900-4670-905f-d68105839521,YYCU6BSA0O
0bd92850-b527-4f3d-bf18-f4116ea12354,OUJCVMWUZO
828a5e2e-2182-435d-ad19-e663cbfb5890,01AYEU0CFJ
f0202029-310c-43f9-b908-f41634562879,4ZOK71Z948
c23c7724-8753-468d-ac29-7fbccb554c34,JIFYU0D3O9
15e48f44-ffee-426f-96d3-d89e84c4d5fb,MJAJAWT2SL
59f5b700-a27c-43b1-9c4a-2f3ad6fadd76,QJDXFEE100
72c91761-2b81-4a32-9252-f11c4f67b650,Q47I61XIE8
d9c9e577-948e-4aa8-915d-697ba1e627b7,ZRPMMO2FJE
80d863ab-bfeb-476e-8537-b0694097405d,N6Q3M8AKBN
6f8fe8be-1913-41d6-9b11-8c31a955a39d,3WS2CB9EC5
04fa88d3-5daf-40a4-838c-d3ffd97871c7,LV8R9KMW8Q
9985a71b-0d2c-48ab-aa88-4a192f020545,XH38TZ8C6R
8d174b4e-55c3-4e75-8a07-f9abe231ea85,6A5WC6RM3H
baeddbe5-3008-449a-bc57-17a98317e73c,ZEYLNPPQFU
6ccb9c91-44c0-407d-9532-b9c2b46a743d,I8U4H25NI2
6adb98d1-cc27-4696-b9c3-e701d670f999,IIT7AYT5NL
fc4aac2b-7d5e-4dcd-84e5-1465c961bd2e,IFQXHRC6BN
ab7dcc99-9dd2-4e0b-aaf9-9c756cd56aa9,CFZF6QSHBM
b2f7c9aa-5265-49f5-8512-9a2857f144e7,7G6DEY54RP
3e820993-1da9-4a10-94ac-5ab3578d1fc3,XM78WENNH9
8cff8c9a-da4b-45d5-852a-ad884e4b387c,C4VVJ2Q3DK
f68d2bdf-bda7-4926-b56f-35db87c2aba1,BPP03PHES2
da62c1c3-6a5d-4f9f-892a-f1ed0fe31463,MJG4HFBPYU
9cca8e87-01c2-46ea-87be-2ee1ffcf1d52,NE3SBYE9LZ
dad5d3a7-8d1a-4d47-9192-4c87b622a142,W41O3SS4OG
c751da51-4a21-45f5-bd41-b229874c9e94,Y2E7K4YSLT
ee86015e-2422-4973-9f49-9d0ca8c65f15,CLGHMWFBOW
bcc091eb-2672-45db-bbb0-fcd638434d33,SJ9WT3UXXO
62502fd6-58c6-472d-bc59-6839a7ca6e3a,GV2YSUEWVC
11ae5821-b611-4cad-8d81-a6ed14d0207e,4RKQZVA0TV
00554475-e028-4bd3-979b-9c6667db6387,UQYHJP7Q8W
41c0bc06-3702-4f88-a862-d1e1757e1589,FX0VUJIM56
9f0fbe13-cd77-4c30-9db2-c960d7910747,RZIZUBLNU6
b8090a5d-2810-47da-82b1-a2d4480a3a5d,NY753OQQ78
24cf42a5-b9a9-4010-9f3b-d69da706bb86,NVEDEMWHI9
6e2a387f-d2ca-4643-b679-1a64bb442bf0,YYVCSTE6LT
f0690ee0-d46b-4a44-8b1a-ec32f2914d7b,F5V8NOGP0W
25fa635a-4b10-4dcd-9296-e63bcb4e669d,D26WDE399G
578bc991-3773-4679-aa5f-e7d46db1a0fd,RXWM3SMC4H
8862fa65-ada2-4ff4-91ed-e8c3555df935,7TP3VTIJSA
b2dd55f3-d819-4d95-abbd-33dee401524e,NJ0COP0R7I
c2151d2a-080f-44db-b466-09cde285102d,AZL3NSY2KY
0b0cd0a6-9caa-4730-b5c5-b700a8a1e948,9A0K7WKOSA
e45f35be-b068-49eb-8437-32a33fdabfcb,CURU6Q0KVX
e0598402-d752-4dda-8b1a-ab7164aebc00,DDX4COOF9F
4a38dea2-2346-4468-87a6-cbb2bbf94c5b,QTNNS1YH2Y
67b9f1ce-82fb-423d-a81a-3f56980cff3c,95ZPETP3F8
9f1f1c33-a6b7-4a57-9239-3e6e31fbdb06,FA2ENLXIUO
794a4d08-2fac-4c82-bc7b-cf3a8d110750,0ISUGN5DA2
1d74929c-919e-4345-afc0-5f042fd8ddf5,5B1WPREAY4
685ff615-fdb6-4b57-9af3-0719c78fe401,64WKAVZ26R
10c83c12-aa40-40ea-abf8-50ede928cfe8,2HUCM4JPUU
95bca595-391e-4fcc-b526-484173b04e50,BETNXZ7XJM
3489f61c-8b4a-4d0e-98ad-6da2cf4192e7,HLQU13K379
8f9db315-39c0-47df-a966-57ad5665c206,PAFW8G89W3
8e59d2b6-b4dc-45b4-b7aa-7ae3b98e0518,8MS21XCEKQ
108c173e-3e1c-4432-93bd-1e80a17e6f7c,RBZ61PY5PK
59b4adc4-143d-4eca-9721-bbe3d36edbc9,YWL6T8E3HZ
05143439-8c8f-4fe2-bd14-cb91f2258b9e,FWLK5XBJY1
520f57ad-9745-4941-a598-1cef9876c8f2,LR41UJLTSC
38e8ee3e-c7cd-47c5-acfa-9b6804419dcf,KEK9IXPEJL
0455a7db-fbb1-40ef-905d-0c5c0aa48fde,AJ1KCL0GIF
34e03726-367c-4738-84da-bc06312a1847,RPHM2RIZD9
74cc009f-fa6d-4c43-ac2a-13c207df6598,INMQW1K9JP
e2883b9a-8ab5-440c-8050-283b5b332d42,KD4P4QYGR2
dabc3338-e448-4683-ad8e-e61ffa1fec92,9YFK4DZUHZ
8ff61b5a-0bdd-4c60-8ccc-4df9ce79c91d,5ZKNFR7V3W
52127a94-e658-482c-b3d6-a663de5fbda5,DX1FTS2OA1
67766b7a-0e50-4405-80ea-f4b206ba4d60,E4E3EZR8L9
b6bcdbe3-1fbd-4228-b44a-2453334c267c,ERYYRE3I22
ce56699f-1728-44fd-85a3-4f0473001476,0DXY9GYDE9
d7aef2d2-fc27-4bed-ae38-4e912668d4ca,PKJDJ8TAE1
dd1e4d44-ef2b-4c30-b37c-c2e938c9bfbe,K1HF2AEMPV
0d78343c-05a6-43ce-ad01-921b6354dce8,ZTDS3XLSRT
97fe3f39-ddf7-411d-ae82-bbfbcd3ff2ca,ODIQSMT7R6
3e2c06b8-6f5d-4d2a-b906-d68a8f053dcb,F2E11I33QQ
a02c856e-d4dd-41ef-bc73-aacf42295cc9,6DV181Q99M
bb6d68d4-7e05-434c-850c-ddfc57c8cbce,WH8KT5LEO5
3ff75914-9ea7-4cc7-9edb-bd388290e478,4DKQOE8MG5
1b4e0322-e636-4475-a20a-c9d490cdeab1,QNP96MOVYU
c3e0fd43-0b24-4156-8e7e-31edaa4cff5c,CMP0BMFG4M
1e3f7171-b6f2-4d60-8af8-590ff12a628e,CP48519FKL
784ed235-b51b-4dd3-b8bf-7d9279b1063a,WG2GNAO8LW
298f3292-6319-4c6f-b4eb-f5af098ab942,4DRUM9RBZK
9acc4297-1713-495b-85d5-60a872bd83e0,QD55B0T8FH
3d56015c-13f7-4f1e-81b5-2d407c1a9217,AWA83PCLDM
ccae9728-6ef4-48ef-9d35-6ad3756d7246,73ZCP3RNAZ
4b1be1e7-503b-4e62-9673-a536e3dc7dae,6R2CN35RGE
6665f16b-25b8-420f-8667-0f4a436a9b37,Z4Y63DLEJP
6dc0bbd5-e995-4c6c-bdb8-8a92ff7f47c4,D5J4ZHRSBF
9ceb8ced-5cee-4c09-af74-670172e3e656,JEJWA7P073
a5146f95-7016-4740-ad9a-db4de2c28ccb,JJHFC58ZUG
d72d1e83-fdb7-4a64-971e-cf31d946459a,LEV1J3X8DQ
549ad1c3-328f-415a-a3b5-94b225334d77,8PUSAZBTXK
4f60482f-52af-4ceb-a182-35c359d3d228,FYDSCYWJYA
3d7dd647-31ee-4fcd-9c55-b121f629ca81,WE2UHE581N
25b38e94-162c-4278-9338-771e05d4aaa5,30SKFPOLDI
a3fded97-e2d2-48dc-a348-fe4e4fd9cc5a,6NNLNZ1YIP
142f50c9-56fa-4042-8a88-7f31fd10b179,N2RGYZXN0N
f169e70e-83bb-48f7-a59d-364564d81327,XWKJHDQ9OO
c12137f1-371f-4677-bd77-feb14bd20476,3VZGEL02JN
b276ff77-1c4e-4cf5-b459-36f5b517507d,QZPZ2605L6
65dfdda2-6bdf-4db6-9d0b-527723a8051b,0S0M1Y1HSP
d72023fc-2e8b-41ee-be56-14717340bc92,BJUGD44XSD
60c546ea-2e39-449e-bf0d-e8d026c8e170,RGO0NYH90X
53c9058d-90e4-4423-accb-d8f357b43c5b,FHP3FY1RLL
3eaeab85-4687-4289-80e4-ff7d181b51bf,VZ0BD4HJL4
977733db-8b84-4a89-a85b-84746633e745,8UL2V9AHXK
aa9f33fe-59a0-4ce1-889a-0574c86730e7,GMW9NCOFA2
8b8d87f6-9115-4400-a28d-098703c6644c,H49ON6E0DH
b673087c-055d-4a24-8ab5-264328ef8064,647V5KLI8L
ea58ccbb-5e3c-4375-8880-e60efb8642fc,LKUXGDNRQ9
3d3292d7-f728-4b18-9d85-0fad2e5db215,DWT1LOHJ2Z
03d29c70-71d8-424b-9df3-7d2566b8c3a9,A2TNL7IF8R
b0df6206-578d-494f-bfc5-bfb12100c159,YU2R2YV3K1
32bf1454-f6f8-4f89-9222-05bb1fa06b63,IS50TZROD2
8bdc4bd1-d839-4cc5-ad03-413ae3bf2b61,W2G1CVRVDI
0fbe8201-450a-4114-82ec-8d41a47aad34,DGP9FZEVXT
1dba21a5-c410-4775-aaae-53acb938fc74,PSBP4Z9JRQ
3838d939-b030-4ef1-9a18-063b3e3b638f,W3IKZ36F5A
c36941bc-7f7b-40c3-bb63-7aff75cd487b,TQ10OW4RSV
